"Address","Content Type","Status Code","Status","Indexability","Indexability Status","Title 1","Title 1 Length","Title 1 Pixel Width","Meta Description 1","Meta Description 1 Length","Meta Description 1 Pixel Width","Meta Keywords 1","Meta Keywords 1 Length","H1-1","H1-1 Length","H1-2","H1-2 Length","H2-1","H2-1 Length","H2-2","H2-2 Length","Meta Robots 1","X-Robots-Tag 1","Meta Refresh 1","Canonical Link Element 1","rel=""next"" 1","rel=""prev"" 1","HTTP rel=""next"" 1","HTTP rel=""prev"" 1","amphtml Link Element","Size (Bytes)","Transferred (Bytes)","Total Transferred (Bytes)","CO2 (mg)","Carbon Rating","Word Count","Sentence Count","Average Words Per Sentence","Flesch Reading Ease Score","Readability","Text Ratio","Crawl Depth","Folder Depth","Link Score","Inlinks","Unique Inlinks","Unique JS Inlinks","% of Total","Outlinks","Unique Outlinks","Unique JS Outlinks","External Outlinks","Unique External Outlinks","Unique External JS Outlinks","Closest Near Duplicate Match","No. Near Duplicates","Spelling Errors","Grammar Errors","Hash","Response Time","Last Modified","Redirect URL","Redirect Type","Cookies","Language","HTTP Version","Mobile Alternate Link","Closest Semantically Similar Address","Semantic Similarity Score","No. Semantically Similar","Semantic Relevance Score","URL Encoded Address","Crawl Timestamp"
"https://endeavorfg.com/","text/html; charset=utf-8","301","Moved Permanently","Non-Indexable","Redirected","","0","0","","0","0","","0","","0","","0","","0","","0","","","","","","","","","","61","61","61","0.009","","0","","","","","0.000","0","0","","0","0","0","0.000","0","0","0","0","0","0","","","","","","0.476","","https://www.endeavorfg.com/","HTTP Redirect","","","1.1","","","","","","https://endeavorfg.com/","2026-06-19 18:34:22"
"https://www.endeavorfg.com/","text/html; charset=UTF-8","200","OK","Indexable","","Wealth Management Services | Endeavor Financial Group IN","56","534","Endeavor Financial offers personalized planning and retirement management solutions for pre-retirees & small business owners seeking security near you.","151","949","financial planning services​, small business owners​, financial planning management, financial planning and wealth management, w","128","Growing Cash Flow in Retirement Creates Control","47","","0","About Us","8","Our Services","12","","","","https://www.endeavorfg.com/","","","","","","116414","31087","31087","4.607","","532","119","4.471","59.972","Fairly Hard","3.735","1","0","","378","187","0","100.000","65","35","0","9","9","0","","","","","93b9eb3fb9be15be47177b87e7975ec6","1.814","","","","","en","1.1","","","","","","https://www.endeavorfg.com/","2026-06-19 18:34:22"
"https://www.endeavorfg.com/sites/endeavorfg0425.us1.advisor.ws/files/dynamic-styles/908d0c8c-02a9-43fa-9161-a013f52487cd.css?tg0mv6","text/css","200","OK","Indexable","","","0","0","","0","0","","0","","0","","0","","0","","0","","","","","","","","","","0","0","0","0.000","","0","","","","","0.000","2","4","","0","0","0","0.000","0","0","0","0","0","0","","","","","","0.061","Tue, 02 Jun 2026 17:49:55 GMT","","","","","1.1","","","","","","https://www.endeavorfg.com/sites/endeavorfg0425.us1.advisor.ws/files/dynamic-styles/908d0c8c-02a9-43fa-9161-a013f52487cd.css?tg0mv6","2026-06-19 18:34:25"
"https://www.endeavorfg.com/sites/endeavorfg0425.us1.advisor.ws/files/styles/raw_banner/public/images/displaying_autumn_forest_in_water.jpeg.webp?itok=PSr7T0Zn","image/webp","200","OK","Indexable","","","0","0","","0","0","","0","","0","","0","","0","","0","","","","","","","","","","753350","753350","753350","111.646","","0","","","","","0.000","2","7","","0","0","0","0.000","0","0","0","0","0","0","","","","","","0.107","Mon, 15 Jun 2026 22:40:28 GMT","","","","","1.1","","","","","","https://www.endeavorfg.com/sites/endeavorfg0425.us1.advisor.ws/files/styles/raw_banner/public/images/displaying_autumn_forest_in_water.jpeg.webp?itok=PSr7T0Zn","2026-06-19 18:34:25"
"https://www.endeavorfg.com/sites/endeavorfg0425.us1.advisor.ws/files/dynamic-styles/root.css?tg0mv6","text/css","200","OK","Indexable","","","0","0","","0","0","","0","","0","","0","","0","","0","","","","","","","","","","0","0","0","0.000","","0","","","","","0.000","2","4","","0","0","0","0.000","0","0","0","0","0","0","","","","","","0.105","Wed, 14 Jan 2026 10:55:35 GMT","","","","","1.1","","","","","","https://www.endeavorfg.com/sites/endeavorfg0425.us1.advisor.ws/files/dynamic-styles/root.css?tg0mv6","2026-06-19 18:34:25"
"https://www.endeavorfg.com/modules/custom/aw_preview/css/quickedit_adjustments.css?tg0mv6","text/css","200","OK","Indexable","","","0","0","","0","0","","0","","0","","0","","0","","0","","","","","","","","","","0","0","0","0.000","","0","","","","","0.000","2","4","","0","0","0","0.000","0","0","0","0","0","0","","","","","","0.100","Thu, 19 Sep 2024 09:40:33 GMT","","","","","1.1","","","","","","https://www.endeavorfg.com/modules/custom/aw_preview/css/quickedit_adjustments.css?tg0mv6","2026-06-19 18:34:25"
"https://www.endeavorfg.com/node_modules/foundation-sites/dist/js/plugins/foundation.util.motion.js?v=6.5.3","application/javascript","200","OK","Indexable","","","0","0","","0","0","","0","","0","","0","","0","","0","","","","","","","","","","0","0","0","0.000","","0","","","","","0.000","2","5","","0","0","0","0.000","0","0","0","0","0","0","","","","","","0.105","Tue, 27 Aug 2024 21:31:23 GMT","","","","","1.1","","","","","","https://www.endeavorfg.com/node_modules/foundation-sites/dist/js/plugins/foundation.util.motion.js?v=6.5.3","2026-06-19 18:34:25"
"https://www.endeavorfg.com/core/misc/message.js?v=10.6.7","application/javascript","200","OK","Indexable","","","0","0","","0","0","","0","","0","","0","","0","","0","","","","","","","","","","0","0","0","0.000","","0","","","","","0.000","2","2","","0","0","0","0.000","0","0","0","0","0","0","","","","","","0.094","Wed, 15 Apr 2026 16:19:28 GMT","","","","","1.1","","","","","","https://www.endeavorfg.com/core/misc/message.js?v=10.6.7","2026-06-19 18:34:26"
"https://www.endeavorfg.com/core/misc/drupal.js?v=10.6.7","application/javascript","200","OK","Indexable","","","0","0","","0","0","","0","","0","","0","","0","","0","","","","","","","","","","0","0","0","0.000","","0","","","","","0.000","2","2","","0","0","0","0.000","0","0","0","0","0","0","","","","","","0.106","Wed, 15 Apr 2026 16:19:28 GMT","","","","","1.1","","","","","","https://www.endeavorfg.com/core/misc/drupal.js?v=10.6.7","2026-06-19 18:34:26"
"https://www.endeavorfg.com/category/estate-planning","text/html; charset=UTF-8","200","OK","Indexable","","Estate Planning | Endeavor Financial Group","42","382","","0","0","","0","Estate Planning","15","","0","Contact Information","19","Our Locations","13","","","","","","","","","","127541","30627","30627","4.539","","621","164","3.787","65.125","Normal","3.862","2","1","","104","47","0","25.130","112","45","0","8","8","0","","","","","66ad8a6907b1d38e18fa4213062d088e","1.239","","","","","en","1.1","","","","","","https://www.endeavorfg.com/category/estate-planning","2026-06-19 18:34:25"
"https://www.endeavorfg.com/category/family","text/html; charset=UTF-8","200","OK","Indexable","","Family | Endeavor Financial Group","33","301","","0","0","","0","Family","6","","0","Contact Information","19","Our Locations","13","","","","","","","","","","124194","30356","30356","4.499","","578","167","3.461","67.347","Normal","3.683","2","1","","101","46","0","24.600","113","44","0","8","8","0","","","","","f0be313def205ffba7d70568152dd909","1.843","","","","","en","1.1","","","","","","https://www.endeavorfg.com/category/family","2026-06-19 18:34:25"
"https://www.endeavorfg.com/our-process","text/html; charset=UTF-8","200","OK","Indexable","","Our Investment Process & Services | Endeavor Financial Group","60","555","Endeavor Financial's bridge Process offers a comprehensive analysis, tailored wealth planning strategies & continuous adaptation to achieve goals.","146","908","","0","Our Process","11","","0","It Starts with You.","19","Contact Information","19","","","","https://www.endeavorfg.com/our-process","","","","","","86731","28211","28211","4.181","","389","68","5.721","74.455","Fairly Easy","3.740","2","0","","344","187","0","100.000","25","19","0","8","8","0","","","","","e74b469600a195a7d5ca7b66c8c3b79f","1.751","","","","","en","1.1","","","","","","https://www.endeavorfg.com/our-process","2026-06-19 18:34:25"
"https://www.endeavorfg.com/products-services/highly-appreciated-asset-planning","text/html; charset=UTF-8","200","OK","Indexable","","Highly Appreciated Asset Planning | Endeavor Financial Group","60","549","Significant wealth is often built through ownership of a successful business, concentrated stock positions, investment real estate, or other assets that have grown substantially in value. While these assets can create tremendous opportunities, they can also lead to concentration risk, liquidity challenges, and complex planning decisions. We help clients evaluate their options, diversify strategically, create income when appropriate, and integrate these assets into a comprehensive retirement, estate, and legacy plan.","521","3160","","0","Highly Appreciated Asset Planning","33","","0","Highly Appreciated Asset Planning","33","Contact Information","19","","","","https://www.endeavorfg.com/products-services/highly-appreciated-asset-planning","","","","","","84447","27595","27595","4.090","","177","38","4.658","53.460","Fairly Hard","2.515","2","1","","191","187","0","100.000","24","19","0","8","8","0","","","","","4f4078191e99f33b40d6d387a6c8fd5a","1.791","","","","","en","1.1","","","","","","https://www.endeavorfg.com/products-services/highly-appreciated-asset-planning","2026-06-19 18:34:25"
"https://www.endeavorfg.com/modules/custom/themes/js/menu.js?v=10.6.7","application/javascript","200","OK","Indexable","","","0","0","","0","0","","0","","0","","0","","0","","0","","","","","","","","","","0","0","0","0.000","","0","","","","","0.000","2","4","","0","0","0","0.000","0","0","0","0","0","0","","","","","","0.142","Sun, 16 Jun 2024 15:31:27 GMT","","","","","1.1","","","","","","https://www.endeavorfg.com/modules/custom/themes/js/menu.js?v=10.6.7","2026-06-19 18:34:27"
"https://www.endeavorfg.com/themes/custom/aw_core/dist/css/card.css?tg0mv6","text/css","200","OK","Indexable","","","0","0","","0","0","","0","","0","","0","","0","","0","","","","","","","","","","0","0","0","0.000","","0","","","","","0.000","2","5","","0","0","0","0.000","0","0","0","0","0","0","","","","","","0.153","Thu, 28 May 2026 12:43:38 GMT","","","","","1.1","","","","","","https://www.endeavorfg.com/themes/custom/aw_core/dist/css/card.css?tg0mv6","2026-06-19 18:34:27"
"https://www.endeavorfg.com/node_modules/object-fit-images/dist/ofi.js?v=3.2.3","application/javascript","200","OK","Indexable","","","0","0","","0","0","","0","","0","","0","","0","","0","","","","","","","","","","0","0","0","0.000","","0","","","","","0.000","2","3","","0","0","0","0.000","0","0","0","0","0","0","","","","","","0.147","Mon, 12 Aug 2024 20:22:16 GMT","","","","","1.1","","","","","","https://www.endeavorfg.com/node_modules/object-fit-images/dist/ofi.js?v=3.2.3","2026-06-19 18:34:27"
"https://www.endeavorfg.com/cdn-cgi/scripts/5c5dd728/cloudflare-static/email-decode.min.js","application/javascript","200","OK","Indexable","","","0","0","","0","0","","0","","0","","0","","0","","0","","","","","","","","","","0","0","0","0.000","","0","","","","","0.000","2","4","","0","0","0","0.000","0","0","0","0","0","0","","","","","","0.098","","","","","","1.1","","","","","","https://www.endeavorfg.com/cdn-cgi/scripts/5c5dd728/cloudflare-static/email-decode.min.js","2026-06-19 18:34:28"
"https://www.endeavorfg.com/blog/checking-your-portfolio-isnt-same-reviewing-it","text/html; charset=UTF-8","200","OK","Indexable","","Checking Your Portfolio Isn't the Same as Reviewing It | Endeavor Financial Group","81","723","Nearly half of investors check their portfolio at least once a day.1Many of them aren't reviewing anything.They're refreshing a number. Watching it move. Sometimes celebrating. Sometimes panicking. But not actually evaluating whether the portfolio is built for the life they're heading into.That's a different exercise. And the years around retirement are where the difference starts to matter most.","399","2420","","0","Checking Your Portfolio Isn't the Same as Reviewing It","54","","0","Contact Information","19","Our Locations","13","","","","https://www.endeavorfg.com/blog/checking-your-portfolio-isnt-same-reviewing-it","","","","","","94927","30602","30602","4.535","","997","195","5.113","60.532","Normal","7.870","2","1","","39","13","0","6.950","29","25","0","13","13","0","","","","","ebf4c3f23bab8aa4b594ad9164d63b3b","1.023","","","","","en","1.1","","","","","","https://www.endeavorfg.com/blog/checking-your-portfolio-isnt-same-reviewing-it","2026-06-19 18:34:27"
"https://www.endeavorfg.com/sites/endeavorfg0425.us1.advisor.ws/files/styles/featured_fixed_height/public/images/Blog_AW36_2026.jpg.webp?h=c1f6eb13&itok=kHOCmFKp","image/webp","200","OK","Indexable","","","0","0","","0","0","","0","","0","","0","","0","","0","","","","","","","","","","184896","184896","184896","27.402","","0","","","","","0.000","2","7","","0","0","0","0.000","0","0","0","0","0","0","","","","","","0.124","Mon, 15 Jun 2026 22:40:32 GMT","","","","","1.1","","","","","","https://www.endeavorfg.com/sites/endeavorfg0425.us1.advisor.ws/files/styles/featured_fixed_height/public/images/Blog_AW36_2026.jpg.webp?h=c1f6eb13&itok=kHOCmFKp","2026-06-19 18:34:28"
"https://www.endeavorfg.com/blog/business-succession-planning-built-last-vs-built-transfer","text/html; charset=UTF-8","200","OK","Indexable","","Business Succession Planning: Built to Last vs. Built to Transfer | Endeavor Financial Group","92","807","Many business owners spend decades building something that works. The team. The reputation. The customers who keep coming back.Then comes a quieter assumption: that when it's time to step away, the rest will somehow sort itself out.Research suggests it usually doesn't.The Businesses That Quietly Run AmericaSmall businesses aren't a side character in the U.S. economy. They make up roughly 99.9% of all businesses in the country and employ nearly half of all private-sector workers.1A lot of them aren't the ones that make headlines.","534","3346","","0","Business Succession Planning: Built to Last vs. Built to Transfer","65","","0","Contact Information","19","Our Locations","13","","","","https://www.endeavorfg.com/blog/business-succession-planning-built-last-vs-built-transfer","","","","","","95957","30910","30910","4.581","","1016","238","4.269","62.362","Normal","8.021","2","1","","36","12","0","6.420","29","25","0","16","16","0","","","","","5ba211f9002d945ac30beda0d1aaaf2f","1.760","","","","","en","1.1","","","","","","https://www.endeavorfg.com/blog/business-succession-planning-built-last-vs-built-transfer","2026-06-19 18:34:26"
"https://www.endeavorfg.com/node_modules/foundation-sites/dist/js/plugins/foundation.util.touch.js?v=6.5.3","application/javascript","200","OK","Indexable","","","0","0","","0","0","","0","","0","","0","","0","","0","","","","","","","","","","0","0","0","0.000","","0","","","","","0.000","2","5","","0","0","0","0.000","0","0","0","0","0","0","","","","","","0.178","Tue, 27 Aug 2024 21:31:23 GMT","","","","","1.1","","","","","","https://www.endeavorfg.com/node_modules/foundation-sites/dist/js/plugins/foundation.util.touch.js?v=6.5.3","2026-06-19 18:34:28"
"https://www.endeavorfg.com/modules/contrib/extlink/css/extlink.css?tg0mv6","text/css","200","OK","Indexable","","","0","0","","0","0","","0","","0","","0","","0","","0","","","","","","","","","","0","0","0","0.000","","0","","","","","0.000","2","4","","0","0","0","0.000","0","0","0","0","0","0","","","","","","0.128","Thu, 04 Sep 2025 21:31:45 GMT","","","","","1.1","","","","","","https://www.endeavorfg.com/modules/contrib/extlink/css/extlink.css?tg0mv6","2026-06-19 18:34:28"
"https://www.endeavorfg.com/modules/contrib/addtoany/css/addtoany.css?tg0mv6","text/css","200","OK","Indexable","","","0","0","","0","0","","0","","0","","0","","0","","0","","","","","","","","","","0","0","0","0.000","","0","","","","","0.000","2","4","","0","0","0","0.000","0","0","0","0","0","0","","","","","","0.132","Tue, 19 Nov 2024 02:35:15 GMT","","","","","1.1","","","","","","https://www.endeavorfg.com/modules/contrib/addtoany/css/addtoany.css?tg0mv6","2026-06-19 18:34:28"
"https://www.endeavorfg.com/themes/contrib/stable/css/system/components/hidden.module.css?tg0mv6","text/css","200","OK","Indexable","","","0","0","","0","0","","0","","0","","0","","0","","0","","","","","","","","","","0","0","0","0.000","","0","","","","","0.000","2","6","","0","0","0","0.000","0","0","0","0","0","0","","","","","","0.200","Wed, 17 Jul 2024 07:47:44 GMT","","","","","1.1","","","","","","https://www.endeavorfg.com/themes/contrib/stable/css/system/components/hidden.module.css?tg0mv6","2026-06-19 18:34:28"
"https://www.endeavorfg.com/core/misc/announce.js?v=10.6.7","application/javascript","200","OK","Indexable","","","0","0","","0","0","","0","","0","","0","","0","","0","","","","","","","","","","0","0","0","0.000","","0","","","","","0.000","2","2","","0","0","0","0.000","0","0","0","0","0","0","","","","","","0.384","Wed, 15 Apr 2026 16:19:28 GMT","","","","","1.1","","","","","","https://www.endeavorfg.com/core/misc/announce.js?v=10.6.7","2026-06-19 18:34:28"
"https://www.endeavorfg.com/category/finance","text/html; charset=UTF-8","200","OK","Indexable","","Finance | Endeavor Financial Group","34","312","","0","0","","0","Finance","7","","0","Contact Information","19","Our Locations","13","","","","","","","","","","132002","30992","30992","4.593","","598","170","3.518","72.969","Fairly Easy","3.572","2","1","","298","88","0","47.060","114","50","0","8","8","0","","","","","ff634601c3c79f9c6be2b461b077bf19","1.360","","","","","en","1.1","","","","","","https://www.endeavorfg.com/category/finance","2026-06-19 18:34:27"
"https://www.endeavorfg.com/sites/endeavorfg0425.us1.advisor.ws/files/dynamic-styles/128b2703-4c83-42d3-823f-318cb4070485.css?tg0mv6","text/css","200","OK","Indexable","","","0","0","","0","0","","0","","0","","0","","0","","0","","","","","","","","","","0","0","0","0.000","","0","","","","","0.000","2","4","","0","0","0","0.000","0","0","0","0","0","0","","","","","","0.086","Tue, 02 Jun 2026 17:49:55 GMT","","","","","1.1","","","","","","https://www.endeavorfg.com/sites/endeavorfg0425.us1.advisor.ws/files/dynamic-styles/128b2703-4c83-42d3-823f-318cb4070485.css?tg0mv6","2026-06-19 18:34:29"
"https://www.endeavorfg.com/core/assets/vendor/jquery/jquery.min.js?v=3.7.1","application/javascript","200","OK","Indexable","","","0","0","","0","0","","0","","0","","0","","0","","0","","","","","","","","","","0","0","0","0.000","","0","","","","","0.000","2","4","","0","0","0","0.000","0","0","0","0","0","0","","","","","","0.143","Wed, 15 Apr 2026 16:19:28 GMT","","","","","1.1","","","","","","https://www.endeavorfg.com/core/assets/vendor/jquery/jquery.min.js?v=3.7.1","2026-06-19 18:34:29"
"https://www.endeavorfg.com/category/real-estate","text/html; charset=UTF-8","200","OK","Indexable","","Real Estate | Endeavor Financial Group","38","343","","0","0","","0","Real Estate","11","","0","Contact Information","19","Our Locations","13","","","","","","","","","","103989","29073","29073","4.309","","326","90","3.622","71.068","Fairly Easy","2.826","2","1","","54","34","0","18.180","69","36","0","8","8","0","","","","","13dcf45f1923f2519d5b37a54bfd6967","1.320","","","","","en","1.1","","","","","","https://www.endeavorfg.com/category/real-estate","2026-06-19 18:34:28"
"https://www.endeavorfg.com/category/retirement","text/html; charset=UTF-8","200","OK","Indexable","","Retirement | Endeavor Financial Group","37","342","","0","0","","0","Retirement","10","","0","Contact Information","19","Our Locations","13","","","","","","","","","","133044","31096","31096","4.608","","618","172","3.593","70.539","Fairly Easy","3.662","2","1","","266","78","0","41.710","123","50","0","8","8","0","","","","","8d5c75be0b910f9c0e6bdf1e7868109a","1.847","","","","","en","1.1","","","","","","https://www.endeavorfg.com/category/retirement","2026-06-19 18:34:27"
"https://www.endeavorfg.com/node_modules/foundation-sites/dist/js/plugins/foundation.util.imageLoader.js?v=6.5.3","application/javascript","200","OK","Indexable","","","0","0","","0","0","","0","","0","","0","","0","","0","","","","","","","","","","0","0","0","0.000","","0","","","","","0.000","2","5","","0","0","0","0.000","0","0","0","0","0","0","","","","","","1.135","Tue, 27 Aug 2024 21:31:23 GMT","","","","","1.1","","","","","","https://www.endeavorfg.com/node_modules/foundation-sites/dist/js/plugins/foundation.util.imageLoader.js?v=6.5.3","2026-06-19 18:34:28"
"https://www.endeavorfg.com/node_modules/motion-ui/dist/motion-ui.css?tg0mv6","text/css","200","OK","Indexable","","","0","0","","0","0","","0","","0","","0","","0","","0","","","","","","","","","","0","0","0","0.000","","0","","","","","0.000","2","3","","0","0","0","0.000","0","0","0","0","0","0","","","","","","0.118","Tue, 27 Aug 2024 21:31:23 GMT","","","","","1.1","","","","","","https://www.endeavorfg.com/node_modules/motion-ui/dist/motion-ui.css?tg0mv6","2026-06-19 18:34:29"
"https://www.endeavorfg.com/node_modules/foundation-sites/dist/js/plugins/foundation.accordionMenu.js?v=6.5.3","application/javascript","200","OK","Indexable","","","0","0","","0","0","","0","","0","","0","","0","","0","","","","","","","","","","0","0","0","0.000","","0","","","","","0.000","2","5","","0","0","0","0.000","0","0","0","0","0","0","","","","","","0.097","Tue, 27 Aug 2024 21:31:23 GMT","","","","","1.1","","","","","","https://www.endeavorfg.com/node_modules/foundation-sites/dist/js/plugins/foundation.accordionMenu.js?v=6.5.3","2026-06-19 18:34:29"
"https://www.endeavorfg.com/themes/custom/aw_core/js/animated-menu.min.js?v=10.6.7","application/javascript","200","OK","Indexable","","","0","0","","0","0","","0","","0","","0","","0","","0","","","","","","","","","","0","0","0","0.000","","0","","","","","0.000","2","4","","0","0","0","0.000","0","0","0","0","0","0","","","","","","0.106","Thu, 28 May 2026 12:43:38 GMT","","","","","1.1","","","","","","https://www.endeavorfg.com/themes/custom/aw_core/js/animated-menu.min.js?v=10.6.7","2026-06-19 18:34:29"
"https://www.endeavorfg.com/node_modules/foundation-sites/dist/js/plugins/foundation.util.triggers.js?v=6.5.3","application/javascript","200","OK","Indexable","","","0","0","","0","0","","0","","0","","0","","0","","0","","","","","","","","","","0","0","0","0.000","","0","","","","","0.000","2","5","","0","0","0","0.000","0","0","0","0","0","0","","","","","","0.111","Tue, 27 Aug 2024 21:31:23 GMT","","","","","1.1","","","","","","https://www.endeavorfg.com/node_modules/foundation-sites/dist/js/plugins/foundation.util.triggers.js?v=6.5.3","2026-06-19 18:34:29"
"https://www.endeavorfg.com/node_modules/foundation-sites/dist/js/plugins/foundation.util.box.js?v=6.5.3","application/javascript","200","OK","Indexable","","","0","0","","0","0","","0","","0","","0","","0","","0","","","","","","","","","","0","0","0","0.000","","0","","","","","0.000","2","5","","0","0","0","0.000","0","0","0","0","0","0","","","","","","0.217","Tue, 27 Aug 2024 21:31:23 GMT","","","","","1.1","","","","","","https://www.endeavorfg.com/node_modules/foundation-sites/dist/js/plugins/foundation.util.box.js?v=6.5.3","2026-06-19 18:34:29"
"https://www.endeavorfg.com/category/tax-planning","text/html; charset=UTF-8","200","OK","Indexable","","Tax Planning | Endeavor Financial Group","39","358","","0","0","","0","Tax Planning","12","","0","Contact Information","19","Our Locations","13","","","","","","","","","","131169","30859","30859","4.573","","637","166","3.837","73.450","Fairly Easy","3.738","2","1","","160","61","0","32.620","115","47","0","8","8","0","","","","","2621ad6b534a0dfea4b720de7e5392c","1.141","","","","","en","1.1","","","","","","https://www.endeavorfg.com/category/tax-planning","2026-06-19 18:34:28"
"https://www.endeavorfg.com/node_modules/foundation-sites/dist/js/plugins/foundation.util.mediaQuery.js?v=6.5.3","application/javascript","200","OK","Indexable","","","0","0","","0","0","","0","","0","","0","","0","","0","","","","","","","","","","0","0","0","0.000","","0","","","","","0.000","2","5","","0","0","0","0.000","0","0","0","0","0","0","","","","","","0.099","Tue, 27 Aug 2024 21:31:23 GMT","","","","","1.1","","","","","","https://www.endeavorfg.com/node_modules/foundation-sites/dist/js/plugins/foundation.util.mediaQuery.js?v=6.5.3","2026-06-19 18:34:29"
"https://www.endeavorfg.com/sites/endeavorfg0425.us1.advisor.ws/files/dynamic-styles/b2669e73-64d1-4257-ba6e-76890ba31ead.css?tg0mv6","text/css","200","OK","Indexable","","","0","0","","0","0","","0","","0","","0","","0","","0","","","","","","","","","","0","0","0","0.000","","0","","","","","0.000","2","4","","0","0","0","0.000","0","0","0","0","0","0","","","","","","0.101","Tue, 02 Jun 2026 17:49:55 GMT","","","","","1.1","","","","","","https://www.endeavorfg.com/sites/endeavorfg0425.us1.advisor.ws/files/dynamic-styles/b2669e73-64d1-4257-ba6e-76890ba31ead.css?tg0mv6","2026-06-19 18:34:30"
"https://www.endeavorfg.com/sites/endeavorfg0425.us1.advisor.ws/files/dynamic-styles/08a23932-a2dc-4e41-9b03-0ee09c5fe867.css?tg0mv6","text/css","200","OK","Indexable","","","0","0","","0","0","","0","","0","","0","","0","","0","","","","","","","","","","0","0","0","0.000","","0","","","","","0.000","2","4","","0","0","0","0.000","0","0","0","0","0","0","","","","","","0.191","Tue, 02 Jun 2026 17:49:55 GMT","","","","","1.1","","","","","","https://www.endeavorfg.com/sites/endeavorfg0425.us1.advisor.ws/files/dynamic-styles/08a23932-a2dc-4e41-9b03-0ee09c5fe867.css?tg0mv6","2026-06-19 18:34:30"
"https://www.endeavorfg.com/modules/contrib/google_tag/js/gtm.js?tg0mv6","application/javascript","200","OK","Indexable","","","0","0","","0","0","","0","","0","","0","","0","","0","","","","","","","","","","0","0","0","0.000","","0","","","","","0.000","2","4","","0","0","0","0.000","0","0","0","0","0","0","","","","","","0.098","Thu, 28 May 2026 12:43:48 GMT","","","","","1.1","","","","","","https://www.endeavorfg.com/modules/contrib/google_tag/js/gtm.js?tg0mv6","2026-06-19 18:34:30"
"https://www.endeavorfg.com/blog","text/html; charset=UTF-8","200","OK","Indexable","","Blog | Endeavor Financial Group","31","281","","0","0","","0","Blog","4","","0","Contact Information","19","Our Locations","13","","","","","","","","","","128634","30467","30467","4.515","","606","150","4.040","69.692","Normal","3.776","2","0","","191","187","0","100.000","107","54","0","8","8","0","","","","","c85ce9d4f24bbafd59075b1c224ee23","1.733","","","","","en","1.1","","","","","","https://www.endeavorfg.com/blog","2026-06-19 18:34:29"
"https://www.endeavorfg.com/sites/endeavorfg0425.us1.advisor.ws/files/dynamic-styles/81c8b9ad-7088-44de-9598-dc8924a67aba.css?tg0mv6","text/css","200","OK","Indexable","","","0","0","","0","0","","0","","0","","0","","0","","0","","","","","","","","","","0","0","0","0.000","","0","","","","","0.000","2","4","","0","0","0","0.000","0","0","0","0","0","0","","","","","","0.047","Tue, 02 Jun 2026 17:49:55 GMT","","","","","1.1","","","","","","https://www.endeavorfg.com/sites/endeavorfg0425.us1.advisor.ws/files/dynamic-styles/81c8b9ad-7088-44de-9598-dc8924a67aba.css?tg0mv6","2026-06-19 18:34:31"
"https://www.endeavorfg.com/node_modules/foundation-sites/dist/js/plugins/foundation.responsiveMenu.js?v=6.5.3","application/javascript","200","OK","Indexable","","","0","0","","0","0","","0","","0","","0","","0","","0","","","","","","","","","","0","0","0","0.000","","0","","","","","0.000","2","5","","0","0","0","0.000","0","0","0","0","0","0","","","","","","0.168","Tue, 27 Aug 2024 21:31:23 GMT","","","","","1.1","","","","","","https://www.endeavorfg.com/node_modules/foundation-sites/dist/js/plugins/foundation.responsiveMenu.js?v=6.5.3","2026-06-19 18:34:31"
"https://www.endeavorfg.com/modules/contrib/google_tag/js/gtag.ajax.js?tg0mv6","application/javascript","200","OK","Indexable","","","0","0","","0","0","","0","","0","","0","","0","","0","","","","","","","","","","0","0","0","0.000","","0","","","","","0.000","2","4","","0","0","0","0.000","0","0","0","0","0","0","","","","","","0.083","Mon, 25 Aug 2025 14:07:15 GMT","","","","","1.1","","","","","","https://www.endeavorfg.com/modules/contrib/google_tag/js/gtag.ajax.js?tg0mv6","2026-06-19 18:34:31"
"https://www.endeavorfg.com/sites/endeavorfg0425.us1.advisor.ws/files/styles/max_325x325/public/images/endeavor_logo.png.webp?itok=0D0E-Vfi","image/webp","200","OK","Indexable","","","0","0","","0","0","","0","","0","","0","","0","","0","","","","","","","","","","5102","5102","5102","0.756","","0","","","","","0.000","2","7","","0","0","0","0.000","0","0","0","0","0","0","","","","","","1.156","Tue, 16 Jun 2026 13:20:28 GMT","","","","","1.1","","","","","","https://www.endeavorfg.com/sites/endeavorfg0425.us1.advisor.ws/files/styles/max_325x325/public/images/endeavor_logo.png.webp?itok=0D0E-Vfi","2026-06-19 18:34:30"
"https://www.endeavorfg.com/sites/endeavorfg0425.us1.advisor.ws/files/styles/portrait_500x600/public/images/MOMO_1763677214601.png.webp?h=4ea0fb18&itok=UWHa-YXt","image/webp","200","OK","Indexable","","","0","0","","0","0","","0","","0","","0","","0","","0","","","","","","","","","","33554","33554","33554","4.973","","0","","","","","0.000","2","7","","0","0","0","0.000","0","0","0","0","0","0","","","","","","0.199","Mon, 15 Jun 2026 22:40:30 GMT","","","","","1.1","","","","","","https://www.endeavorfg.com/sites/endeavorfg0425.us1.advisor.ws/files/styles/portrait_500x600/public/images/MOMO_1763677214601.png.webp?h=4ea0fb18&itok=UWHa-YXt","2026-06-19 18:34:31"
"https://www.endeavorfg.com/node_modules/foundation-sites/dist/js/plugins/foundation.drilldown.js?v=6.5.3","application/javascript","200","OK","Indexable","","","0","0","","0","0","","0","","0","","0","","0","","0","","","","","","","","","","0","0","0","0.000","","0","","","","","0.000","2","5","","0","0","0","0.000","0","0","0","0","0","0","","","","","","0.114","Tue, 27 Aug 2024 21:31:23 GMT","","","","","1.1","","","","","","https://www.endeavorfg.com/node_modules/foundation-sites/dist/js/plugins/foundation.drilldown.js?v=6.5.3","2026-06-19 18:34:31"
"https://www.endeavorfg.com/themes/custom/aw_core/js/foundation.orbit.min.js?v=6.5.3","application/javascript","200","OK","Indexable","","","0","0","","0","0","","0","","0","","0","","0","","0","","","","","","","","","","0","0","0","0.000","","0","","","","","0.000","2","4","","0","0","0","0.000","0","0","0","0","0","0","","","","","","0.111","Thu, 28 May 2026 12:43:38 GMT","","","","","1.1","","","","","","https://www.endeavorfg.com/themes/custom/aw_core/js/foundation.orbit.min.js?v=6.5.3","2026-06-19 18:34:31"
"https://www.endeavorfg.com/contact","text/html; charset=utf-8","301","Moved Permanently","Non-Indexable","Redirected","","0","0","","0","0","","0","","0","","0","","0","","0","","","","","","","","","","0","0","0","0.000","","0","","","","","0.000","2","0","","5","5","0","2.670","0","0","0","0","0","0","","","","","","0.784","Fri, 19 Jun 2026 13:04:31 GMT","https://www.endeavorfg.com/book-meeting","HTTP Redirect","","","1.1","","","","","","https://www.endeavorfg.com/contact","2026-06-19 18:34:31"
"https://www.endeavorfg.com/themes/contrib/stable/css/system/components/tablesort.module.css?tg0mv6","text/css","200","OK","Indexable","","","0","0","","0","0","","0","","0","","0","","0","","0","","","","","","","","","","0","0","0","0.000","","0","","","","","0.000","2","6","","0","0","0","0.000","0","0","0","0","0","0","","","","","","0.182","Wed, 17 Jul 2024 07:47:44 GMT","","","","","1.1","","","","","","https://www.endeavorfg.com/themes/contrib/stable/css/system/components/tablesort.module.css?tg0mv6","2026-06-19 18:34:31"
"https://www.endeavorfg.com/modules/custom/aw_accessibility/css/aw_editoria11y.css?tg0mv6","text/css","200","OK","Indexable","","","0","0","","0","0","","0","","0","","0","","0","","0","","","","","","","","","","0","0","0","0.000","","0","","","","","0.000","2","4","","0","0","0","0.000","0","0","0","0","0","0","","","","","","0.134","Wed, 23 Apr 2025 13:26:58 GMT","","","","","1.1","","","","","","https://www.endeavorfg.com/modules/custom/aw_accessibility/css/aw_editoria11y.css?tg0mv6","2026-06-19 18:34:31"
"https://www.endeavorfg.com/themes/custom/aw_core/dist/css/animated-menu.css?tg0mv6","text/css","200","OK","Indexable","","","0","0","","0","0","","0","","0","","0","","0","","0","","","","","","","","","","0","0","0","0.000","","0","","","","","0.000","2","5","","0","0","0","0.000","0","0","0","0","0","0","","","","","","0.119","Thu, 28 May 2026 12:43:38 GMT","","","","","1.1","","","","","","https://www.endeavorfg.com/themes/custom/aw_core/dist/css/animated-menu.css?tg0mv6","2026-06-19 18:34:32"
"https://www.endeavorfg.com/team-member","text/html; charset=UTF-8","200","OK","Indexable","","Our Team | Endeavor Financial Group","35","331","","0","0","","0","Our Team","8","","0","Contact Information","19","Our Locations","13","","","","","","","","","","89874","27609","27609","4.092","","128","34","3.765","58.929","Fairly Hard","1.954","2","0","","226","187","0","100.000","30","22","0","8","8","0","","","","","c3e94150eaafef54dd5af6e687deaab4","1.142","","","","","en","1.1","","","","","","https://www.endeavorfg.com/team-member","2026-06-19 18:34:31"
"https://www.endeavorfg.com/core/misc/progress.js?v=10.6.7","application/javascript","200","OK","Indexable","","","0","0","","0","0","","0","","0","","0","","0","","0","","","","","","","","","","0","0","0","0.000","","0","","","","","0.000","2","2","","0","0","0","0.000","0","0","0","0","0","0","","","","","","0.117","Wed, 15 Apr 2026 16:19:28 GMT","","","","","1.1","","","","","","https://www.endeavorfg.com/core/misc/progress.js?v=10.6.7","2026-06-19 18:34:32"
"https://www.endeavorfg.com/themes/contrib/stable/css/system/components/resize.module.css?tg0mv6","text/css","200","OK","Indexable","","","0","0","","0","0","","0","","0","","0","","0","","0","","","","","","","","","","0","0","0","0.000","","0","","","","","0.000","2","6","","0","0","0","0.000","0","0","0","0","0","0","","","","","","0.135","Wed, 17 Jul 2024 07:47:44 GMT","","","","","1.1","","","","","","https://www.endeavorfg.com/themes/contrib/stable/css/system/components/resize.module.css?tg0mv6","2026-06-19 18:34:32"
"https://www.endeavorfg.com/products-services/capital-gains-strategies","text/html; charset=UTF-8","200","OK","Indexable","","Capital Gains Strategies | Endeavor Financial Group","51","458","Selling a highly appreciated asset can create a significant tax burden. We help clients explore advanced planning strategies for stocks, real estate, cryptocurrency, and business interests that may reduce or defer capital gains taxes. By integrating tax-efficient solutions into a comprehensive financial plan, we help clients retain more of their wealth and create greater flexibility for retirement, income, and legacy objectives.","432","2578","","0","Capital Gains Strategies","24","","0","Capital Gains Strategies","24","Contact Information","19","","","","https://www.endeavorfg.com/products-services/capital-gains-strategies","","","","","","84100","27397","27397","4.060","","147","34","4.324","56.843","Fairly Hard","2.262","2","1","","191","187","0","100.000","24","19","0","8","8","0","","","","","6f72ac89b9cdead4548bbc38989c2176","1.238","","","","","en","1.1","","","","","","https://www.endeavorfg.com/products-services/capital-gains-strategies","2026-06-19 18:34:31"
"https://www.endeavorfg.com/team-member/eric-bilitz","text/html; charset=UTF-8","200","OK","Indexable","","Eric Bilitz | President | Endeavor Financial Group Indiana","58","495","Eric Bilitz is the President of Endeavor Financial Group. He provides comprehensive wealth management, investment planning services & retirement strategies.","156","974","","0","Eric Bilitz","11","","0","Contact Information","19","Our Locations","13","","","","https://www.endeavorfg.com/team-member/eric-bilitz","","","","","","88403","28717","28717","4.256","","550","93","5.914","32.555","Hard","5.518","2","1","","7","3","0","1.600","24","20","0","8","8","0","","","","","ff170333d0fd296f30bb15cd5ee2f990","1.137","","","","","en","1.1","","","","","","https://www.endeavorfg.com/team-member/eric-bilitz","2026-06-19 18:34:31"
"https://www.endeavorfg.com/sites/endeavorfg0425.us1.advisor.ws/files/dynamic-styles/b49119fc-c3ba-4071-828d-078c17a9c865.css?tg0mv6","text/css","200","OK","Indexable","","","0","0","","0","0","","0","","0","","0","","0","","0","","","","","","","","","","0","0","0","0.000","","0","","","","","0.000","2","4","","0","0","0","0.000","0","0","0","0","0","0","","","","","","0.065","Tue, 02 Jun 2026 17:34:14 GMT","","","","","1.1","","","","","","https://www.endeavorfg.com/sites/endeavorfg0425.us1.advisor.ws/files/dynamic-styles/b49119fc-c3ba-4071-828d-078c17a9c865.css?tg0mv6","2026-06-19 18:34:33"
"https://www.endeavorfg.com/themes/contrib/stable/css/system/components/details.module.css?tg0mv6","text/css","200","OK","Indexable","","","0","0","","0","0","","0","","0","","0","","0","","0","","","","","","","","","","0","0","0","0.000","","0","","","","","0.000","2","6","","0","0","0","0.000","0","0","0","0","0","0","","","","","","0.091","Wed, 17 Jul 2024 07:47:44 GMT","","","","","1.1","","","","","","https://www.endeavorfg.com/themes/contrib/stable/css/system/components/details.module.css?tg0mv6","2026-06-19 18:34:33"
"https://www.endeavorfg.com/products-services/workplace-education","text/html; charset=UTF-8","200","OK","Indexable","","Workplace Education Planning | Endeavor Financial Group","55","512","Discover Endeavor's workplace financial education services, empowering employees with tools for budgeting, retirement planning and financial wellness.","150","938","","0","Workplace Education","19","","0","Workplace Education","19","Contact Information","19","","","","https://www.endeavorfg.com/products-services/workplace-education","","","","","","85016","27563","27563","4.085","","201","42","4.786","66.028","Normal","2.570","2","1","","259","187","0","100.000","25","20","0","8","8","0","","","","","f960f68184106d4ad5013095d2e0027d","1.066","","","","","en","1.1","","","","","","https://www.endeavorfg.com/products-services/workplace-education","2026-06-19 18:34:32"
"https://www.endeavorfg.com/modules/custom/aw_fonts/css/roboto.css?tg0mv6","text/css","200","OK","Indexable","","","0","0","","0","0","","0","","0","","0","","0","","0","","","","","","","","","","0","0","0","0.000","","0","","","","","0.000","2","4","","0","0","0","0.000","0","0","0","0","0","0","","","","","","0.104","Thu, 19 Sep 2024 09:40:33 GMT","","","","","1.1","","","","","","https://www.endeavorfg.com/modules/custom/aw_fonts/css/roboto.css?tg0mv6","2026-06-19 18:34:33"
"https://www.endeavorfg.com/node_modules/foundation-sites/dist/js/plugins/foundation.dropdownMenu.js?v=6.5.3","application/javascript","200","OK","Indexable","","","0","0","","0","0","","0","","0","","0","","0","","0","","","","","","","","","","0","0","0","0.000","","0","","","","","0.000","2","5","","0","0","0","0.000","0","0","0","0","0","0","","","","","","0.095","Tue, 27 Aug 2024 21:31:23 GMT","","","","","1.1","","","","","","https://www.endeavorfg.com/node_modules/foundation-sites/dist/js/plugins/foundation.dropdownMenu.js?v=6.5.3","2026-06-19 18:34:33"
"https://www.endeavorfg.com/themes/contrib/stable/css/system/components/container-inline.module.css?tg0mv6","text/css","200","OK","Indexable","","","0","0","","0","0","","0","","0","","0","","0","","0","","","","","","","","","","0","0","0","0.000","","0","","","","","0.000","2","6","","0","0","0","0.000","0","0","0","0","0","0","","","","","","0.058","Wed, 17 Jul 2024 07:47:44 GMT","","","","","1.1","","","","","","https://www.endeavorfg.com/themes/contrib/stable/css/system/components/container-inline.module.css?tg0mv6","2026-06-19 18:34:33"
"https://www.endeavorfg.com/themes/custom/aw_core/js/foundation.init.min.js?v=10.6.7","application/javascript","200","OK","Indexable","","","0","0","","0","0","","0","","0","","0","","0","","0","","","","","","","","","","0","0","0","0.000","","0","","","","","0.000","2","4","","0","0","0","0.000","0","0","0","0","0","0","","","","","","0.147","Thu, 28 May 2026 12:43:38 GMT","","","","","1.1","","","","","","https://www.endeavorfg.com/themes/custom/aw_core/js/foundation.init.min.js?v=10.6.7","2026-06-19 18:34:33"
"https://www.endeavorfg.com/themes/custom/aw_core/js/aw-contextual-links.min.js?v=10.6.7","application/javascript","200","OK","Indexable","","","0","0","","0","0","","0","","0","","0","","0","","0","","","","","","","","","","0","0","0","0.000","","0","","","","","0.000","2","4","","0","0","0","0.000","0","0","0","0","0","0","","","","","","0.181","Thu, 28 May 2026 12:43:38 GMT","","","","","1.1","","","","","","https://www.endeavorfg.com/themes/custom/aw_core/js/aw-contextual-links.min.js?v=10.6.7","2026-06-19 18:34:33"
"https://www.endeavorfg.com/sites/endeavorfg0425.us1.advisor.ws/files/dynamic-styles/5c8fec83-f444-4cbb-adcf-44a251eca7c6.css?tg0mv6","text/css","200","OK","Indexable","","","0","0","","0","0","","0","","0","","0","","0","","0","","","","","","","","","","0","0","0","0.000","","0","","","","","0.000","2","4","","0","0","0","0.000","0","0","0","0","0","0","","","","","","0.089","Tue, 02 Jun 2026 17:34:14 GMT","","","","","1.1","","","","","","https://www.endeavorfg.com/sites/endeavorfg0425.us1.advisor.ws/files/dynamic-styles/5c8fec83-f444-4cbb-adcf-44a251eca7c6.css?tg0mv6","2026-06-19 18:34:33"
"https://www.endeavorfg.com/themes/contrib/stable/css/system/components/fieldgroup.module.css?tg0mv6","text/css","200","OK","Indexable","","","0","0","","0","0","","0","","0","","0","","0","","0","","","","","","","","","","0","0","0","0.000","","0","","","","","0.000","2","6","","0","0","0","0.000","0","0","0","0","0","0","","","","","","0.197","Wed, 17 Jul 2024 07:47:44 GMT","","","","","1.1","","","","","","https://www.endeavorfg.com/themes/contrib/stable/css/system/components/fieldgroup.module.css?tg0mv6","2026-06-19 18:34:33"
"https://www.endeavorfg.com/themes/custom/aw_core/dist/css/content/blog/base.css?tg0mv6","text/css","200","OK","Indexable","","","0","0","","0","0","","0","","0","","0","","0","","0","","","","","","","","","","0","0","0","0.000","","0","","","","","0.000","2","7","","0","0","0","0.000","0","0","0","0","0","0","","","","","","0.172","Thu, 28 May 2026 12:43:38 GMT","","","","","1.1","","","","","","https://www.endeavorfg.com/themes/custom/aw_core/dist/css/content/blog/base.css?tg0mv6","2026-06-19 18:34:33"
"https://www.endeavorfg.com/node_modules/foundation-sites/dist/js/plugins/foundation.util.timer.js?v=6.5.3","application/javascript","200","OK","Indexable","","","0","0","","0","0","","0","","0","","0","","0","","0","","","","","","","","","","0","0","0","0.000","","0","","","","","0.000","2","5","","0","0","0","0.000","0","0","0","0","0","0","","","","","","0.173","Tue, 27 Aug 2024 21:31:23 GMT","","","","","1.1","","","","","","https://www.endeavorfg.com/node_modules/foundation-sites/dist/js/plugins/foundation.util.timer.js?v=6.5.3","2026-06-19 18:34:33"
"https://www.endeavorfg.com/themes/custom/aw_core/dist/css/content/products_services/products_services.css?tg0mv6","text/css","200","OK","Indexable","","","0","0","","0","0","","0","","0","","0","","0","","0","","","","","","","","","","0","0","0","0.000","","0","","","","","0.000","2","7","","0","0","0","0.000","0","0","0","0","0","0","","","","","","0.198","Thu, 28 May 2026 12:43:38 GMT","","","","","1.1","","","","","","https://www.endeavorfg.com/themes/custom/aw_core/dist/css/content/products_services/products_services.css?tg0mv6","2026-06-19 18:34:33"
"https://www.endeavorfg.com/themes/custom/aw_core/js/objectfit.min.js?v=3.2.3","application/javascript","200","OK","Indexable","","","0","0","","0","0","","0","","0","","0","","0","","0","","","","","","","","","","0","0","0","0.000","","0","","","","","0.000","2","4","","0","0","0","0.000","0","0","0","0","0","0","","","","","","0.089","Thu, 28 May 2026 12:43:38 GMT","","","","","1.1","","","","","","https://www.endeavorfg.com/themes/custom/aw_core/js/objectfit.min.js?v=3.2.3","2026-06-19 18:34:33"
"https://www.endeavorfg.com/themes/contrib/stable/css/system/components/clearfix.module.css?tg0mv6","text/css","200","OK","Indexable","","","0","0","","0","0","","0","","0","","0","","0","","0","","","","","","","","","","0","0","0","0.000","","0","","","","","0.000","2","6","","0","0","0","0.000","0","0","0","0","0","0","","","","","","0.096","Wed, 17 Jul 2024 07:47:44 GMT","","","","","1.1","","","","","","https://www.endeavorfg.com/themes/contrib/stable/css/system/components/clearfix.module.css?tg0mv6","2026-06-19 18:34:33"
"https://www.endeavorfg.com/core/assets/vendor/once/once.min.js?v=1.0.1","application/javascript","200","OK","Indexable","","","0","0","","0","0","","0","","0","","0","","0","","0","","","","","","","","","","0","0","0","0.000","","0","","","","","0.000","2","4","","0","0","0","0.000","0","0","0","0","0","0","","","","","","0.138","Wed, 15 Apr 2026 16:19:28 GMT","","","","","1.1","","","","","","https://www.endeavorfg.com/core/assets/vendor/once/once.min.js?v=1.0.1","2026-06-19 18:34:33"
"https://www.endeavorfg.com/node_modules/foundation-sites/dist/js/plugins/foundation.util.keyboard.js?v=6.5.3","application/javascript","200","OK","Indexable","","","0","0","","0","0","","0","","0","","0","","0","","0","","","","","","","","","","0","0","0","0.000","","0","","","","","0.000","2","5","","0","0","0","0.000","0","0","0","0","0","0","","","","","","0.177","Tue, 27 Aug 2024 21:31:23 GMT","","","","","1.1","","","","","","https://www.endeavorfg.com/node_modules/foundation-sites/dist/js/plugins/foundation.util.keyboard.js?v=6.5.3","2026-06-19 18:34:33"
"https://www.endeavorfg.com/client-logins","text/html; charset=UTF-8","200","OK","Indexable","","Client Logins | Endeavor Financial Group","40","358","","0","0","","0","Client Logins","13","","0","Contact Information","19","Our Locations","13","","","","https://www.endeavorfg.com/client-logins","","","","","","86941","27374","27374","4.057","","82","25","3.280","77.638","Fairly Easy","1.648","2","0","","191","187","0","100.000","24","19","0","14","14","0","","","","","7839f9b1c033c69ff08811f03044f250","1.048","","","","","en","1.1","","","","","","https://www.endeavorfg.com/client-logins","2026-06-19 18:34:33"
"https://www.endeavorfg.com/core/misc/drupal.init.js?v=10.6.7","application/javascript","200","OK","Indexable","","","0","0","","0","0","","0","","0","","0","","0","","0","","","","","","","","","","0","0","0","0.000","","0","","","","","0.000","2","2","","0","0","0","0.000","0","0","0","0","0","0","","","","","","0.119","Wed, 15 Apr 2026 16:19:28 GMT","","","","","1.1","","","","","","https://www.endeavorfg.com/core/misc/drupal.init.js?v=10.6.7","2026-06-19 18:34:34"
"https://www.endeavorfg.com/modules/contrib/google_tag/js/gtag.js?tg0mv6","application/javascript","200","OK","Indexable","","","0","0","","0","0","","0","","0","","0","","0","","0","","","","","","","","","","0","0","0","0.000","","0","","","","","0.000","2","4","","0","0","0","0.000","0","0","0","0","0","0","","","","","","0.063","Mon, 25 Aug 2025 14:07:15 GMT","","","","","1.1","","","","","","https://www.endeavorfg.com/modules/contrib/google_tag/js/gtag.js?tg0mv6","2026-06-19 18:34:34"
"https://www.endeavorfg.com/themes/custom/aw_core/dist/css/button.css?tg0mv6","text/css","200","OK","Indexable","","","0","0","","0","0","","0","","0","","0","","0","","0","","","","","","","","","","0","0","0","0.000","","0","","","","","0.000","2","5","","0","0","0","0.000","0","0","0","0","0","0","","","","","","0.089","Thu, 28 May 2026 12:43:38 GMT","","","","","1.1","","","","","","https://www.endeavorfg.com/themes/custom/aw_core/dist/css/button.css?tg0mv6","2026-06-19 18:34:34"
"https://www.endeavorfg.com/core/misc/drupalSettingsLoader.js?v=10.6.7","application/javascript","200","OK","Indexable","","","0","0","","0","0","","0","","0","","0","","0","","0","","","","","","","","","","0","0","0","0.000","","0","","","","","0.000","2","2","","0","0","0","0.000","0","0","0","0","0","0","","","","","","0.186","Wed, 15 Apr 2026 16:19:28 GMT","","","","","1.1","","","","","","https://www.endeavorfg.com/core/misc/drupalSettingsLoader.js?v=10.6.7","2026-06-19 18:34:34"
"https://www.endeavorfg.com/sites/endeavorfg0425.us1.advisor.ws/files/styles/portrait_500x600/public/images/eric_bilitz_corporate_photo_1_0.jpg.webp?h=f7a93ed0&itok=7eQpiyBz","image/webp","200","OK","Indexable","","","0","0","","0","0","","0","","0","","0","","0","","0","","","","","","","","","","80086","80086","80086","11.869","","0","","","","","0.000","2","7","","0","0","0","0.000","0","0","0","0","0","0","","","","","","0.181","Mon, 15 Jun 2026 22:40:29 GMT","","","","","1.1","","","","","","https://www.endeavorfg.com/sites/endeavorfg0425.us1.advisor.ws/files/styles/portrait_500x600/public/images/eric_bilitz_corporate_photo_1_0.jpg.webp?h=f7a93ed0&itok=7eQpiyBz","2026-06-19 18:34:34"
"https://www.endeavorfg.com/themes/contrib/stable/css/system/components/system-status-report-counters.css?tg0mv6","text/css","200","OK","Indexable","","","0","0","","0","0","","0","","0","","0","","0","","0","","","","","","","","","","0","0","0","0.000","","0","","","","","0.000","2","6","","0","0","0","0.000","0","0","0","0","0","0","","","","","","0.175","Wed, 17 Jul 2024 07:47:44 GMT","","","","","1.1","","","","","","https://www.endeavorfg.com/themes/contrib/stable/css/system/components/system-status-report-counters.css?tg0mv6","2026-06-19 18:34:34"
"https://www.endeavorfg.com/modules/custom/theme_blocks/css/block-content--enhanced-block.css?tg0mv6","text/css","200","OK","Indexable","","","0","0","","0","0","","0","","0","","0","","0","","0","","","","","","","","","","0","0","0","0.000","","0","","","","","0.000","2","4","","0","0","0","0.000","0","0","0","0","0","0","","","","","","0.098","Fri, 08 Nov 2024 09:34:21 GMT","","","","","1.1","","","","","","https://www.endeavorfg.com/modules/custom/theme_blocks/css/block-content--enhanced-block.css?tg0mv6","2026-06-19 18:34:35"
"https://www.endeavorfg.com/products-services/financial-planning","text/html; charset=UTF-8","200","OK","Indexable","","Investment Planning Services | Endeavor Financial Group","55","507","As a trusted advisory firm in IN, we provide strategic financial planning backed by a proven approach. Our experienced advisors are here to support you.","152","934","","0","Financial Planning","18","","0","Financial Planning","18","Contact Information","19","","","","https://www.endeavorfg.com/products-services/financial-planning","","","","","","86664","28174","28174","4.175","","407","70","5.814","60.211","Normal","4.078","2","1","","384","187","0","100.000","25","19","0","8","8","0","","","","","52dfac2da49ff0c89770bd8ab5250101","1.103","","","","","en","1.1","","","","","","https://www.endeavorfg.com/products-services/financial-planning","2026-06-19 18:34:34"
"https://www.endeavorfg.com/node_modules/foundation-sites/dist/js/plugins/foundation.core.js?v=6.5.3","application/javascript","200","OK","Indexable","","","0","0","","0","0","","0","","0","","0","","0","","0","","","","","","","","","","0","0","0","0.000","","0","","","","","0.000","2","5","","0","0","0","0.000","0","0","0","0","0","0","","","","","","0.071","Tue, 27 Aug 2024 21:31:23 GMT","","","","","1.1","","","","","","https://www.endeavorfg.com/node_modules/foundation-sites/dist/js/plugins/foundation.core.js?v=6.5.3","2026-06-19 18:34:35"
"https://www.endeavorfg.com/themes/contrib/stable/css/system/components/position-container.module.css?tg0mv6","text/css","200","OK","Indexable","","","0","0","","0","0","","0","","0","","0","","0","","0","","","","","","","","","","0","0","0","0.000","","0","","","","","0.000","2","6","","0","0","0","0.000","0","0","0","0","0","0","","","","","","0.100","Wed, 17 Jul 2024 07:47:44 GMT","","","","","1.1","","","","","","https://www.endeavorfg.com/themes/contrib/stable/css/system/components/position-container.module.css?tg0mv6","2026-06-19 18:34:35"
"https://www.endeavorfg.com/team-member/joe-bilitz","text/html; charset=UTF-8","200","OK","Indexable","","Joe Bilitz | Advisor | Endeavor Financial Group Indiana","55","476","Meet Joe Bilitz of Endeavor Financial Group. Specializing in retirement planning, investment strategies and personalized guidance services for clients.","151","917","","0","Joe Bilitz","10","","0","Contact Information","19","Our Locations","13","","","","https://www.endeavorfg.com/team-member/joe-bilitz","","","","","","84178","27121","27121","4.019","","84","26","3.231","79.677","Fairly Easy","1.712","2","1","","7","3","0","1.600","24","20","0","8","8","0","","","","","44f1663947ac5abc81b93a63161eff09","1.023","","","","","en","1.1","","","","","","https://www.endeavorfg.com/team-member/joe-bilitz","2026-06-19 18:34:35"
"https://www.endeavorfg.com/sites/endeavorfg0425.us1.advisor.ws/files/styles/featured_fixed_height/public/images/Blog_AW35_2026.jpg.webp?h=c1f6eb13&itok=ykIdcNjV","image/webp","200","OK","Indexable","","","0","0","","0","0","","0","","0","","0","","0","","0","","","","","","","","","","111324","111324","111324","16.498","","0","","","","","0.000","2","7","","0","0","0","0.000","0","0","0","0","0","0","","","","","","0.069","Mon, 15 Jun 2026 22:40:32 GMT","","","","","1.1","","","","","","https://www.endeavorfg.com/sites/endeavorfg0425.us1.advisor.ws/files/styles/featured_fixed_height/public/images/Blog_AW35_2026.jpg.webp?h=c1f6eb13&itok=ykIdcNjV","2026-06-19 18:34:36"
"https://www.endeavorfg.com/themes/custom/aw_core/dist/css/content/blog/img_left.css?tg0mv6","text/css","200","OK","Indexable","","","0","0","","0","0","","0","","0","","0","","0","","0","","","","","","","","","","0","0","0","0.000","","0","","","","","0.000","2","7","","0","0","0","0.000","0","0","0","0","0","0","","","","","","0.095","Thu, 28 May 2026 12:43:38 GMT","","","","","1.1","","","","","","https://www.endeavorfg.com/themes/custom/aw_core/dist/css/content/blog/img_left.css?tg0mv6","2026-06-19 18:34:36"
"https://www.endeavorfg.com/modules/custom/aw_content_mgt/js/node_edit_modal.min.js?v=10.6.7","application/javascript","200","OK","Indexable","","","0","0","","0","0","","0","","0","","0","","0","","0","","","","","","","","","","0","0","0","0.000","","0","","","","","0.000","2","4","","0","0","0","0.000","0","0","0","0","0","0","","","","","","0.110","Sun, 16 Jun 2024 15:31:27 GMT","","","","","1.1","","","","","","https://www.endeavorfg.com/modules/custom/aw_content_mgt/js/node_edit_modal.min.js?v=10.6.7","2026-06-19 18:34:36"
"https://www.endeavorfg.com/blog/estate-plan-looks-complete-paper","text/html; charset=UTF-8","200","OK","Indexable","","The Estate Plan That Looks Complete on Paper | Endeavor Financial Group","71","664","Many estate planning failures aren't dramatic. There's no missing will, no family feud, no document anyone forgot to sign.The plan is right there in the drawer. The folder is labeled. The signatures are in place.It just doesn't do what the family thought it would do.That's the version of estate planning that catches people off guard — not the absence of a plan, but the presence of one that quietly stopped working somewhere along the way. Usually because a single decision, made years earlier with the best of intentions, didn't get rechecked against everything else.","570","3448","","0","The Estate Plan That Looks Complete on Paper","44","","0","Contact Information","19","Our Locations","13","","","","https://www.endeavorfg.com/blog/estate-plan-looks-complete-paper","","","","","","97420","31058","31058","4.603","","1265","243","5.206","70.739","Fairly Easy","9.131","2","1","","54","18","0","9.630","33","29","0","15","15","0","","","","","c941c0968f1366fb56f854ba7661a879","1.059","","","","","en","1.1","","","","","","https://www.endeavorfg.com/blog/estate-plan-looks-complete-paper","2026-06-19 18:34:35"
"https://www.endeavorfg.com/themes/custom/aw_core/js/remove-no-js.min.js?v=1","application/javascript","200","OK","Indexable","","","0","0","","0","0","","0","","0","","0","","0","","0","","","","","","","","","","0","0","0","0.000","","0","","","","","0.000","2","4","","0","0","0","0.000","0","0","0","0","0","0","","","","","","0.056","Thu, 28 May 2026 12:43:38 GMT","","","","","1.1","","","","","","https://www.endeavorfg.com/themes/custom/aw_core/js/remove-no-js.min.js?v=1","2026-06-19 18:34:37"
"https://www.endeavorfg.com/themes/custom/aw_core/dist/css/icons.css?tg0mv6","text/css","200","OK","Indexable","","","0","0","","0","0","","0","","0","","0","","0","","0","","","","","","","","","","0","0","0","0.000","","0","","","","","0.000","2","5","","0","0","0","0.000","0","0","0","0","0","0","","","","","","0.103","Thu, 28 May 2026 12:43:38 GMT","","","","","1.1","","","","","","https://www.endeavorfg.com/themes/custom/aw_core/dist/css/icons.css?tg0mv6","2026-06-19 18:34:37"
"https://www.endeavorfg.com/themes/custom/aw_core/css/components/align.module.css?tg0mv6","text/css","200","OK","Indexable","","","0","0","","0","0","","0","","0","","0","","0","","0","","","","","","","","","","0","0","0","0.000","","0","","","","","0.000","2","5","","0","0","0","0.000","0","0","0","0","0","0","","","","","","0.098","Thu, 28 May 2026 12:43:38 GMT","","","","","1.1","","","","","","https://www.endeavorfg.com/themes/custom/aw_core/css/components/align.module.css?tg0mv6","2026-06-19 18:34:37"
"https://www.endeavorfg.com/modules/contrib/extlink/js/extlink.js?tg0mv6","application/javascript","200","OK","Indexable","","","0","0","","0","0","","0","","0","","0","","0","","0","","","","","","","","","","0","0","0","0.000","","0","","","","","0.000","2","4","","0","0","0","0.000","0","0","0","0","0","0","","","","","","0.095","Thu, 04 Sep 2025 21:31:45 GMT","","","","","1.1","","","","","","https://www.endeavorfg.com/modules/contrib/extlink/js/extlink.js?tg0mv6","2026-06-19 18:34:37"
"https://www.endeavorfg.com/category/risk-management","text/html; charset=UTF-8","200","OK","Indexable","","Risk Management | Endeavor Financial Group","42","403","","0","0","","0","Risk Management","15","","0","Contact Information","19","Our Locations","13","","","","","","","","","","132392","31164","31164","4.619","","672","179","3.754","71.718","Fairly Easy","3.940","2","1","","155","53","0","28.340","122","47","0","8","8","0","","","","","3d7680ee8b244db81f633f3456ccdc65","1.115","","","","","en","1.1","","","","","","https://www.endeavorfg.com/category/risk-management","2026-06-19 18:34:36"
"https://www.endeavorfg.com/themes/custom/aw_core/dist/css/grid.css?tg0mv6","text/css","200","OK","Indexable","","","0","0","","0","0","","0","","0","","0","","0","","0","","","","","","","","","","0","0","0","0.000","","0","","","","","0.000","2","5","","0","0","0","0.000","0","0","0","0","0","0","","","","","","0.100","Thu, 28 May 2026 12:43:38 GMT","","","","","1.1","","","","","","https://www.endeavorfg.com/themes/custom/aw_core/dist/css/grid.css?tg0mv6","2026-06-19 18:34:37"
"https://www.endeavorfg.com/modules/custom/theme_blocks/css/block-content--banner.css?tg0mv6","text/css","200","OK","Indexable","","","0","0","","0","0","","0","","0","","0","","0","","0","","","","","","","","","","0","0","0","0.000","","0","","","","","0.000","2","4","","0","0","0","0.000","0","0","0","0","0","0","","","","","","0.097","Fri, 08 Nov 2024 09:34:21 GMT","","","","","1.1","","","","","","https://www.endeavorfg.com/modules/custom/theme_blocks/css/block-content--banner.css?tg0mv6","2026-06-19 18:34:37"
"https://www.endeavorfg.com/node_modules/foundation-sites/dist/js/plugins/foundation.orbit.js?v=6.5.3","application/javascript","200","OK","Indexable","","","0","0","","0","0","","0","","0","","0","","0","","0","","","","","","","","","","0","0","0","0.000","","0","","","","","0.000","2","5","","0","0","0","0.000","0","0","0","0","0","0","","","","","","0.098","Tue, 27 Aug 2024 21:31:23 GMT","","","","","1.1","","","","","","https://www.endeavorfg.com/node_modules/foundation-sites/dist/js/plugins/foundation.orbit.js?v=6.5.3","2026-06-19 18:34:37"
"https://www.endeavorfg.com/useful-websites","text/html; charset=UTF-8","200","OK","Indexable","","Useful Links | Wealth Management | Endeavor Financial Group","59","553","Provided here are some useful financial services links that assist with better wealth planning & strategic investment management strategies in Indiana.","151","928","","0","Useful Links","12","","0","Contact Information","19","Our Locations","13","","","","https://www.endeavorfg.com/useful-websites","","","","","","85284","27822","27822","4.123","","291","64","4.547","59.766","Fairly Hard","3.195","2","0","","190","187","0","100.000","24","19","0","15","15","0","","","","","e1544cb11efabf54414fd98222ff563f","1.011","","","","","en","1.1","","","","","","https://www.endeavorfg.com/useful-websites","2026-06-19 18:34:37"
"https://www.endeavorfg.com/category/investments","text/html; charset=UTF-8","200","OK","Indexable","","Investments | Endeavor Financial Group","38","353","","0","0","","0","Investments","11","","0","Contact Information","19","Our Locations","13","","","","","","","","","","133513","31280","31280","4.636","","658","175","3.760","74.319","Fairly Easy","3.811","2","1","","273","81","0","43.320","117","47","0","8","8","0","","","","","416587a5cac9e484885e3e66d68ca3d1","1.950","","","","","en","1.1","","","","","","https://www.endeavorfg.com/category/investments","2026-06-19 18:34:36"
"https://www.endeavorfg.com/sites/endeavorfg0425.us1.advisor.ws/files/styles/featured_fixed_height/public/images/Blog_AW34_2026.jpg.webp?h=c1f6eb13&itok=QoH2bg-O","image/webp","200","OK","Indexable","","","0","0","","0","0","","0","","0","","0","","0","","0","","","","","","","","","","86876","86876","86876","12.875","","0","","","","","0.000","2","7","","0","0","0","0.000","0","0","0","0","0","0","","","","","","0.059","Mon, 15 Jun 2026 22:40:32 GMT","","","","","1.1","","","","","","https://www.endeavorfg.com/sites/endeavorfg0425.us1.advisor.ws/files/styles/featured_fixed_height/public/images/Blog_AW34_2026.jpg.webp?h=c1f6eb13&itok=QoH2bg-O","2026-06-19 18:34:38"
"https://www.endeavorfg.com/products-services/financial-planning-business-owners","text/html; charset=UTF-8","200","OK","Indexable","","Planning for Business Owners | Endeavor Financial Group IN","58","532","Our planners help business owners manage personal finances, including insurance, wealth retirement planning, and business succession strategies.","144","910","","0","Financial Planning for Business Owners","38","","0","Financial Planning for Business Owners","38","Contact Information","19","","","","https://www.endeavorfg.com/products-services/financial-planning-business-owners","","","","","","88632","28927","28927","4.287","","705","113","6.239","61.542","Normal","5.952","2","1","","344","187","0","100.000","25","20","0","8","8","0","","","","","160ce013d1d32bbb33a95737d93418f4","1.745","","","","","en","1.1","","","","","","https://www.endeavorfg.com/products-services/financial-planning-business-owners","2026-06-19 18:34:37"
"https://www.endeavorfg.com/modules/contrib/addtoany/js/addtoany.js?v=10.6.7","application/javascript","200","OK","Indexable","","","0","0","","0","0","","0","","0","","0","","0","","0","","","","","","","","","","0","0","0","0.000","","0","","","","","0.000","2","4","","0","0","0","0.000","0","0","0","0","0","0","","","","","","0.055","Tue, 19 Nov 2024 02:35:15 GMT","","","","","1.1","","","","","","https://www.endeavorfg.com/modules/contrib/addtoany/js/addtoany.js?v=10.6.7","2026-06-19 18:34:39"
"https://www.endeavorfg.com/node_modules/foundation-sites/dist/js/plugins/foundation.util.nest.js?v=6.5.3","application/javascript","200","OK","Indexable","","","0","0","","0","0","","0","","0","","0","","0","","0","","","","","","","","","","0","0","0","0.000","","0","","","","","0.000","2","5","","0","0","0","0.000","0","0","0","0","0","0","","","","","","0.052","Tue, 27 Aug 2024 21:31:23 GMT","","","","","1.1","","","","","","https://www.endeavorfg.com/node_modules/foundation-sites/dist/js/plugins/foundation.util.nest.js?v=6.5.3","2026-06-19 18:34:39"
"https://www.endeavorfg.com/themes/custom/aw_core/dist/css/typography.css?tg0mv6","text/css","200","OK","Indexable","","","0","0","","0","0","","0","","0","","0","","0","","0","","","","","","","","","","0","0","0","0.000","","0","","","","","0.000","2","5","","0","0","0","0.000","0","0","0","0","0","0","","","","","","0.105","Thu, 28 May 2026 12:43:38 GMT","","","","","1.1","","","","","","https://www.endeavorfg.com/themes/custom/aw_core/dist/css/typography.css?tg0mv6","2026-06-19 18:34:39"
"https://www.endeavorfg.com/modules/custom/aw_analytics_tracking/js/aw-gtag.min.js?v=10.6.7","application/javascript","200","OK","Indexable","","","0","0","","0","0","","0","","0","","0","","0","","0","","","","","","","","","","0","0","0","0.000","","0","","","","","0.000","2","4","","0","0","0","0.000","0","0","0","0","0","0","","","","","","0.103","Sun, 16 Jun 2024 15:31:27 GMT","","","","","1.1","","","","","","https://www.endeavorfg.com/modules/custom/aw_analytics_tracking/js/aw-gtag.min.js?v=10.6.7","2026-06-19 18:34:39"
"https://www.endeavorfg.com/themes/contrib/stable/css/system/components/js.module.css?tg0mv6","text/css","200","OK","Indexable","","","0","0","","0","0","","0","","0","","0","","0","","0","","","","","","","","","","0","0","0","0.000","","0","","","","","0.000","2","6","","0","0","0","0.000","0","0","0","0","0","0","","","","","","0.107","Wed, 17 Jul 2024 07:47:44 GMT","","","","","1.1","","","","","","https://www.endeavorfg.com/themes/contrib/stable/css/system/components/js.module.css?tg0mv6","2026-06-19 18:34:39"
"https://www.endeavorfg.com/themes/contrib/stable/css/system/components/nowrap.module.css?tg0mv6","text/css","200","OK","Indexable","","","0","0","","0","0","","0","","0","","0","","0","","0","","","","","","","","","","0","0","0","0.000","","0","","","","","0.000","2","6","","0","0","0","0.000","0","0","0","0","0","0","","","","","","0.096","Wed, 17 Jul 2024 07:47:44 GMT","","","","","1.1","","","","","","https://www.endeavorfg.com/themes/contrib/stable/css/system/components/nowrap.module.css?tg0mv6","2026-06-19 18:34:39"
"https://www.endeavorfg.com/themes/custom/aw_core/dist/css/content/products_services/noimage_constrained.css?tg0mv6","text/css","200","OK","Indexable","","","0","0","","0","0","","0","","0","","0","","0","","0","","","","","","","","","","0","0","0","0.000","","0","","","","","0.000","2","7","","0","0","0","0.000","0","0","0","0","0","0","","","","","","0.108","Thu, 28 May 2026 12:43:38 GMT","","","","","1.1","","","","","","https://www.endeavorfg.com/themes/custom/aw_core/dist/css/content/products_services/noimage_constrained.css?tg0mv6","2026-06-19 18:34:39"
"https://www.endeavorfg.com/core/assets/vendor/tabbable/index.umd.min.js?v=6.3.0","application/javascript","200","OK","Indexable","","","0","0","","0","0","","0","","0","","0","","0","","0","","","","","","","","","","0","0","0","0.000","","0","","","","","0.000","2","4","","0","0","0","0.000","0","0","0","0","0","0","","","","","","0.111","Wed, 15 Apr 2026 16:19:28 GMT","","","","","1.1","","","","","","https://www.endeavorfg.com/core/assets/vendor/tabbable/index.umd.min.js?v=6.3.0","2026-06-19 18:34:39"
"https://www.endeavorfg.com/sites/endeavorfg0425.us1.advisor.ws/files/styles/portrait_500x600/public/images/492a5620_1.jpg.webp?h=d8b83995&itok=yeMeIjc1","image/webp","200","OK","Indexable","","","0","0","","0","0","","0","","0","","0","","0","","0","","","","","","","","","","65000","65000","65000","9.633","","0","","","","","0.000","2","7","","0","0","0","0.000","0","0","0","0","0","0","","","","","","0.096","Mon, 15 Jun 2026 22:40:29 GMT","","","","","1.1","","","","","","https://www.endeavorfg.com/sites/endeavorfg0425.us1.advisor.ws/files/styles/portrait_500x600/public/images/492a5620_1.jpg.webp?h=d8b83995&itok=yeMeIjc1","2026-06-19 18:34:40"
"https://www.endeavorfg.com/sites/endeavorfg0425.us1.advisor.ws/files/styles/medium/public/images/brokercheck-white-tp.png.webp?itok=_aMlaWUv","image/webp","200","OK","Indexable","","","0","0","","0","0","","0","","0","","0","","0","","0","","","","","","","","","","5502","5502","5502","0.815","","0","","","","","0.000","2","7","","0","0","0","0.000","0","0","0","0","0","0","","","","","","0.093","Mon, 15 Jun 2026 22:40:51 GMT","","","","","1.1","","","","","","https://www.endeavorfg.com/sites/endeavorfg0425.us1.advisor.ws/files/styles/medium/public/images/brokercheck-white-tp.png.webp?itok=_aMlaWUv","2026-06-19 18:34:40"
"https://www.endeavorfg.com/products-services/individual-securities","text/html; charset=UTF-8","200","OK","Indexable","","Individual Securities Planning | Endeavor Financial Group","57","504","We offer financial security, succession and tax planning, money management, and education savings solutions for individuals, families and business owners.","154","964","","0","Individual Securities","21","","0","Individual Securities","21","Common Stocks","13","","","","https://www.endeavorfg.com/products-services/individual-securities","","","","","","88111","28743","28743","4.260","","685","102","6.716","70.710","Fairly Easy","5.739","2","1","","205","187","0","100.000","25","20","0","8","8","0","","","","","49085ebc4ee1f75ac49552065b52213c","1.044","","","","","en","1.1","","","","","","https://www.endeavorfg.com/products-services/individual-securities","2026-06-19 18:34:40"
"https://www.endeavorfg.com/themes/contrib/stable/css/system/components/reset-appearance.module.css?tg0mv6","text/css","200","OK","Indexable","","","0","0","","0","0","","0","","0","","0","","0","","0","","","","","","","","","","0","0","0","0.000","","0","","","","","0.000","2","6","","0","0","0","0.000","0","0","0","0","0","0","","","","","","0.063","Wed, 17 Jul 2024 07:47:44 GMT","","","","","1.1","","","","","","https://www.endeavorfg.com/themes/contrib/stable/css/system/components/reset-appearance.module.css?tg0mv6","2026-06-19 18:34:41"
"https://www.endeavorfg.com/cdn-cgi/l/email-protection","text/html","404","Not Found","Non-Indexable","Client Error","","0","0","","0","0","","0","","0","","0","","0","","0","","","","","","","","","","0","0","0","0.000","","0","","","","","0.000","2","2","","188","187","0","100.000","0","0","0","0","0","0","","","","","","0.050","","","","","","1.1","","","","","","https://www.endeavorfg.com/cdn-cgi/l/email-protection","2026-06-19 18:34:41"
"https://www.endeavorfg.com/themes/contrib/stable/js/ajax.js?v=10.6.7","application/javascript","200","OK","Indexable","","","0","0","","0","0","","0","","0","","0","","0","","0","","","","","","","","","","0","0","0","0.000","","0","","","","","0.000","2","4","","0","0","0","0.000","0","0","0","0","0","0","","","","","","0.085","Wed, 17 Jul 2024 07:47:44 GMT","","","","","1.1","","","","","","https://www.endeavorfg.com/themes/contrib/stable/js/ajax.js?v=10.6.7","2026-06-19 18:34:41"
"https://www.endeavorfg.com/themes/custom/aw_core/js/underscore_fallback.min.js?v=10.6.7","application/javascript","200","OK","Indexable","","","0","0","","0","0","","0","","0","","0","","0","","0","","","","","","","","","","0","0","0","0.000","","0","","","","","0.000","2","4","","0","0","0","0.000","0","0","0","0","0","0","","","","","","0.089","Thu, 28 May 2026 12:43:38 GMT","","","","","1.1","","","","","","https://www.endeavorfg.com/themes/custom/aw_core/js/underscore_fallback.min.js?v=10.6.7","2026-06-19 18:34:41"
"https://www.endeavorfg.com/products-services","text/html; charset=UTF-8","200","OK","Indexable","","Products & Services | Endeavor Financial Group","46","420","","0","0","","0","Products & Services","19","","0","Contact Information","19","Our Locations","13","","","","","","","","","","93573","28387","28387","4.207","","375","66","5.682","51.044","Fairly Hard","3.646","2","0","","207","187","0","100.000","36","19","0","8","8","0","","","","","672db3ccbeebac8cd88f4803e8c0a72","1.249","","","","","en","1.1","","","","","","https://www.endeavorfg.com/products-services","2026-06-19 18:34:40"
"https://www.endeavorfg.com/core/assets/vendor/loadjs/loadjs.min.js?v=4.3.0","application/javascript","200","OK","Indexable","","","0","0","","0","0","","0","","0","","0","","0","","0","","","","","","","","","","0","0","0","0.000","","0","","","","","0.000","2","4","","0","0","0","0.000","0","0","0","0","0","0","","","","","","0.058","Wed, 15 Apr 2026 16:19:28 GMT","","","","","1.1","","","","","","https://www.endeavorfg.com/core/assets/vendor/loadjs/loadjs.min.js?v=4.3.0","2026-06-19 18:34:41"
"https://www.endeavorfg.com/themes/custom/aw_core/dist/css/reset.css?tg0mv6","text/css","200","OK","Indexable","","","0","0","","0","0","","0","","0","","0","","0","","0","","","","","","","","","","0","0","0","0.000","","0","","","","","0.000","2","5","","0","0","0","0.000","0","0","0","0","0","0","","","","","","0.087","Thu, 28 May 2026 12:43:38 GMT","","","","","1.1","","","","","","https://www.endeavorfg.com/themes/custom/aw_core/dist/css/reset.css?tg0mv6","2026-06-19 18:34:41"
"https://www.endeavorfg.com/core/misc/debounce.js?v=10.6.7","application/javascript","200","OK","Indexable","","","0","0","","0","0","","0","","0","","0","","0","","0","","","","","","","","","","0","0","0","0.000","","0","","","","","0.000","2","2","","0","0","0","0.000","0","0","0","0","0","0","","","","","","0.089","Wed, 15 Apr 2026 16:19:28 GMT","","","","","1.1","","","","","","https://www.endeavorfg.com/core/misc/debounce.js?v=10.6.7","2026-06-19 18:34:41"
"https://www.endeavorfg.com/themes/custom/aw_core/dist/css/blocks.css?tg0mv6","text/css","200","OK","Indexable","","","0","0","","0","0","","0","","0","","0","","0","","0","","","","","","","","","","0","0","0","0.000","","0","","","","","0.000","2","5","","0","0","0","0.000","0","0","0","0","0","0","","","","","","0.104","Thu, 28 May 2026 12:43:38 GMT","","","","","1.1","","","","","","https://www.endeavorfg.com/themes/custom/aw_core/dist/css/blocks.css?tg0mv6","2026-06-19 18:34:41"
"https://www.endeavorfg.com/node_modules/foundation-sites/dist/js/plugins/foundation.responsiveToggle.js?v=6.5.3","application/javascript","200","OK","Indexable","","","0","0","","0","0","","0","","0","","0","","0","","0","","","","","","","","","","0","0","0","0.000","","0","","","","","0.000","2","5","","0","0","0","0.000","0","0","0","0","0","0","","","","","","0.096","Tue, 27 Aug 2024 21:31:23 GMT","","","","","1.1","","","","","","https://www.endeavorfg.com/node_modules/foundation-sites/dist/js/plugins/foundation.responsiveToggle.js?v=6.5.3","2026-06-19 18:34:41"
"https://www.endeavorfg.com/themes/contrib/stable/css/system/components/system-status-counter.css?tg0mv6","text/css","200","OK","Indexable","","","0","0","","0","0","","0","","0","","0","","0","","0","","","","","","","","","","0","0","0","0.000","","0","","","","","0.000","2","6","","0","0","0","0.000","0","0","0","0","0","0","","","","","","0.089","Wed, 17 Jul 2024 07:47:44 GMT","","","","","1.1","","","","","","https://www.endeavorfg.com/themes/contrib/stable/css/system/components/system-status-counter.css?tg0mv6","2026-06-19 18:34:41"
"https://www.endeavorfg.com/core/misc/ajax.js?v=10.6.7","application/javascript","200","OK","Indexable","","","0","0","","0","0","","0","","0","","0","","0","","0","","","","","","","","","","0","0","0","0.000","","0","","","","","0.000","2","2","","0","0","0","0.000","0","0","0","0","0","0","","","","","","0.115","Wed, 15 Apr 2026 16:19:28 GMT","","","","","1.1","","","","","","https://www.endeavorfg.com/core/misc/ajax.js?v=10.6.7","2026-06-19 18:34:42"
"https://www.endeavorfg.com/category/property","text/html; charset=UTF-8","200","OK","Indexable","","Property | Endeavor Financial Group","35","318","","0","0","","0","Property","8","","0","Contact Information","19","Our Locations","13","","","","","","","","","","91267","28061","28061","4.159","","187","53","3.528","70.699","Fairly Easy","2.290","2","1","","28","21","0","11.230","44","31","0","8","8","0","","","","","af07a414cbc2f05d60bc83f1c54f67ec","1.248","","","","","en","1.1","","","","","","https://www.endeavorfg.com/category/property","2026-06-19 18:34:41"
"https://www.endeavorfg.com/themes/contrib/stable/css/system/components/system-status-report-general-info.css?tg0mv6","text/css","200","OK","Indexable","","","0","0","","0","0","","0","","0","","0","","0","","0","","","","","","","","","","0","0","0","0.000","","0","","","","","0.000","2","6","","0","0","0","0.000","0","0","0","0","0","0","","","","","","0.061","Wed, 17 Jul 2024 07:47:44 GMT","","","","","1.1","","","","","","https://www.endeavorfg.com/themes/contrib/stable/css/system/components/system-status-report-general-info.css?tg0mv6","2026-06-19 18:34:43"
"https://www.endeavorfg.com/book-meeting","text/html; charset=UTF-8","200","OK","Indexable","","Book A Meeting | Wealth Planning | Endeavor Financial Group","59","543","Contact Endeavor Financial Group for personalized consultations, expert advice & support to help you with retirement, investments and wealth management.","152","968","","0","Book a Meeting","14","","0","Endeavor Financial Group","24","Get In Touch","12","","","","https://www.endeavorfg.com/book-meeting","","","","","","92124","28671","28671","4.249","","142","42","3.381","80.674","Easy","2.006","2","0","","268","187","0","100.000","25","19","0","8","8","0","","","","","43bbb61dc0db22b8fa3d47726e22945b","1.274","","","","","en","1.1","","","","","","https://www.endeavorfg.com/book-meeting","2026-06-19 18:34:41"
"https://www.endeavorfg.com/themes/custom/aw_core/js/foundation.dropdownMenu.js?v=6.5.3","application/javascript","200","OK","Indexable","","","0","0","","0","0","","0","","0","","0","","0","","0","","","","","","","","","","0","0","0","0.000","","0","","","","","0.000","2","4","","0","0","0","0.000","0","0","0","0","0","0","","","","","","0.079","Thu, 28 May 2026 12:43:38 GMT","","","","","1.1","","","","","","https://www.endeavorfg.com/themes/custom/aw_core/js/foundation.dropdownMenu.js?v=6.5.3","2026-06-19 18:34:43"
"https://www.endeavorfg.com/themes/custom/aw_core/css/global.css?tg0mv6","text/css","200","OK","Indexable","","","0","0","","0","0","","0","","0","","0","","0","","0","","","","","","","","","","0","0","0","0.000","","0","","","","","0.000","2","4","","0","0","0","0.000","0","0","0","0","0","0","","","","","","1.388","Thu, 28 May 2026 12:43:38 GMT","","","","","1.1","","","","","","https://www.endeavorfg.com/themes/custom/aw_core/css/global.css?tg0mv6","2026-06-19 18:34:41"
"https://www.endeavorfg.com/themes/custom/aw_core/js/foundation.responsiveMenu.js?v=6.5.3","application/javascript","200","OK","Indexable","","","0","0","","0","0","","0","","0","","0","","0","","0","","","","","","","","","","0","0","0","0.000","","0","","","","","0.000","2","4","","0","0","0","0.000","0","0","0","0","0","0","","","","","","0.094","Thu, 28 May 2026 12:43:38 GMT","","","","","1.1","","","","","","https://www.endeavorfg.com/themes/custom/aw_core/js/foundation.responsiveMenu.js?v=6.5.3","2026-06-19 18:34:43"
"https://www.endeavorfg.com/sites/endeavorfg0425.us1.advisor.ws/files/dynamic-styles/946fed31-f1f0-4982-acb4-162182aa61bb.css?tg0mv6","text/css","200","OK","Indexable","","","0","0","","0","0","","0","","0","","0","","0","","0","","","","","","","","","","0","0","0","0.000","","0","","","","","0.000","2","4","","0","0","0","0.000","0","0","0","0","0","0","","","","","","0.093","Tue, 02 Jun 2026 17:49:55 GMT","","","","","1.1","","","","","","https://www.endeavorfg.com/sites/endeavorfg0425.us1.advisor.ws/files/dynamic-styles/946fed31-f1f0-4982-acb4-162182aa61bb.css?tg0mv6","2026-06-19 18:34:43"
"https://www.endeavorfg.com/themes/contrib/stable/css/system/components/item-list.module.css?tg0mv6","text/css","200","OK","Indexable","","","0","0","","0","0","","0","","0","","0","","0","","0","","","","","","","","","","0","0","0","0.000","","0","","","","","0.000","2","6","","0","0","0","0.000","0","0","0","0","0","0","","","","","","0.093","Wed, 17 Jul 2024 07:47:44 GMT","","","","","1.1","","","","","","https://www.endeavorfg.com/themes/contrib/stable/css/system/components/item-list.module.css?tg0mv6","2026-06-19 18:34:43"
"https://www.endeavorfg.com/themes/contrib/stable/css/views/views.module.css?tg0mv6","text/css","200","OK","Indexable","","","0","0","","0","0","","0","","0","","0","","0","","0","","","","","","","","","","0","0","0","0.000","","0","","","","","0.000","2","5","","0","0","0","0.000","0","0","0","0","0","0","","","","","","0.108","Wed, 17 Jul 2024 07:47:44 GMT","","","","","1.1","","","","","","https://www.endeavorfg.com/themes/contrib/stable/css/views/views.module.css?tg0mv6","2026-06-19 18:34:43"
"https://www.endeavorfg.com/modules/custom/aw_accessibility/js/aw_editoria11y.min.js?v=10.6.7","application/javascript","200","OK","Indexable","","","0","0","","0","0","","0","","0","","0","","0","","0","","","","","","","","","","0","0","0","0.000","","0","","","","","0.000","2","4","","0","0","0","0.000","0","0","0","0","0","0","","","","","","0.094","Wed, 23 Apr 2025 13:26:58 GMT","","","","","1.1","","","","","","https://www.endeavorfg.com/modules/custom/aw_accessibility/js/aw_editoria11y.min.js?v=10.6.7","2026-06-19 18:34:43"
"https://www.endeavorfg.com/themes/custom/aw_core/dist/css/banner.css?tg0mv6","text/css","200","OK","Indexable","","","0","0","","0","0","","0","","0","","0","","0","","0","","","","","","","","","","0","0","0","0.000","","0","","","","","0.000","2","5","","0","0","0","0.000","0","0","0","0","0","0","","","","","","0.097","Thu, 28 May 2026 12:43:38 GMT","","","","","1.1","","","","","","https://www.endeavorfg.com/themes/custom/aw_core/dist/css/banner.css?tg0mv6","2026-06-19 18:34:43"
"https://www.endeavorfg.com/modules/custom/dashboard/js/webfont.min.js?v=10.6.7","application/javascript","200","OK","Indexable","","","0","0","","0","0","","0","","0","","0","","0","","0","","","","","","","","","","0","0","0","0.000","","0","","","","","0.000","2","4","","0","0","0","0.000","0","0","0","0","0","0","","","","","","0.100","Sun, 16 Jun 2024 15:31:27 GMT","","","","","1.1","","","","","","https://www.endeavorfg.com/modules/custom/dashboard/js/webfont.min.js?v=10.6.7","2026-06-19 18:34:43"
"https://www.endeavorfg.com/calculator-library","text/html; charset=UTF-8","200","OK","Indexable","","Wealth Services and Calculators | Endeavor Financial Group","58","530","Explore these third-party financial calculators designed to guide you through the wealth planning and investment management process with confidence.","148","938","","0","Financial Calculators","21","","0","Contact Information","19","Our Locations","13","","","","https://www.endeavorfg.com/calculator-library","","","","","","94186","28904","28904","4.284","","670","123","5.447","72.386","Fairly Easy","4.987","2","0","","239","187","0","100.000","24","19","0","59","59","0","","","","","48c7b7366502ca4cb4dc21d06afdf726","1.111","","","","","en","1.1","","","","","","https://www.endeavorfg.com/calculator-library","2026-06-19 18:34:43"
"https://www.endeavorfg.com/frequently-asked-questions","text/html; charset=UTF-8","200","OK","Indexable","","Frequently Asked Questions | Endeavor Financial Group","53","491","Endeavor FG — Frequently Asked Questions by Location🌐 General FAQs (Applicable to All Locations)","97","626","","0","Frequently Asked Questions","26","","0","Contact Information","19","Our Locations","13","","","","https://www.endeavorfg.com/frequently-asked-questions","","","","","","96768","31119","31119","4.612","","1870","319","5.862","64.575","Normal","12.733","2","0","","377","187","0","100.000","24","19","0","8","8","0","","","","","52e178de7f785f67a10f36174d53f8e1","1.028","","","","","en","1.1","","","","","","https://www.endeavorfg.com/frequently-asked-questions","2026-06-19 18:34:43"
"https://www.endeavorfg.com/products-services/asset-management","text/html; charset=UTF-8","200","OK","Indexable","","Asset Management Planning | Endeavor Financial Group","52","500","Seeking financial asset management? We offer private retirement planning and tactical asset allocation strategies tailored to your needs in Indiana.","148","906","","0","Asset Management","16","","0","Asset Management","16","Contact Information","19","","","","https://www.endeavorfg.com/products-services/asset-management","","","","","","88062","28767","28767","4.263","","627","103","6.087","61.141","Normal","5.529","2","1","","297","187","0","100.000","25","20","0","8","8","0","","","","","3400b2984f007992fcc2cdb90231e8c7","1.178","","","","","en","1.1","","","","","","https://www.endeavorfg.com/products-services/asset-management","2026-06-19 18:34:43"
"https://www.endeavorfg.com/themes/contrib/stable/css/core/components/progress.module.css?tg0mv6","text/css","200","OK","Indexable","","","0","0","","0","0","","0","","0","","0","","0","","0","","","","","","","","","","0","0","0","0.000","","0","","","","","0.000","2","6","","0","0","0","0.000","0","0","0","0","0","0","","","","","","0.051","Wed, 17 Jul 2024 07:47:44 GMT","","","","","1.1","","","","","","https://www.endeavorfg.com/themes/contrib/stable/css/core/components/progress.module.css?tg0mv6","2026-06-19 18:34:44"
"https://www.endeavorfg.com/themes/contrib/stable/css/core/components/ajax-progress.module.css?tg0mv6","text/css","200","OK","Indexable","","","0","0","","0","0","","0","","0","","0","","0","","0","","","","","","","","","","0","0","0","0.000","","0","","","","","0.000","2","6","","0","0","0","0.000","0","0","0","0","0","0","","","","","","0.050","Wed, 17 Jul 2024 07:47:44 GMT","","","","","1.1","","","","","","https://www.endeavorfg.com/themes/contrib/stable/css/core/components/ajax-progress.module.css?tg0mv6","2026-06-19 18:34:44"
"https://www.endeavorfg.com/modules/custom/aw_fonts/css/lato.css?tg0mv6","text/css","200","OK","Indexable","","","0","0","","0","0","","0","","0","","0","","0","","0","","","","","","","","","","0","0","0","0.000","","0","","","","","0.000","2","4","","0","0","0","0.000","0","0","0","0","0","0","","","","","","0.056","Thu, 19 Sep 2024 09:40:33 GMT","","","","","1.1","","","","","","https://www.endeavorfg.com/modules/custom/aw_fonts/css/lato.css?tg0mv6","2026-06-19 18:34:44"
"https://www.endeavorfg.com/themes/custom/aw_core/dist/css/content/team/base.css?tg0mv6","text/css","200","OK","Indexable","","","0","0","","0","0","","0","","0","","0","","0","","0","","","","","","","","","","0","0","0","0.000","","0","","","","","0.000","2","7","","0","0","0","0.000","0","0","0","0","0","0","","","","","","0.107","Thu, 28 May 2026 12:43:38 GMT","","","","","1.1","","","","","","https://www.endeavorfg.com/themes/custom/aw_core/dist/css/content/team/base.css?tg0mv6","2026-06-19 18:34:44"
"https://www.endeavorfg.com/sites/endeavorfg0425.us1.advisor.ws/files/dynamic-styles/21a16750-2cab-4479-834a-f60e44c10400.css?tg0mv6","text/css","200","OK","Indexable","","","0","0","","0","0","","0","","0","","0","","0","","0","","","","","","","","","","0","0","0","0.000","","0","","","","","0.000","2","4","","0","0","0","0.000","0","0","0","0","0","0","","","","","","0.101","Tue, 02 Jun 2026 17:49:55 GMT","","","","","1.1","","","","","","https://www.endeavorfg.com/sites/endeavorfg0425.us1.advisor.ws/files/dynamic-styles/21a16750-2cab-4479-834a-f60e44c10400.css?tg0mv6","2026-06-19 18:34:44"
"https://www.endeavorfg.com/team-member/mike-gonzales","text/html; charset=UTF-8","200","OK","Indexable","","Mike Gonzales | Advisor | Endeavor Financial Group Indiana","58","525","Mike Gonzales is the President of Endeavor Financial Group. He provides wealth investment planning, retirement strategies and risk management services.","151","951","","0","Mike Gonzales","13","","0","Contact Information","19","Our Locations","13","","","","https://www.endeavorfg.com/team-member/mike-gonzales","","","","","","85376","27549","27549","4.083","","168","38","4.421","54.801","Fairly Hard","2.399","2","1","","7","3","0","1.600","24","20","0","8","8","0","","","","","191ff2f3e46af2206fc9eddad098a9e9","1.124","","","","","en","1.1","","","","","","https://www.endeavorfg.com/team-member/mike-gonzales","2026-06-19 18:34:43"
"https://www.endeavorfg.com/who-we-serve","text/html; charset=UTF-8","200","OK","Indexable","","Who We Serve | Wealth Planning | Endeavor Financial Group","57","533","Take charge of your financial future with expert wealth management and retirement investment services tailored to help you achieve your goals.","142","885","","0","Who We Serve","12","","0","Contact Information","19","Our Locations","13","","","","https://www.endeavorfg.com/who-we-serve","","","","","","88314","28325","28325","4.198","","401","61","6.574","64.929","Normal","3.860","2","0","","231","187","0","100.000","25","19","0","8","8","0","","","","","d42ea2c2ba5c7d37f4df65ae9778622a","1.074","","","","","en","1.1","","","","","","https://www.endeavorfg.com/who-we-serve","2026-06-19 18:34:44"
"https://www.endeavorfg.com/sites/endeavorfg0425.us1.advisor.ws/files/styles/raw_banner/public/images/beautiful_sunset_landscape_over_a_meadow.jpeg.webp?itok=KBHijs0j","image/webp","200","OK","Indexable","","","0","0","","0","0","","0","","0","","0","","0","","0","","","","","","","","","","344750","344750","344750","51.092","","0","","","","","0.000","3","7","","0","0","0","0.000","0","0","0","0","0","0","","","","","","0.069","Mon, 15 Jun 2026 22:40:51 GMT","","","","","1.1","","","","","","https://www.endeavorfg.com/sites/endeavorfg0425.us1.advisor.ws/files/styles/raw_banner/public/images/beautiful_sunset_landscape_over_a_meadow.jpeg.webp?itok=KBHijs0j","2026-06-19 18:34:45"
"https://www.endeavorfg.com/category/disability","text/html; charset=UTF-8","200","OK","Indexable","","Disability | Endeavor Financial Group","37","323","","0","0","","0","Disability","10","","0","Contact Information","19","Our Locations","13","","","","","","","","","","91095","28075","28075","4.161","","182","50","3.640","64.155","Normal","2.279","3","1","","20","14","0","7.490","42","30","0","8","8","0","","","","","c378789aa751aa57117b6082e6c35a43","1.129","","","","","en","1.1","","","","","","https://www.endeavorfg.com/category/disability","2026-06-19 18:34:44"
"https://www.endeavorfg.com/sites/endeavorfg0425.us1.advisor.ws/files/styles/slider_s/public/images/sergiu-valena-spAc4S6F4zg-unsplash%20(1).jpg.webp?itok=5LLduPS_","image/webp","200","OK","Indexable","","","0","0","","0","0","","0","","0","","0","","0","","0","","","","","","","","","","17706","17706","17706","2.624","","0","","","","","0.000","3","7","","0","0","0","0.000","0","0","0","0","0","0","","","","","","0.051","Tue, 16 Jun 2026 01:00:52 GMT","","","","","1.1","","","","","","https://www.endeavorfg.com/sites/endeavorfg0425.us1.advisor.ws/files/styles/slider_s/public/images/sergiu-valena-spAc4S6F4zg-unsplash%20%281%29.jpg.webp?itok=5LLduPS_","2026-06-19 18:34:45"
"https://www.endeavorfg.com/sites/endeavorfg0425.us1.advisor.ws/files/styles/slider_s/public/images/Blog_Tax_Planning.jpg.webp?itok=bdRKz-Rt","image/webp","200","OK","Indexable","","","0","0","","0","0","","0","","0","","0","","0","","0","","","","","","","","","","15546","15546","15546","2.304","","0","","","","","0.000","3","7","","0","0","0","0.000","0","0","0","0","0","0","","","","","","1.266","Thu, 18 Jun 2026 10:53:13 GMT","","","","","1.1","","","","","","https://www.endeavorfg.com/sites/endeavorfg0425.us1.advisor.ws/files/styles/slider_s/public/images/Blog_Tax_Planning.jpg.webp?itok=bdRKz-Rt","2026-06-19 18:34:44"
"https://www.endeavorfg.com/sites/endeavorfg0425.us1.advisor.ws/files/styles/slider_s/public/images/Blog_Estate_Planning_Mistakes_VIN.jpg.webp?itok=e26Zm6DR","image/webp","200","OK","Indexable","","","0","0","","0","0","","0","","0","","0","","0","","0","","","","","","","","","","15712","15712","15712","2.329","","0","","","","","0.000","3","7","","0","0","0","0.000","0","0","0","0","0","0","","","","","","1.277","Thu, 18 Jun 2026 11:07:40 GMT","","","","","1.1","","","","","","https://www.endeavorfg.com/sites/endeavorfg0425.us1.advisor.ws/files/styles/slider_s/public/images/Blog_Estate_Planning_Mistakes_VIN.jpg.webp?itok=e26Zm6DR","2026-06-19 18:34:44"
"https://www.endeavorfg.com/blog/7-effective-tax-optimization-strategies-high-net-worth-individuals","text/html; charset=UTF-8","200","OK","Indexable","","7 Effective Tax Optimization Strategies for High-Net-Worth Individuals | Endeavor Financial Group","97","866","What does it take to minimize your tax bill, not just this year but in the years to come?The answer varies for each individual. Tax optimization strategies depend heavily on personal assets and financial goals, which are unique to everyone.However, nearly all high-net-worth individuals (HNWIs) share one common objective: reducing their tax obligations to the absolute minimum allowed by law. Achieving this often involves leveraging specific strategies and tools that can work together to optimize personal income, property, and estate taxes.","544","3323","","0","7 Effective Tax Optimization Strategies for High-Net-Worth Individuals","70","","0","Contact Information","19","Our Locations","13","","","","https://www.endeavorfg.com/blog/7-effective-tax-optimization-strategies-high-net-worth-individuals","","","","","","99305","31298","31298","4.638","","1107","297","3.727","33.393","Hard","9.734","3","1","","22","8","0","4.280","29","25","0","27","27","0","","","","","e4acb693f950fd7f29e80367a5f05137","1.038","","","","","en","1.1","","","","","","https://www.endeavorfg.com/blog/7-effective-tax-optimization-strategies-high-net-worth-individuals","2026-06-19 18:34:45"
"https://www.endeavorfg.com/blog/dont-let-these-costly-retirement-mistakes-drain-your-nest-egg","text/html; charset=UTF-8","200","OK","Indexable","","Don’t Let These Costly Retirement Mistakes Drain Your Nest Egg | Endeavor Financial Group","89","816","If you know what mistakes tend to drain retirement savings, you can take caution, make more informed decisions, and stay on track to fund your dream retirement.","160","1003","","0","Don’t Let These Costly Retirement Mistakes Drain Your Nest Egg","62","Don’t Let These Costly Retirement Mistakes Drain Your Nest Egg","62","Top 10 Retirement Savings Mistakes","34","Contact Information","19","","","","https://www.endeavorfg.com/blog/dont-let-these-costly-retirement-mistakes-drain-your-nest-egg","","","","","","97780","31252","31252","4.632","","1524","228","6.684","65.767","Normal","10.375","3","1","","33","11","0","5.880","29","25","0","10","10","0","","","","","b94403a403a5c4d40098a37d59f02baf","1.038","","","","","en","1.1","","","","","","https://www.endeavorfg.com/blog/dont-let-these-costly-retirement-mistakes-drain-your-nest-egg","2026-06-19 18:34:45"
"https://www.endeavorfg.com/taxonomy/term/16/feed","application/rss+xml; charset=utf-8","200","OK","Indexable","","","0","0","","0","0","","0","","0","","0","","0","","0","","","","","","","","","","0","0","0","0.000","","0","","","","","0.000","3","3","","1","1","0","0.530","0","0","0","0","0","0","","","","","","0.739","","","","","","1.1","","","","","","https://www.endeavorfg.com/taxonomy/term/16/feed","2026-06-19 18:34:46"
"https://www.endeavorfg.com/sites/endeavorfg0425.us1.advisor.ws/files/styles/raw_banner/public/images/personal-financial-plan-example-pdf-a-simple-guide-349941_0.png.webp?itok=fGHrnpFW","image/webp","200","OK","Indexable","","","0","0","","0","0","","0","","0","","0","","0","","0","","","","","","","","","","112292","112292","112292","16.642","","0","","","","","0.000","3","7","","0","0","0","0.000","0","0","0","0","0","0","","","","","","0.068","Mon, 15 Jun 2026 22:40:51 GMT","","","","","1.1","","","","","","https://www.endeavorfg.com/sites/endeavorfg0425.us1.advisor.ws/files/styles/raw_banner/public/images/personal-financial-plan-example-pdf-a-simple-guide-349941_0.png.webp?itok=fGHrnpFW","2026-06-19 18:34:47"
"https://www.endeavorfg.com/category/insurance","text/html; charset=UTF-8","200","OK","Indexable","","Insurance | Endeavor Financial Group","36","329","","0","0","","0","Insurance","9","","0","Contact Information","19","Our Locations","13","","","","","","","","","","98871","28877","28877","4.280","","289","82","3.524","66.844","Normal","2.791","3","1","","42","30","0","16.040","62","37","0","8","8","0","","","","","a58b0ea578519737cf955b6915a9827f","1.250","","","","","en","1.1","","","","","","https://www.endeavorfg.com/category/insurance","2026-06-19 18:34:45"
"https://www.endeavorfg.com/themes/custom/aw_core/dist/css/content/blog/imgside_middle_page.css?tg0mv6","text/css","200","OK","Indexable","","","0","0","","0","0","","0","","0","","0","","0","","0","","","","","","","","","","0","0","0","0.000","","0","","","","","0.000","3","7","","0","0","0","0.000","0","0","0","0","0","0","","","","","","0.996","Thu, 28 May 2026 12:43:38 GMT","","","","","1.1","","","","","","https://www.endeavorfg.com/themes/custom/aw_core/dist/css/content/blog/imgside_middle_page.css?tg0mv6","2026-06-19 18:34:46"
"https://www.endeavorfg.com/category/health","text/html; charset=UTF-8","200","OK","Indexable","","Health | Endeavor Financial Group","33","301","","0","0","","0","Health","6","","0","Contact Information","19","Our Locations","13","","","","","","","","","","107140","29299","29299","4.342","","374","104","3.596","65.880","Normal","3.100","3","1","","51","30","0","16.040","76","38","0","8","8","0","","","","","d1d6892587b8ebddb404a5e72bf7fe11","1.172","","","","","en","1.1","","","","","","https://www.endeavorfg.com/category/health","2026-06-19 18:34:47"
"https://www.endeavorfg.com/sites/endeavorfg0425.us1.advisor.ws/files/styles/slider_s/public/images/Blog_AW36_2026.jpg.webp?itok=xHzm1wJ7","image/webp","200","OK","Indexable","","","0","0","","0","0","","0","","0","","0","","0","","0","","","","","","","","","","61030","61030","61030","9.045","","0","","","","","0.000","3","7","","0","0","0","0.000","0","0","0","0","0","0","","","","","","0.064","Tue, 16 Jun 2026 00:57:08 GMT","","","","","1.1","","","","","","https://www.endeavorfg.com/sites/endeavorfg0425.us1.advisor.ws/files/styles/slider_s/public/images/Blog_AW36_2026.jpg.webp?itok=xHzm1wJ7","2026-06-19 18:34:48"
"https://www.endeavorfg.com/sites/endeavorfg0425.us1.advisor.ws/files/styles/slider_s/public/images/Blog_AW35_2026.jpg.webp?itok=7hCkDjIh","image/webp","200","OK","Indexable","","","0","0","","0","0","","0","","0","","0","","0","","0","","","","","","","","","","34630","34630","34630","5.132","","0","","","","","0.000","3","7","","0","0","0","0.000","0","0","0","0","0","0","","","","","","1.309","Thu, 18 Jun 2026 10:28:59 GMT","","","","","1.1","","","","","","https://www.endeavorfg.com/sites/endeavorfg0425.us1.advisor.ws/files/styles/slider_s/public/images/Blog_AW35_2026.jpg.webp?itok=7hCkDjIh","2026-06-19 18:34:47"
"https://www.endeavorfg.com/sites/endeavorfg0425.us1.advisor.ws/files/styles/slider_s/public/images/marc-najera-SwK6MSxTLDE-unsplash%20(1).jpg.webp?itok=46dnhRb1","image/webp","200","OK","Indexable","","","0","0","","0","0","","0","","0","","0","","0","","0","","","","","","","","","","30424","30424","30424","4.509","","0","","","","","0.000","3","7","","0","0","0","0.000","0","0","0","0","0","0","","","","","","0.092","Tue, 16 Jun 2026 01:00:03 GMT","","","","","1.1","","","","","","https://www.endeavorfg.com/sites/endeavorfg0425.us1.advisor.ws/files/styles/slider_s/public/images/marc-najera-SwK6MSxTLDE-unsplash%20%281%29.jpg.webp?itok=46dnhRb1","2026-06-19 18:34:48"
"https://www.endeavorfg.com/category/savings","text/html; charset=UTF-8","200","OK","Indexable","","Savings | Endeavor Financial Group","34","312","","0","0","","0","Savings","7","","0","Contact Information","19","Our Locations","13","","","","","","","","","","131977","31275","31275","4.635","","680","169","4.024","78.090","Fairly Easy","3.844","3","1","","172","62","0","33.160","113","45","0","8","8","0","","","","","d15e1574f15aef6ad818b0f0d22809ff","1.226","","","","","en","1.1","","","","","","https://www.endeavorfg.com/category/savings","2026-06-19 18:34:47"
"https://www.endeavorfg.com/blog/your-role-responsibilities-agent-power-attorney-poa","text/html; charset=UTF-8","200","OK","Indexable","","Your Role & Responsibilities as an Agent in a Power of Attorney (POA) | Endeavor Financial Group","96","862","A power of attorney (POA) can grant you certain authority and specific responsibilities. While the extent and limitations of POAs can vary based on many factors, stepping into the role of power of attorney can be unlike anything else. That’s because it puts you in the driver’s seat to make key decisions and oversee vital needs for someone else. That doesn’t mean that POAs come with carte-blanche powers or that one power of attorney will mirror another. Explaining how POAs work, this guide shares more fundamentals, detailing some common types of powers of attorney and the responsibilities you may have as an agent of one of these devices.","644","3988","","0","Your Role & Responsibilities as an Agent in a Power of Attorney (POA)","69","","0","Contact Information","19","Our Locations","13","","","","https://www.endeavorfg.com/blog/your-role-responsibilities-agent-power-attorney-poa","","","","","","98732","31579","31579","4.680","","1649","250","6.596","62.133","Normal","11.184","3","1","","24","8","0","4.280","29","25","0","8","8","0","","","","","80cf2f550cf42fa4f6a4657da695db71","1.094","","","","","en","1.1","","","","","","https://www.endeavorfg.com/blog/your-role-responsibilities-agent-power-attorney-poa","2026-06-19 18:34:47"
"https://www.endeavorfg.com/blog/irs-changes-inheritance-rules-protecting-your-legacy","text/html; charset=UTF-8","200","OK","Indexable","","IRS Changes Inheritance Rules: Protecting Your Legacy | Endeavor Financial Group","80","730","The IRS recently updated some rules about trusts that could make your heirs accidentally liable for capital gains taxes. It's another quiet change that could severely impact families trying to maximize their legacies.","217","1304","","0","IRS Changes Inheritance Rules: Protecting Your Legacy","53","","0","IRS Changes Inheritance Rules: Protecting Your Legacy","53","What Changed Under the New IRS Rules?","37","","","","https://www.endeavorfg.com/blog/irs-changes-inheritance-rules-protecting-your-legacy","","","","","","90027","28899","28899","4.283","","574","103","5.573","57.034","Fairly Hard","5.148","3","1","","15","5","0","2.670","26","22","0","10","10","0","","","","","cc0a7f9ccf0360b050f315dcaa1b2810","1.053","","","","","en","1.1","","","","","","https://www.endeavorfg.com/blog/irs-changes-inheritance-rules-protecting-your-legacy","2026-06-19 18:34:48"
"https://www.endeavorfg.com/blog/common-retirement-regrets-and-proactive-moves-consider","text/html; charset=UTF-8","200","OK","Indexable","","Common Retirement Regrets and Smart Fixes | Endeavor Financial Gr","65","620","Many people don’t regret being retired. They regret how they got there.1“I wish I had saved earlier.”“I didn’t think long-term care would matter.”“I should’ve waited to claim Social Security.”Hindsight hits hard when it’s tied to your potential freedom and options.The good news? There may still be opportunities to make meaningful changes that couldbenefit your future.Let's break down the most common retirement regrets—and what you can do right now to consider addressing them.","480","2974","","0","Common Retirement Regrets—And Proactive Moves to Consider","57","","0","Contact Information","19","Our Locations","13","","","","https://www.endeavorfg.com/blog/common-retirement-regrets-and-proactive-moves-consider","","","","","","95083","30971","30971","4.590","","1146","247","4.640","55.884","Fairly Hard","9.109","3","1","","49","27","0","14.440","32","28","0","13","13","0","","","","","ee59aaba0ff688f1145025058d23f149","1.097","","","","","en","1.1","","","","","","https://www.endeavorfg.com/blog/common-retirement-regrets-and-proactive-moves-consider","2026-06-19 18:34:48"
"https://www.endeavorfg.com/themes/custom/aw_core/images/sample/blog-default.jpg","image/jpeg","200","OK","Indexable","","","0","0","","0","0","","0","","0","","0","","0","","0","","","","","","","","","","21913","21913","21913","3.248","","0","","","","","0.000","3","5","","0","0","0","0.000","0","0","0","0","0","0","","","","","","1.329","Thu, 28 May 2026 12:43:38 GMT","","","","","1.1","","","","","","https://www.endeavorfg.com/themes/custom/aw_core/images/sample/blog-default.jpg","2026-06-19 18:34:48"
"https://www.endeavorfg.com/blog/practical-tips-how-avoid-these-4-estate-planning-missteps","text/html; charset=UTF-8","200","OK","Indexable","","Practical Tips: How to Avoid These 4 Estate Planning Missteps | Endeavor Financial Group","88","799","First, let’s start by uncovering the most common mistake in estate planning… Surprisingly, this frequently made mistake might already be on your doorstep. A staggering number of people haven’t yet started an estate plan. It’s a critical oversight that can have far-reaching implications, but this isn’t the only pitfall that can disrupt your planning efforts. Here’s a breakdown of 4 estate planning missteps and how to fix them:","429","2593","","0","Practical Tips: How to Avoid These 4 Estate Planning Missteps","61","","0","Contact Information","19","Our Locations","13","","","","https://www.endeavorfg.com/blog/practical-tips-how-avoid-these-4-estate-planning-missteps","","","","","","91536","29394","29394","4.356","","739","133","5.556","56.150","Fairly Hard","6.250","3","1","","16","6","0","3.210","27","23","0","9","9","0","","","","","86e3bc5981e4543c96164b51e4c20f2e","1.005","","","","","en","1.1","","","","","","https://www.endeavorfg.com/blog/practical-tips-how-avoid-these-4-estate-planning-missteps","2026-06-19 18:34:49"
"https://www.endeavorfg.com/blog/how-talk-your-aging-parents-about-estate-planning-without-making-it-tense","text/html; charset=UTF-8","200","OK","Indexable","","Talking to Aging Parents About Estate Planning | Endeavor Financ","64","584","These conversations aren’t easy.Bringing up long-term care or estate planning with aging parents can feel like stepping on a landmine—awkward, emotional, maybe even a little intrusive.But if you wait until something happens—a fall, a diagnosis, a hospital stay—you're not just having the conversation late. You're having it under pressure.So how do you start the talk without it turning tense?Here’s a guide to help you open the door with empathy, avoid common missteps, and get a little more clarity about what your parents want and need.","539","3320","","0","How to Talk to Your Aging Parents About Estate Planning (Without Making It Tense)","81","","0","Contact Information","19","Our Locations","13","","","","https://www.endeavorfg.com/blog/how-talk-your-aging-parents-about-estate-planning-without-making-it-tense","","","","","","93456","29898","29898","4.431","","861","176","4.892","65.782","Normal","6.813","3","1","","32","15","0","8.020","30","26","0","11","11","0","","","","","d3a34ba4ba8891744e6430b7f58f0131","0.993","","","","","en","1.1","","","","","","https://www.endeavorfg.com/blog/how-talk-your-aging-parents-about-estate-planning-without-making-it-tense","2026-06-19 18:34:49"
"https://www.endeavorfg.com/sites/endeavorfg0425.us1.advisor.ws/files/styles/slider_s/public/images/Blog_AW34_2026.jpg.webp?itok=ek1y_aRz","image/webp","200","OK","Indexable","","","0","0","","0","0","","0","","0","","0","","0","","0","","","","","","","","","","26848","26848","26848","3.979","","0","","","","","0.000","3","7","","0","0","0","0.000","0","0","0","0","0","0","","","","","","0.094","Tue, 16 Jun 2026 00:57:18 GMT","","","","","1.1","","","","","","https://www.endeavorfg.com/sites/endeavorfg0425.us1.advisor.ws/files/styles/slider_s/public/images/Blog_AW34_2026.jpg.webp?itok=ek1y_aRz","2026-06-19 18:34:50"
"https://www.endeavorfg.com/sites/endeavorfg0425.us1.advisor.ws/files/styles/slider_s/public/images/essential-estate-planning-considerations-explained-234806.png.webp?itok=oG1SuAsM","image/webp","200","OK","Indexable","","","0","0","","0","0","","0","","0","","0","","0","","0","","","","","","","","","","11708","11708","11708","1.735","","0","","","","","0.000","3","7","","0","0","0","0.000","0","0","0","0","0","0","","","","","","1.256","Thu, 18 Jun 2026 12:24:49 GMT","","","","","1.1","","","","","","https://www.endeavorfg.com/sites/endeavorfg0425.us1.advisor.ws/files/styles/slider_s/public/images/essential-estate-planning-considerations-explained-234806.png.webp?itok=oG1SuAsM","2026-06-19 18:34:49"
"https://www.endeavorfg.com/estate-planning-considerations-guide","text/html; charset=UTF-8","200","OK","Indexable","","10 Key Estate Planning Considerations to Know | Endeavor Financial Group","72","664","Get clear on estate planning considerations, from key documents to common mistakes, and learn how to protect your loved ones with a thoughtful plan.","148","936","","0","Essential Estate Planning Considerations Explained","50","","0","Key Takeaways","13","What Is Estate Planning and Why Does It Matter?","47","","","","https://www.endeavorfg.com/estate-planning-considerations-guide","","","","","","127553","40437","40437","5.993","","6147","803","7.655","63.543","Normal","29.901","3","0","","9","3","0","1.600","56","25","0","11","11","0","","","","","7ddcf008e506b59a1843116f55ab6a24","1.051","","","","","en","1.1","","","","","","https://www.endeavorfg.com/estate-planning-considerations-guide","2026-06-19 18:34:49"
"https://www.endeavorfg.com/sites/endeavorfg0425.us1.advisor.ws/files/dynamic-styles/855e5917-bc8a-4b47-ae3c-a18d82827028.css?tg0mv6","text/css","200","OK","Indexable","","","0","0","","0","0","","0","","0","","0","","0","","0","","","","","","","","","","0","0","0","0.000","","0","","","","","0.000","3","4","","0","0","0","0.000","0","0","0","0","0","0","","","","","","0.053","Tue, 02 Jun 2026 17:34:14 GMT","","","","","1.1","","","","","","https://www.endeavorfg.com/sites/endeavorfg0425.us1.advisor.ws/files/dynamic-styles/855e5917-bc8a-4b47-ae3c-a18d82827028.css?tg0mv6","2026-06-19 18:34:50"
"https://www.endeavorfg.com/sites/endeavorfg0425.us1.advisor.ws/files/styles/slider_s/public/images/Blog.jpg.webp?itok=cjFHoTUf","image/webp","200","OK","Indexable","","","0","0","","0","0","","0","","0","","0","","0","","0","","","","","","","","","","15222","15222","15222","2.256","","0","","","","","0.000","3","7","","0","0","0","0.000","0","0","0","0","0","0","","","","","","1.239","Thu, 18 Jun 2026 10:35:44 GMT","","","","","1.1","","","","","","https://www.endeavorfg.com/sites/endeavorfg0425.us1.advisor.ws/files/styles/slider_s/public/images/Blog.jpg.webp?itok=cjFHoTUf","2026-06-19 18:34:50"
"https://www.endeavorfg.com/sites/endeavorfg0425.us1.advisor.ws/files/styles/slider_s/public/images/Overlooked%20Retirement%20Expenses%20(And%20How%20to%20Plan%20for%20Them).jpg.webp?itok=AEpvkpSI","image/webp","200","OK","Indexable","","","0","0","","0","0","","0","","0","","0","","0","","0","","","","","","","","","","9638","9638","9638","1.428","","0","","","","","0.000","3","7","","0","0","0","0.000","0","0","0","0","0","0","","","","","","0.099","Tue, 16 Jun 2026 00:52:50 GMT","","","","","1.1","","","","","","https://www.endeavorfg.com/sites/endeavorfg0425.us1.advisor.ws/files/styles/slider_s/public/images/Overlooked%20Retirement%20Expenses%20%28And%20How%20to%20Plan%20for%20Them%29.jpg.webp?itok=AEpvkpSI","2026-06-19 18:34:51"
"https://www.endeavorfg.com/sites/endeavorfg0425.us1.advisor.ws/files/styles/slider_s/public/images/Blog_AW27_2025.jpg.webp?itok=poXixoQp","image/webp","200","OK","Indexable","","","0","0","","0","0","","0","","0","","0","","0","","0","","","","","","","","","","13678","13678","13678","2.027","","0","","","","","0.000","3","7","","0","0","0","0.000","0","0","0","0","0","0","","","","","","0.103","Tue, 16 Jun 2026 01:04:00 GMT","","","","","1.1","","","","","","https://www.endeavorfg.com/sites/endeavorfg0425.us1.advisor.ws/files/styles/slider_s/public/images/Blog_AW27_2025.jpg.webp?itok=poXixoQp","2026-06-19 18:34:51"
"https://www.endeavorfg.com/category/lifestyle","text/html; charset=UTF-8","200","OK","Indexable","","Lifestyle | Endeavor Financial Group","36","318","","0","0","","0","Lifestyle","9","","0","Contact Information","19","Our Locations","13","","","","","","","","","","132355","31201","31201","4.624","","648","167","3.880","74.822","Fairly Easy","3.676","3","1","","136","54","0","28.880","111","47","0","8","8","0","","","","","dc8ba39e2f53ed6bfb475943a6f3bccb","1.360","","","","","en","1.1","","","","","","https://www.endeavorfg.com/category/lifestyle","2026-06-19 18:34:50"
"https://www.endeavorfg.com/sites/endeavorfg0425.us1.advisor.ws/files/styles/slider_s/public/images/AWBLOG_POA.jpg.webp?itok=0Kr2WP_3","image/webp","200","OK","Indexable","","","0","0","","0","0","","0","","0","","0","","0","","0","","","","","","","","","","7756","7756","7756","1.149","","0","","","","","0.000","3","7","","0","0","0","0.000","0","0","0","0","0","0","","","","","","1.110","Thu, 18 Jun 2026 10:58:20 GMT","","","","","1.1","","","","","","https://www.endeavorfg.com/sites/endeavorfg0425.us1.advisor.ws/files/styles/slider_s/public/images/AWBLOG_POA.jpg.webp?itok=0Kr2WP_3","2026-06-19 18:34:50"
"https://www.endeavorfg.com/blog/retirement-nearing-do-these-5-things-first","text/html; charset=UTF-8","200","OK","Indexable","","Retirement nearing? Do these 5 things first. | Endeavor Financial Group","71","629","What’s your ideal retirement? Traveling? Practicing your favorite hobbies? Caring for loved ones? Whatever you envision, creating a plan of action can feel exhausting. There are, however, a few simple, yet commonly overlooked steps you can take today to help you feel more comfortable throughout your planning process.","318","1973","","0","Retirement nearing? Do these 5 things first.","44","","0","Contact Information","19","Our Locations","13","","","","https://www.endeavorfg.com/blog/retirement-nearing-do-these-5-things-first","","","","","","93037","29749","29749","4.409","","821","160","5.131","61.279","Normal","6.609","3","1","","33","11","0","5.880","29","25","0","11","11","0","","","","","58fdbc030a3bfd2e9526e6d9f9adfdf9","1.038","","","","","en","1.1","","","","","","https://www.endeavorfg.com/blog/retirement-nearing-do-these-5-things-first","2026-06-19 18:34:51"
"https://www.endeavorfg.com/blog/5-financial-crossroads-could-reshape-your-future","text/html; charset=UTF-8","200","OK","Indexable","","5 Financial Crossroads That Shape Your Future | Endeavor Financia","65","596","You know how life tends to throw in a few plot twists?They don't ask if you're ready. They just show up—with potential financial consequences tagging along.A layoff. A diagnosis. A parent who needs help. These moments don't come with instruction manuals. But they do come with price tags, deadlines, and decisions that can echo for years.The good news? You don't have to wait until you're standing in the middle of a crossroad to start preparing for one.","454","2807","","0","5 Financial Crossroads That Could Reshape Your Future","53","","0","Contact Information","19","Our Locations","13","","","","https://www.endeavorfg.com/blog/5-financial-crossroads-could-reshape-your-future","","","","","","94906","30741","30741","4.556","","1102","215","5.126","59.302","Fairly Hard","8.565","3","1","","29","13","0","6.950","29","25","0","12","12","0","","","","","8d4364afe965d46a5b92f171b583cb92","1.074","","","","","en","1.1","","","","","","https://www.endeavorfg.com/blog/5-financial-crossroads-could-reshape-your-future","2026-06-19 18:34:51"
"https://www.endeavorfg.com/taxonomy/term/12/feed","application/rss+xml; charset=utf-8","200","OK","Indexable","","","0","0","","0","0","","0","","0","","0","","0","","0","","","","","","","","","","0","0","0","0.000","","0","","","","","0.000","3","3","","1","1","0","0.530","0","0","0","0","0","0","","","","","","0.569","","","","","","1.1","","","","","","https://www.endeavorfg.com/taxonomy/term/12/feed","2026-06-19 18:34:51"
"https://www.endeavorfg.com/sites/endeavorfg0425.us1.advisor.ws/files/styles/slider_s/public/images/simon-godfrey-yRmmm3t1oX8-unsplash%20(3).jpg.webp?itok=oUNRaVTc","image/webp","200","OK","Indexable","","","0","0","","0","0","","0","","0","","0","","0","","0","","","","","","","","","","14868","14868","14868","2.203","","0","","","","","0.000","3","7","","0","0","0","0.000","0","0","0","0","0","0","","","","","","0.058","Tue, 16 Jun 2026 00:53:00 GMT","","","","","1.1","","","","","","https://www.endeavorfg.com/sites/endeavorfg0425.us1.advisor.ws/files/styles/slider_s/public/images/simon-godfrey-yRmmm3t1oX8-unsplash%20%283%29.jpg.webp?itok=oUNRaVTc","2026-06-19 18:34:52"
"https://www.endeavorfg.com/blog/seven-key-tips-planning-elder-care","text/html; charset=UTF-8","200","OK","Indexable","","Seven Key Tips for Planning Elder Care | Endeavor Financial Group","65","588","Noticing signs of decline in our loved ones is always hard, and making care decisions for them often feels even harder. While it's impossible to make the process entirely painless, the following guidance should be useful on your journey.","237","1431","","0","Seven Key Tips for Planning Elder Care","38","","0","Contact Information","19","Our Locations","13","","","","https://www.endeavorfg.com/blog/seven-key-tips-planning-elder-care","","","","","","93070","29744","29744","4.408","","913","137","6.664","59.967","Fairly Hard","7.062","3","1","","27","9","0","4.810","29","25","0","8","8","0","","","","","9489316e22d7e2690e4513f4e49563af","0.991","","","","","en","1.1","","","","","","https://www.endeavorfg.com/blog/seven-key-tips-planning-elder-care","2026-06-19 18:34:52"
"https://www.endeavorfg.com/sites/endeavorfg0425.us1.advisor.ws/files/styles/slider_s/public/images/Empowering_Financial_Blog_Image.jpg.webp?itok=eIxSjZlJ","image/webp","200","OK","Indexable","","","0","0","","0","0","","0","","0","","0","","0","","0","","","","","","","","","","15908","15908","15908","2.358","","0","","","","","0.000","3","7","","0","0","0","0.000","0","0","0","0","0","0","","","","","","1.297","Thu, 18 Jun 2026 10:43:34 GMT","","","","","1.1","","","","","","https://www.endeavorfg.com/sites/endeavorfg0425.us1.advisor.ws/files/styles/slider_s/public/images/Empowering_Financial_Blog_Image.jpg.webp?itok=eIxSjZlJ","2026-06-19 18:34:51"
"https://www.endeavorfg.com/sites/endeavorfg0425.us1.advisor.ws/files/styles/slider_s/public/images/older-man-relaxing-in-inner-tube-on-water.jpg.webp?itok=-b7bLgTU","image/webp","200","OK","Indexable","","","0","0","","0","0","","0","","0","","0","","0","","0","","","","","","","","","","24374","24374","24374","3.612","","0","","","","","0.000","3","7","","0","0","0","0.000","0","0","0","0","0","0","","","","","","1.297","Thu, 18 Jun 2026 10:43:26 GMT","","","","","1.1","","","","","","https://www.endeavorfg.com/sites/endeavorfg0425.us1.advisor.ws/files/styles/slider_s/public/images/older-man-relaxing-in-inner-tube-on-water.jpg.webp?itok=-b7bLgTU","2026-06-19 18:34:52"
"https://www.endeavorfg.com/blog/overlooked-retirement-expenses-and-how-plan-them","text/html; charset=UTF-8","200","OK","Indexable","","Overlooked Retirement Expenses | Endeavor Financial Group Character count: 60 exactly","85","786","A comfortable retirement doesn’t come with a fixed price tag.Expenses can change over time, and some of the most important ones are easy to overlook.That’s one reason about 45% of retirees could run out of money in retirement.1The good news? That outcome isn’t inevitable. The key is recognizing which costs get overlooked and building flexibility into your plan.Let’s explore five common blind spots and what you can do to prepare. 1. Overspending Day to DaySmall spending shifts can snowball quickly in retirement.","516","3205","","0","Overlooked Retirement Expenses (And How to Plan for Them)","57","","0","Contact Information","19","Our Locations","13","","","","https://www.endeavorfg.com/blog/overlooked-retirement-expenses-and-how-plan-them","","","","","","96947","30894","30894","4.578","","954","242","3.942","42.058","Hard","8.316","3","1","","50","28","0","14.970","30","26","0","18","18","0","","","","","c020e9dcb0fa5e02e2035cd4bb855565","1.184","","","","","en","1.1","","","","","","https://www.endeavorfg.com/blog/overlooked-retirement-expenses-and-how-plan-them","2026-06-19 18:34:52"
"https://www.endeavorfg.com/blog/5-damaging-myths-about-money-talks-facts-behind-them","text/html; charset=UTF-8","200","OK","Indexable","","5 Damaging Myths About Money Talks & the Facts Behind Them | Endeavor Financial Group","85","811","What money topics are the most taboo to talk about?Earnings, debt, inheritance, or net worth?For most of us, many financial topics are simply off-limits.1That means that many of us are not discussing money as much as we probably should be.1Without those talks, myths about money and financial conversations can get a much stronger grip on our perspective and our financial decisions. That silence may end up stunting our financial literacy.1","441","2751","","0","5 Damaging Myths About Money Talks & the Facts Behind Them","58","","0","Contact Information","19","Our Locations","13","","","","https://www.endeavorfg.com/blog/5-damaging-myths-about-money-talks-facts-behind-them","","","","","","94892","30281","30281","4.488","","978","192","5.094","56.945","Fairly Hard","7.841","3","1","","21","7","0","3.740","29","25","0","15","15","0","","","","","f8db183cea22b5195f7b85bca248d216","1.138","","","","","en","1.1","","","","","","https://www.endeavorfg.com/blog/5-damaging-myths-about-money-talks-facts-behind-them","2026-06-19 18:34:52"
"https://www.endeavorfg.com/blog/rethinking-retirement-why-true-wealth-more-money","text/html; charset=UTF-8","200","OK","Indexable","","Rethinking Retirement: Wealth Beyond Money | Endeavor Financial Group","69","648","You’ve mapped out your dream retirement. Maybe it’s a cozy beach town, golf twice a week, time with family, or finally starting that side project.But here’s the truth most planning overlooks: even with a solid financial plan, your ideal retirement could still fall flat.That’s because real wealth in retirement doesn’t just live in your portfolio. It lives in your health, your relationships, and your sense of purpose.Let’s look beyond the numbers, and into what truly makes retirement rich, satisfying, and worth looking forward to.","534","3171","","0","Rethinking Retirement: Why True Wealth Is More Than Money","57","","0","Contact Information","19","Our Locations","13","","","","https://www.endeavorfg.com/blog/rethinking-retirement-why-true-wealth-more-money","","","","","","95607","30850","30850","4.572","","1120","263","4.259","61.487","Normal","8.804","3","1","","34","22","0","11.760","28","24","0","17","17","0","","","","","7d5648b8d6c3d72814678196cef28a1b","1.108","","","","","en","1.1","","","","","","https://www.endeavorfg.com/blog/rethinking-retirement-why-true-wealth-more-money","2026-06-19 18:34:53"
"https://www.endeavorfg.com/themes/custom/aw_core/dist/css/content/products_services/full.css?tg0mv6","text/css","200","OK","Indexable","","","0","0","","0","0","","0","","0","","0","","0","","0","","","","","","","","","","0","0","0","0.000","","0","","","","","0.000","3","7","","0","0","0","0.000","0","0","0","0","0","0","","","","","","1.013","Thu, 28 May 2026 12:43:38 GMT","","","","","1.1","","","","","","https://www.endeavorfg.com/themes/custom/aw_core/dist/css/content/products_services/full.css?tg0mv6","2026-06-19 18:34:53"
"https://www.endeavorfg.com/sites/endeavorfg0425.us1.advisor.ws/files/styles/max_325x325/public/images/Blog_AW35_2026.jpg.webp?itok=7K_9vfOa","image/webp","200","OK","Indexable","","","0","0","","0","0","","0","","0","","0","","0","","0","","","","","","","","","","10030","10030","10030","1.486","","0","","","","","0.000","3","7","","0","0","0","0.000","0","0","0","0","0","0","","","","","","1.045","Thu, 18 Jun 2026 23:03:25 GMT","","","","","1.1","","","","","","https://www.endeavorfg.com/sites/endeavorfg0425.us1.advisor.ws/files/styles/max_325x325/public/images/Blog_AW35_2026.jpg.webp?itok=7K_9vfOa","2026-06-19 18:34:53"
"https://www.endeavorfg.com/sites/endeavorfg0425.us1.advisor.ws/files/styles/slider_s/public/images/Blog_2.jpg.webp?itok=9ecAIEHV","image/webp","200","OK","Indexable","","","0","0","","0","0","","0","","0","","0","","0","","0","","","","","","","","","","21736","21736","21736","3.221","","0","","","","","0.000","3","7","","0","0","0","0.000","0","0","0","0","0","0","","","","","","1.690","Fri, 19 Jun 2026 13:04:54 GMT","","","","","1.1","","","","","","https://www.endeavorfg.com/sites/endeavorfg0425.us1.advisor.ws/files/styles/slider_s/public/images/Blog_2.jpg.webp?itok=9ecAIEHV","2026-06-19 18:34:53"
"https://www.endeavorfg.com/sites/endeavorfg0425.us1.advisor.ws/files/images/meeting_discussing_company_growth.jpeg","image/jpeg","200","OK","Indexable","","","0","0","","0","0","","0","","0","","0","","0","","0","","","","","","","","","","311020","311020","311020","46.093","","0","","","","","0.000","3","4","","0","0","0","0.000","0","0","0","0","0","0","","","","","","2.089","Wed, 30 Apr 2025 22:53:27 GMT","","","","","1.1","","","","","","https://www.endeavorfg.com/sites/endeavorfg0425.us1.advisor.ws/files/images/meeting_discussing_company_growth.jpeg","2026-06-19 18:34:53"
"https://www.endeavorfg.com/themes/custom/aw_core/dist/css/content/blog/full.css?tg0mv6","text/css","200","OK","Indexable","","","0","0","","0","0","","0","","0","","0","","0","","0","","","","","","","","","","0","0","0","0.000","","0","","","","","0.000","3","7","","0","0","0","0.000","0","0","0","0","0","0","","","","","","1.064","Thu, 28 May 2026 12:43:38 GMT","","","","","1.1","","","","","","https://www.endeavorfg.com/themes/custom/aw_core/dist/css/content/blog/full.css?tg0mv6","2026-06-19 18:34:54"
"https://www.endeavorfg.com/sites/endeavorfg0425.us1.advisor.ws/files/styles/max_325x325/public/images/Blog_AW36_2026.jpg.webp?itok=G2mj0cR-","image/webp","200","OK","Indexable","","","0","0","","0","0","","0","","0","","0","","0","","0","","","","","","","","","","13986","13986","13986","2.073","","0","","","","","0.000","3","7","","0","0","0","0.000","0","0","0","0","0","0","","","","","","0.085","Tue, 16 Jun 2026 01:05:29 GMT","","","","","1.1","","","","","","https://www.endeavorfg.com/sites/endeavorfg0425.us1.advisor.ws/files/styles/max_325x325/public/images/Blog_AW36_2026.jpg.webp?itok=G2mj0cR-","2026-06-19 18:34:56"
"https://www.endeavorfg.com/category/finance?page=1","text/html; charset=UTF-8","200","OK","Indexable","","Finance | Endeavor Financial Group","34","312","","0","0","","0","Finance","7","","0","Contact Information","19","Our Locations","13","","","","","","","","","","131846","31310","31310","4.640","","671","152","4.414","77.156","Fairly Easy","3.855","3","1","","11","5","0","2.670","110","47","0","8","8","0","","","","","791f7a9472a2e37948fdf5cb4006457","1.174","","","","","en","1.1","","","","","","https://www.endeavorfg.com/category/finance?page=1","2026-06-19 18:34:58"
"https://www.endeavorfg.com/category/finance?page=2","text/html; charset=UTF-8","200","OK","Indexable","","Finance | Endeavor Financial Group","34","312","","0","0","","0","Finance","7","","0","Contact Information","19","Our Locations","13","","","","","","","","","","132534","31314","31314","4.641","","685","183","3.743","75.703","Fairly Easy","3.964","3","1","","10","5","0","2.670","126","49","0","8","8","0","","","","","8965ab53a85ee2583517e7d45c55f8db","1.234","","","","","en","1.1","","","","","","https://www.endeavorfg.com/category/finance?page=2","2026-06-19 18:34:59"
"https://www.endeavorfg.com/blog/unearth-your-hidden-goals-why-talking-financial-professional-helps","text/html; charset=UTF-8","200","OK","Indexable","","Unearth Your Hidden Goals: Why Talking to a Financial Professional Helps | Endeavor Financial Group","99","898","Goal-setting. It's the bread and butter of success across so many domains. But are you only scratching the surface? Dive deeper. A financial professional doesn't just help connect the dots; they can help you reveal additional possibilities you hadn’t even considered! Let's explore why.","286","1733","","0","Unearth Your Hidden Goals: Why Talking to a Financial Professional Helps","72","","0","Contact Information","19","Our Locations","13","","","","https://www.endeavorfg.com/blog/unearth-your-hidden-goals-why-talking-financial-professional-helps","","","","","","92010","29328","29328","4.346","","698","134","5.209","62.043","Normal","5.797","3","1","","30","10","0","5.350","28","24","0","9","9","0","","","","","201b36ac9e7141ee8fc4634b1d645b1b","1.049","","","","","en","1.1","","","","","","https://www.endeavorfg.com/blog/unearth-your-hidden-goals-why-talking-financial-professional-helps","2026-06-19 18:34:59"
"https://www.endeavorfg.com/category/finance?page=0","text/html; charset=UTF-8","200","OK","Indexable","","Finance | Endeavor Financial Group","34","312","","0","0","","0","Finance","7","","0","Contact Information","19","Our Locations","13","","","","","","","","","","132030","30998","30998","4.594","","598","170","3.518","72.969","Fairly Easy","3.571","3","1","","12","5","0","2.670","114","50","0","8","8","0","","","","","9044081e3d4c201bde98f373fb3c029d","1.119","","","","","en","1.1","","","","","","https://www.endeavorfg.com/category/finance?page=0","2026-06-19 18:34:59"
"https://www.endeavorfg.com/blog/what-does-wealth-mean-you","text/html; charset=UTF-8","200","OK","Indexable","","What does ""Wealth"" Mean to You? | Endeavor Financial Group","58","543","A clear understanding of what wealth looks like to you may help you build a financial strategy.","95","577","","0","What does ""Wealth"" Mean to You?","31","","0","Contact Information","19","Our Locations","13","","","","https://www.endeavorfg.com/blog/what-does-wealth-mean-you","","","","","","89581","29019","29019","4.301","","645","99","6.515","68.928","Normal","5.339","3","1","","21","7","0","3.740","26","22","0","9","9","0","","","","","194c6ca8da3ae9c0778130bcaf032642","0.995","","","","","en","1.1","","","","","","https://www.endeavorfg.com/blog/what-does-wealth-mean-you","2026-06-19 18:34:59"
"https://www.endeavorfg.com/category/college","text/html; charset=UTF-8","200","OK","Indexable","","College | Endeavor Financial Group","34","309","","0","0","","0","College","7","","0","Contact Information","19","Our Locations","13","","","","","","","","","","86513","27737","27737","4.111","","127","36","3.528","75.355","Fairly Easy","1.993","3","1","","9","6","0","3.210","31","24","0","8","8","0","","","","","e2b5e458b5bb51b2370501fb38b94715","0.982","","","","","en","1.1","","","","","","https://www.endeavorfg.com/category/college","2026-06-19 18:35:00"
"https://www.endeavorfg.com/blog/more-flexible-way-think-about-retirement","text/html; charset=UTF-8","200","OK","Indexable","","A More Flexible Way to Think About Retirement | Endeavor Financial Group","72","663","Many retirement plans are built on a quiet assumption: that spending stays roughly the same from year one to year thirty.It sounds reasonable. But research suggests it's not how retirement actually works — and planning around that assumption might create more anxiety than it prevents.","285","1777","","0","A More Flexible Way to Think About Retirement","45","","0","Contact Information","19","Our Locations","13","","","","https://www.endeavorfg.com/blog/more-flexible-way-think-about-retirement","","","","","","92920","29854","29854","4.424","","820","174","4.713","60.192","Normal","6.982","3","1","","33","11","0","5.880","28","24","0","13","13","0","","","","","f682c5dba9a9ebe7584a035f8f053e4d","1.114","","","","","en","1.1","","","","","","https://www.endeavorfg.com/blog/more-flexible-way-think-about-retirement","2026-06-19 18:35:00"
"https://www.endeavorfg.com/category/finance?page=3","text/html; charset=UTF-8","200","OK","Indexable","","Finance | Endeavor Financial Group","34","312","","0","0","","0","Finance","7","","0","Contact Information","19","Our Locations","13","","","","","","","","","","98593","28946","28946","4.290","","248","60","4.133","68.917","Normal","2.610","3","1","","13","5","0","2.670","51","32","0","8","8","0","","","","","cd108158bb518b2e9e42edaa599c9c37","1.043","","","","","en","1.1","","","","","","https://www.endeavorfg.com/category/finance?page=3","2026-06-19 18:35:00"
"https://www.endeavorfg.com/sites/endeavorfg0425.us1.advisor.ws/files/styles/slider_s/public/images/krakenimages-376KN_ISplE-unsplash%20(3).jpg.webp?itok=ORCWlMuA","image/webp","200","OK","Indexable","","","0","0","","0","0","","0","","0","","0","","0","","0","","","","","","","","","","21934","21934","21934","3.251","","0","","","","","0.000","3","7","","0","0","0","0.000","0","0","0","0","0","0","","","","","","1.296","Thu, 18 Jun 2026 10:33:12 GMT","","","","","1.1","","","","","","https://www.endeavorfg.com/sites/endeavorfg0425.us1.advisor.ws/files/styles/slider_s/public/images/krakenimages-376KN_ISplE-unsplash%20%283%29.jpg.webp?itok=ORCWlMuA","2026-06-19 18:35:00"
"https://www.endeavorfg.com/category/market-update","text/html; charset=UTF-8","200","OK","Indexable","","Market Update | Endeavor Financial Group","40","374","","0","0","","0","Market Update","13","","0","Contact Information","19","Our Locations","13","","","","","","","","","","86270","27691","27691","4.104","","119","35","3.400","75.418","Fairly Easy","1.932","3","1","","9","6","0","3.210","30","23","0","8","8","0","","","","","616fe81289644293767c80c7a5321c6b","1.017","","","","","en","1.1","","","","","","https://www.endeavorfg.com/category/market-update","2026-06-19 18:35:01"
"https://www.endeavorfg.com/taxonomy/term/2/feed","application/rss+xml; charset=utf-8","200","OK","Indexable","","","0","0","","0","0","","0","","0","","0","","0","","0","","","","","","","","","","0","0","0","0.000","","0","","","","","0.000","3","3","","5","5","0","2.670","0","0","0","0","0","0","","","","","","0.570","","","","","","1.1","","","","","","https://www.endeavorfg.com/taxonomy/term/2/feed","2026-06-19 18:35:02"
"https://www.endeavorfg.com/blog/context-tariff-ruling","text/html; charset=UTF-8","200","OK","Indexable","","Context on the Tariff Ruling | Endeavor Financial Group","55","487","Tariffs were struck down, reinstated under a different authority, then increased again. It felt abrupt. It felt messy.","118","694","","0","Context on the Tariff Ruling","28","","0","Contact Information","19","Our Locations","13","","","","https://www.endeavorfg.com/blog/context-tariff-ruling","","","","","","93049","30004","30004","4.447","","882","210","4.200","57.543","Fairly Hard","7.587","3","1","","18","6","0","3.210","26","22","0","14","14","0","","","","","d4fa58944da44e10be4efaec719f78a9","1.171","","","","","en","1.1","","","","","","https://www.endeavorfg.com/blog/context-tariff-ruling","2026-06-19 18:35:01"
"https://www.endeavorfg.com/sites/endeavorfg0425.us1.advisor.ws/files/styles/slider_s/public/images/Blog_AW33_2026.jpg.webp?itok=BKd2nHVU","image/webp","200","OK","Indexable","","","0","0","","0","0","","0","","0","","0","","0","","0","","","","","","","","","","55444","55444","55444","8.217","","0","","","","","0.000","3","7","","0","0","0","0.000","0","0","0","0","0","0","","","","","","1.446","Thu, 18 Jun 2026 10:31:34 GMT","","","","","1.1","","","","","","https://www.endeavorfg.com/sites/endeavorfg0425.us1.advisor.ws/files/styles/slider_s/public/images/Blog_AW33_2026.jpg.webp?itok=BKd2nHVU","2026-06-19 18:35:01"
"https://www.endeavorfg.com/sites/endeavorfg0425.us1.advisor.ws/files/styles/slider_s/public/images/financial-faq.jpg.webp?itok=KW1JOI6W","image/webp","200","OK","Indexable","","","0","0","","0","0","","0","","0","","0","","0","","0","","","","","","","","","","21564","21564","21564","3.196","","0","","","","","0.000","3","7","","0","0","0","0.000","0","0","0","0","0","0","","","","","","0.052","Tue, 16 Jun 2026 00:58:51 GMT","","","","","1.1","","","","","","https://www.endeavorfg.com/sites/endeavorfg0425.us1.advisor.ws/files/styles/slider_s/public/images/financial-faq.jpg.webp?itok=KW1JOI6W","2026-06-19 18:35:03"
"https://www.endeavorfg.com/sites/endeavorfg0425.us1.advisor.ws/files/styles/slider_s/public/images/pexels-malcolmhill-12203877.jpg.webp?itok=SbK433su","image/webp","200","OK","Indexable","","","0","0","","0","0","","0","","0","","0","","0","","0","","","","","","","","","","25128","25128","25128","3.724","","0","","","","","0.000","3","7","","0","0","0","0.000","0","0","0","0","0","0","","","","","","1.368","Tue, 16 Jun 2026 16:24:33 GMT","","","","","1.1","","","","","","https://www.endeavorfg.com/sites/endeavorfg0425.us1.advisor.ws/files/styles/slider_s/public/images/pexels-malcolmhill-12203877.jpg.webp?itok=SbK433su","2026-06-19 18:35:02"
"https://www.endeavorfg.com/blog/financial-faqs","text/html; charset=UTF-8","200","OK","Indexable","","Financial FAQs | Endeavor Financial Group","41","375","From retirement savings to living abroad, here are some of our commonly asked questions.","88","559","","0","Financial FAQs","14","","0","Contact Information","19","Our Locations","13","","","","https://www.endeavorfg.com/blog/financial-faqs","","","","","","90043","29187","29187","4.326","","762","118","6.458","69.273","Normal","6.006","3","1","","18","6","0","3.210","26","22","0","9","9","0","","","","","31e87fb2718c29f1708e0a29b99f9f2f","1.019","","","","","en","1.1","","","","","","https://www.endeavorfg.com/blog/financial-faqs","2026-06-19 18:35:02"
"https://www.endeavorfg.com/blog/unlock-your-earning-potential-3-essential-steps-negotiating-higher-salary-your-next-job-offer","text/html; charset=UTF-8","200","OK","Indexable","","Unlock Your Earning Potential: 3 Essential Steps for Negotiating a Higher Salary in Your Next Job Offer | Endeavor Financial Group","130","1151","Are you currently negotiating a new job offer or searching for a new role? This article aims to guide you on your journey. The question is: how do you ensure you receive a salary that mirrors your worth?","203","1231","","0","Unlock Your Earning Potential: 3 Essential Steps for Negotiating a Higher Salary in Your Next Job Offer","103","","0","Contact Information","19","Our Locations","13","","","","https://www.endeavorfg.com/blog/unlock-your-earning-potential-3-essential-steps-negotiating-higher-salary-your-next-job-offer","","","","","","91125","29188","29188","4.326","","578","117","4.940","40.964","Hard","5.418","3","1","","24","8","0","4.280","27","23","0","14","14","0","","","","","c25cb3f7dce224a8d27a4ca62f163dcc","1.147","","","","","en","1.1","","","","","","https://www.endeavorfg.com/blog/unlock-your-earning-potential-3-essential-steps-negotiating-higher-salary-your-next-job-offer","2026-06-19 18:35:03"
"https://www.endeavorfg.com/blog/what-100-invested-1928-would-be-worth-today","text/html; charset=UTF-8","200","OK","Indexable","","What $100 Invested in 1928 Would Be Worth Today | Endeavor Financial Group","74","696","Many people think the biggest risk with money is losing it. A bad investment. A market crash. A bet that doesn't pay off.But what if the most expensive financial decision isn't a bad choice — it's no choice at all?That's what nearly a century of market data suggests. And the numbers are hard to argue with.What $100 Looked Like in 1928In the late 1920s, $100 went a long way. It could cover a month's rent in most parts of the country, with money left over for groceries, clothes, and transportation.1","502","3059","","0","What $100 Invested in 1928 Would Be Worth Today","47","","0","Contact Information","19","Our Locations","13","","","","https://www.endeavorfg.com/blog/what-100-invested-1928-would-be-worth-today","","","","","","94538","30619","30619","4.538","","1116","219","5.096","72.868","Fairly Easy","8.361","3","1","","39","13","0","6.950","29","25","0","11","11","0","","","","","490ba4d9ed5e0fb5bf59169b2ef02b7c","1.181","","","","","en","1.1","","","","","","https://www.endeavorfg.com/blog/what-100-invested-1928-would-be-worth-today","2026-06-19 18:35:03"
"https://www.endeavorfg.com/sites/endeavorfg0425.us1.advisor.ws/files/styles/slider_s/public/images/artem-kniaz-myiOWorAbCE-unsplash%20(1).jpg.webp?itok=1lAzc9OT","image/webp","200","OK","Indexable","","","0","0","","0","0","","0","","0","","0","","0","","0","","","","","","","","","","33508","33508","33508","4.966","","0","","","","","0.000","3","7","","0","0","0","0.000","0","0","0","0","0","0","","","","","","1.380","Tue, 16 Jun 2026 15:32:53 GMT","","","","","1.1","","","","","","https://www.endeavorfg.com/sites/endeavorfg0425.us1.advisor.ws/files/styles/slider_s/public/images/artem-kniaz-myiOWorAbCE-unsplash%20%281%29.jpg.webp?itok=1lAzc9OT","2026-06-19 18:35:03"
"https://www.endeavorfg.com/blog/5-amazing-places-retire-outside-us","text/html; charset=UTF-8","200","OK","Indexable","","5 Amazing Places to Retire Outside of the U.S. | Endeavor Financial Group","73","654","Would you enjoy your retirement more in the U.S. or abroad?","59","370","","0","5 Amazing Places to Retire Outside of the U.S.","46","","0","5 Amazing Places to Retire Outside of the U.S.","46","Contact Information","19","","","","https://www.endeavorfg.com/blog/5-amazing-places-retire-outside-us","","","","","","95555","30761","30761","4.559","","1341","205","6.541","63.864","Normal","9.581","3","1","","33","11","0","5.880","29","25","0","9","9","0","","","","","df42716f21d5b98ebd0aa098c7c15d0d","1.022","","","","","en","1.1","","","","","","https://www.endeavorfg.com/blog/5-amazing-places-retire-outside-us","2026-06-19 18:35:03"
"https://www.endeavorfg.com/blog/navigating-post-cancellation-era-student-loans","text/html; charset=UTF-8","200","OK","Indexable","","Navigating the Post-Cancellation Era of Student Loans | Endeavor Financial Group","80","726","In a shocking turn of events, the Supreme Court has halted the presidential student loan forgiveness plan.1 So, where does that leave you and your outstanding student loans? Let's navigate this new financial landscape together.","227","1402","","0","Navigating the Post-Cancellation Era of Student Loans","53","","0","Navigating the Post-Cancellation Era of Student Loans","53","Contact Information","19","","","","https://www.endeavorfg.com/blog/navigating-post-cancellation-era-student-loans","","","","","","91201","29273","29273","4.338","","695","131","5.305","59.517","Fairly Hard","6.002","3","1","","18","6","0","3.210","27","23","0","10","10","0","","","","","952847cf2da30ec27c846e5ed36d000b","1.032","","","","","en","1.1","","","","","","https://www.endeavorfg.com/blog/navigating-post-cancellation-era-student-loans","2026-06-19 18:35:03"
"https://www.endeavorfg.com/category/education","text/html; charset=UTF-8","200","OK","Indexable","","Education | Endeavor Financial Group","36","330","","0","0","","0","Education","9","","0","Contact Information","19","Our Locations","13","","","","","","","","","","90438","28068","28068","4.160","","176","45","3.911","71.158","Fairly Easy","2.229","3","1","","13","9","0","4.810","36","25","0","8","8","0","","","","","83c549cfccd680d1ec60ff3ee3177fa6","1.171","","","","","en","1.1","","","","","","https://www.endeavorfg.com/category/education","2026-06-19 18:35:04"
"https://www.endeavorfg.com/blog/when-headlines-keep-changing-your-strategy-shouldnt","text/html; charset=UTF-8","200","OK","Indexable","","When the Headlines Keep Changing, Your Strategy Shouldn’t | Endeavor Financial Group","84","779","It rarely starts calmly.A headline breaks. Markets react. Another update follows—then another. Before long, the story feels like it’s shifting by the hour.And with every new development, there’s that quiet pressure in the background:Should I be doing something right now?That feeling is common. It’s also where many investment decisions start to drift off course.","363","2213","","0","When the Headlines Keep Changing, Your Strategy Shouldn’t","57","","0","Contact Information","19","Our Locations","13","","","","https://www.endeavorfg.com/blog/when-headlines-keep-changing-your-strategy-shouldnt","","","","","","92602","29883","29883","4.429","","892","154","5.792","59.640","Fairly Hard","7.318","3","1","","27","9","0","4.810","27","23","0","9","9","0","","","","","f67700e6683e8a34a937e346c8a9bb24","0.983","","","","","en","1.1","","","","","","https://www.endeavorfg.com/blog/when-headlines-keep-changing-your-strategy-shouldnt","2026-06-19 18:35:04"
"https://www.endeavorfg.com/sites/endeavorfg0425.us1.advisor.ws/files/styles/slider_s/public/images/amy-hirschi-JaoVGh5aJ3E-unsplash%20(1).jpg.webp?itok=hCVk6eai","image/webp","200","OK","Indexable","","","0","0","","0","0","","0","","0","","0","","0","","0","","","","","","","","","","19904","19904","19904","2.950","","0","","","","","0.000","3","7","","0","0","0","0.000","0","0","0","0","0","0","","","","","","1.324","Thu, 18 Jun 2026 10:28:44 GMT","","","","","1.1","","","","","","https://www.endeavorfg.com/sites/endeavorfg0425.us1.advisor.ws/files/styles/slider_s/public/images/amy-hirschi-JaoVGh5aJ3E-unsplash%20%281%29.jpg.webp?itok=hCVk6eai","2026-06-19 18:35:04"
"https://www.endeavorfg.com/sites/endeavorfg0425.us1.advisor.ws/files/styles/slider_s/public/images/tierra-mallorca-rgJ1J8SDEAY-unsplash%20(1).jpg.webp?itok=782TXAKd","image/webp","200","OK","Indexable","","","0","0","","0","0","","0","","0","","0","","0","","0","","","","","","","","","","11862","11862","11862","1.758","","0","","","","","0.000","3","7","","0","0","0","0.000","0","0","0","0","0","0","","","","","","0.116","Tue, 16 Jun 2026 01:00:01 GMT","","","","","1.1","","","","","","https://www.endeavorfg.com/sites/endeavorfg0425.us1.advisor.ws/files/styles/slider_s/public/images/tierra-mallorca-rgJ1J8SDEAY-unsplash%20%281%29.jpg.webp?itok=782TXAKd","2026-06-19 18:35:05"
"https://www.endeavorfg.com/sites/endeavorfg0425.us1.advisor.ws/files/styles/slider_s/public/images/what-wealth-means-to-you.jpg.webp?itok=d2qHBJJa","image/webp","200","OK","Indexable","","","0","0","","0","0","","0","","0","","0","","0","","0","","","","","","","","","","23106","23106","23106","3.424","","0","","","","","0.000","3","7","","0","0","0","0.000","0","0","0","0","0","0","","","","","","1.285","Thu, 18 Jun 2026 10:31:25 GMT","","","","","1.1","","","","","","https://www.endeavorfg.com/sites/endeavorfg0425.us1.advisor.ws/files/styles/slider_s/public/images/what-wealth-means-to-you.jpg.webp?itok=d2qHBJJa","2026-06-19 18:35:04"
"https://www.endeavorfg.com/sites/endeavorfg0425.us1.advisor.ws/files/styles/slider_s/public/images/Blog_AW31_2026.jpg.webp?itok=XX4_vgox","image/webp","200","OK","Indexable","","","0","0","","0","0","","0","","0","","0","","0","","0","","","","","","","","","","82480","82480","82480","12.224","","0","","","","","0.000","3","7","","0","0","0","0.000","0","0","0","0","0","0","","","","","","1.502","Thu, 18 Jun 2026 10:32:53 GMT","","","","","1.1","","","","","","https://www.endeavorfg.com/sites/endeavorfg0425.us1.advisor.ws/files/styles/slider_s/public/images/Blog_AW31_2026.jpg.webp?itok=XX4_vgox","2026-06-19 18:35:04"
"https://www.endeavorfg.com/taxonomy/term/13/feed","application/rss+xml; charset=utf-8","200","OK","Indexable","","","0","0","","0","0","","0","","0","","0","","0","","0","","","","","","","","","","0","0","0","0.000","","0","","","","","0.000","3","3","","1","1","0","0.530","0","0","0","0","0","0","","","","","","0.615","","","","","","1.1","","","","","","https://www.endeavorfg.com/taxonomy/term/13/feed","2026-06-19 18:35:05"
"https://www.endeavorfg.com/sites/endeavorfg0425.us1.advisor.ws/files/styles/slider_s/public/images/Watercolor-picture-carrots-sprouting-from-ground.jpeg.webp?itok=v1cMaKJt","image/webp","200","OK","Indexable","","","0","0","","0","0","","0","","0","","0","","0","","0","","","","","","","","","","33538","33538","33538","4.970","","0","","","","","0.000","3","7","","0","0","0","0.000","0","0","0","0","0","0","","","","","","0.101","Tue, 16 Jun 2026 00:52:02 GMT","","","","","1.1","","","","","","https://www.endeavorfg.com/sites/endeavorfg0425.us1.advisor.ws/files/styles/slider_s/public/images/Watercolor-picture-carrots-sprouting-from-ground.jpeg.webp?itok=v1cMaKJt","2026-06-19 18:35:06"
"https://www.endeavorfg.com/sites/endeavorfg0425.us1.advisor.ws/files/styles/slider_s/public/images/Blog_AW32_2026.jpg.webp?itok=p-xMaf6K","image/webp","200","OK","Indexable","","","0","0","","0","0","","0","","0","","0","","0","","0","","","","","","","","","","9164","9164","9164","1.358","","0","","","","","0.000","3","7","","0","0","0","0.000","0","0","0","0","0","0","","","","","","0.998","Thu, 18 Jun 2026 10:28:26 GMT","","","","","1.1","","","","","","https://www.endeavorfg.com/sites/endeavorfg0425.us1.advisor.ws/files/styles/slider_s/public/images/Blog_AW32_2026.jpg.webp?itok=p-xMaf6K","2026-06-19 18:35:05"
"https://www.endeavorfg.com/sites/endeavorfg0425.us1.advisor.ws/files/styles/slider_s/public/images/juan-ramos-EWN0rrwbBIQ-unsplash%20(1).jpg.webp?itok=J8u4kQ4J","image/webp","200","OK","Indexable","","","0","0","","0","0","","0","","0","","0","","0","","0","","","","","","","","","","20240","20240","20240","3.000","","0","","","","","0.000","3","7","","0","0","0","0.000","0","0","0","0","0","0","","","","","","1.264","Thu, 18 Jun 2026 10:43:39 GMT","","","","","1.1","","","","","","https://www.endeavorfg.com/sites/endeavorfg0425.us1.advisor.ws/files/styles/slider_s/public/images/juan-ramos-EWN0rrwbBIQ-unsplash%20%281%29.jpg.webp?itok=J8u4kQ4J","2026-06-19 18:35:05"
"https://www.endeavorfg.com/blog/negotiating-great-mortgage-high-rate-environment","text/html; charset=UTF-8","200","OK","Indexable","","Negotiating a Great Mortgage in a High Rate Environment | Endeavor Financial Group","82","755","Mortgage rates have risen above 7%, leaving many buyers feeling like a reasonable mortgage is out of reach. While current rates look high compared to the ultra-low rates of the past decade, they aren't outrageous from a historical perspective.","243","1488","","0","Negotiating a Great Mortgage in a High Rate Environment","55","","0","Current Rates Aren't Actually That High Historically","52","3 Tips for Finding a Good Mortgage Deal When Rates Are High","59","","","","https://www.endeavorfg.com/blog/negotiating-great-mortgage-high-rate-environment","","","","","","92176","29407","29407","4.358","","777","131","5.931","68.743","Normal","6.243","3","1","","21","7","0","3.740","28","24","0","10","10","0","","","","","1d7979cb3e324fb3e3104a4e7ffcdc48","1.019","","","","","en","1.1","","","","","","https://www.endeavorfg.com/blog/negotiating-great-mortgage-high-rate-environment","2026-06-19 18:35:05"
"https://www.endeavorfg.com/taxonomy/term/9/feed","application/rss+xml; charset=utf-8","200","OK","Indexable","","","0","0","","0","0","","0","","0","","0","","0","","0","","","","","","","","","","0","0","0","0.000","","0","","","","","0.000","3","3","","4","4","0","2.140","0","0","0","0","0","0","","","","","","0.664","","","","","","1.1","","","","","","https://www.endeavorfg.com/taxonomy/term/9/feed","2026-06-19 18:35:06"
"https://www.endeavorfg.com/sites/endeavorfg0425.us1.advisor.ws/files/styles/slider_s/public/images/the-ultimate-retirement-planning-guide-free-pdf-574831.png.webp?itok=i7vMwBTS","image/webp","200","OK","Indexable","","","0","0","","0","0","","0","","0","","0","","0","","0","","","","","","","","","","15944","15944","15944","2.363","","0","","","","","0.000","3","7","","0","0","0","0.000","0","0","0","0","0","0","","","","","","1.364","Thu, 18 Jun 2026 10:32:15 GMT","","","","","1.1","","","","","","https://www.endeavorfg.com/sites/endeavorfg0425.us1.advisor.ws/files/styles/slider_s/public/images/the-ultimate-retirement-planning-guide-free-pdf-574831.png.webp?itok=i7vMwBTS","2026-06-19 18:35:05"
"https://www.endeavorfg.com/category/retirement?page=0","text/html; charset=UTF-8","200","OK","Indexable","","Retirement | Endeavor Financial Group","37","342","","0","0","","0","Retirement","10","","0","Contact Information","19","Our Locations","13","","","","","","","","","","133072","31103","31103","4.609","","618","172","3.593","70.539","Fairly Easy","3.662","3","1","","10","4","0","2.140","123","50","0","8","8","0","","","","","e58f51d1e8dec652973ebd1db42b4515","1.217","","","","","en","1.1","","","","","","https://www.endeavorfg.com/category/retirement?page=0","2026-06-19 18:35:06"
"https://www.endeavorfg.com/retirement-planning-pdf-download","text/html; charset=UTF-8","200","OK","Indexable","","Retirement Planning Guide PDF: Free Download | Endeavor Financial Group","71","667","Get your retirement planning guide PDF free download. Learn practical steps, tips, and tools to build a secure future with this easy-to-follow resource.","152","918","","0","The Ultimate Retirement Planning Guide (Free PDF)","49","","0","Key Takeaways","13","What Is a Retirement Planning Guide (and Why You Need One)","58","","","","https://www.endeavorfg.com/retirement-planning-pdf-download","","","","","","126899","40531","40531","6.007","","5587","769","7.265","62.150","Normal","28.164","3","0","","12","4","0","2.140","50","25","0","25","19","0","","","","","6df6bf7671d1bb7b430ea9020f0a0795","0.989","","","","","en","1.1","","","","","","https://www.endeavorfg.com/retirement-planning-pdf-download","2026-06-19 18:35:06"
"https://www.endeavorfg.com/category/retirement?page=1","text/html; charset=UTF-8","200","OK","Indexable","","Retirement | Endeavor Financial Group","37","342","","0","0","","0","Retirement","10","","0","Contact Information","19","Our Locations","13","","","","","","","","","","128066","30625","30625","4.539","","620","133","4.662","72.611","Fairly Easy","3.766","3","1","","10","4","0","2.140","94","42","0","8","8","0","","","","","35f2cafe1a95c2d393b71df9e92baf39","1.143","","","","","en","1.1","","","","","","https://www.endeavorfg.com/category/retirement?page=1","2026-06-19 18:35:06"
"https://www.endeavorfg.com/blog/4-financial-mistakes-avoid-spring","text/html; charset=UTF-8","200","OK","Indexable","","4 Financial Mistakes to Avoid this Spring | Endeavor Financial Group","68","602","Spring isn’t just about budding plants, changing the clocks, or paying your tax bill. It can be the perfect time to refresh financial tasks and dust off your long-term goals. As we begin a new season of financial “spring cleaning,” here are 4 (commonly made) mistakes you can prevent this year.","294","1776","","0","4 Financial Mistakes to Avoid this Spring","41","","0","Contact Information","19","Our Locations","13","","","","https://www.endeavorfg.com/blog/4-financial-mistakes-avoid-spring","","","","","","92956","29738","29738","4.407","","890","138","6.449","70.347","Fairly Easy","6.726","3","1","","36","12","0","6.420","30","26","0","8","8","0","","","","","89db75d1fff6f44142a81e4221671eb4","1.115","","","","","en","1.1","","","","","","https://www.endeavorfg.com/blog/4-financial-mistakes-avoid-spring","2026-06-19 18:35:07"
"https://www.endeavorfg.com/blog/tax-planning-vs-tax-preparation-theyre-not-same-thing-0","text/html; charset=UTF-8","200","OK","Indexable","","Tax Planning vs. Tax Preparation: They're Not the Same Thing | Endeavor Financial Group","87","793","Many people think about taxes once a year — when April rolls around and it's time to file.By then, the year is already in the rearview mirror. The decisions that could have made a difference? Many of the deadlines for them already passed.","238","1447","","0","Tax Planning vs. Tax Preparation: They're Not the Same Thing","60","","0","Contact Information","19","Our Locations","13","","","","https://www.endeavorfg.com/blog/tax-planning-vs-tax-preparation-theyre-not-same-thing-0","","","","","","90875","29194","29194","4.327","","721","123","5.862","67.004","Normal","5.897","3","1","","21","7","0","3.740","28","24","0","8","8","0","","","","","1e508666585f8ad5479cf05c505f4915","1.028","","","","","en","1.1","","","","","","https://www.endeavorfg.com/blog/tax-planning-vs-tax-preparation-theyre-not-same-thing-0","2026-06-19 18:35:07"
"https://www.endeavorfg.com/category/credit","text/html; charset=UTF-8","200","OK","Indexable","","Credit | Endeavor Financial Group","33","296","","0","0","","0","Credit","6","","0","Contact Information","19","Our Locations","13","","","","","","","","","","95590","28439","28439","4.215","","229","68","3.368","65.619","Normal","2.505","3","1","","32","21","0","11.230","53","32","0","8","8","0","","","","","eb8e7290e6b69fb74017609b715777c4","1.711","","","","","en","1.1","","","","","","https://www.endeavorfg.com/category/credit","2026-06-19 18:35:07"
"https://www.endeavorfg.com/category/retirement?page=2","text/html; charset=UTF-8","200","OK","Indexable","","Retirement | Endeavor Financial Group","37","342","","0","0","","0","Retirement","10","","0","Contact Information","19","Our Locations","13","","","","","","","","","","128761","30953","30953","4.587","","621","164","3.787","69.076","Normal","3.818","3","1","","11","4","0","2.140","116","47","0","8","8","0","","","","","efdefa0a75a1a3a13d9d141ce3098b58","1.249","","","","","en","1.1","","","","","","https://www.endeavorfg.com/category/retirement?page=2","2026-06-19 18:35:07"
"https://www.endeavorfg.com/sites/endeavorfg0425.us1.advisor.ws/files/styles/slider_s/public/images/organization-tips-time-off-taxes.jpg.webp?itok=8MlV3al4","image/webp","200","OK","Indexable","","","0","0","","0","0","","0","","0","","0","","0","","0","","","","","","","","","","9432","9432","9432","1.398","","0","","","","","0.000","3","7","","0","0","0","0.000","0","0","0","0","0","0","","","","","","1.033","Thu, 18 Jun 2026 11:54:48 GMT","","","","","1.1","","","","","","https://www.endeavorfg.com/sites/endeavorfg0425.us1.advisor.ws/files/styles/slider_s/public/images/organization-tips-time-off-taxes.jpg.webp?itok=8MlV3al4","2026-06-19 18:35:08"
"https://www.endeavorfg.com/sites/endeavorfg0425.us1.advisor.ws/files/styles/slider_s/public/images/AW102024.jpg.webp?itok=MV7U_WJk","image/webp","200","OK","Indexable","","","0","0","","0","0","","0","","0","","0","","0","","0","","","","","","","","","","44672","44672","44672","6.620","","0","","","","","0.000","3","7","","0","0","0","0.000","0","0","0","0","0","0","","","","","","0.090","Tue, 16 Jun 2026 01:01:55 GMT","","","","","1.1","","","","","","https://www.endeavorfg.com/sites/endeavorfg0425.us1.advisor.ws/files/styles/slider_s/public/images/AW102024.jpg.webp?itok=MV7U_WJk","2026-06-19 18:35:09"
"https://www.endeavorfg.com/category/tax-planning?page=1","text/html; charset=UTF-8","200","OK","Indexable","","Tax Planning | Endeavor Financial Group","39","358","","0","0","","0","Tax Planning","12","","0","Contact Information","19","Our Locations","13","","","","","","","","","","116685","30253","30253","4.483","","490","117","4.188","76.375","Fairly Easy","3.388","3","1","","10","3","0","1.600","87","41","0","8","8","0","","","","","4a7e6545bd1ca09e125ad9e79b7a6456","1.002","","","","","en","1.1","","","","","","https://www.endeavorfg.com/category/tax-planning?page=1","2026-06-19 18:35:08"
"https://www.endeavorfg.com/taxonomy/term/11/feed","application/rss+xml; charset=utf-8","200","OK","Indexable","","","0","0","","0","0","","0","","0","","0","","0","","0","","","","","","","","","","0","0","0","0.000","","0","","","","","0.000","3","3","","3","3","0","1.600","0","0","0","0","0","0","","","","","","0.673","","","","","","1.1","","","","","","https://www.endeavorfg.com/taxonomy/term/11/feed","2026-06-19 18:35:09"
"https://www.endeavorfg.com/sites/endeavorfg0425.us1.advisor.ws/files/styles/slider_s/public/images/Blog_AW29_2026.jpg.webp?itok=-hk35P1_","image/webp","200","OK","Indexable","","","0","0","","0","0","","0","","0","","0","","0","","0","","","","","","","","","","10394","10394","10394","1.540","","0","","","","","0.000","3","7","","0","0","0","0.000","0","0","0","0","0","0","","","","","","1.146","Thu, 18 Jun 2026 11:10:20 GMT","","","","","1.1","","","","","","https://www.endeavorfg.com/sites/endeavorfg0425.us1.advisor.ws/files/styles/slider_s/public/images/Blog_AW29_2026.jpg.webp?itok=-hk35P1_","2026-06-19 18:35:09"
"https://www.endeavorfg.com/category/tax-planning?page=0","text/html; charset=UTF-8","200","OK","Indexable","","Tax Planning | Endeavor Financial Group","39","358","","0","0","","0","Tax Planning","12","","0","Contact Information","19","Our Locations","13","","","","","","","","","","131197","30869","30869","4.575","","637","166","3.837","73.450","Fairly Easy","3.737","3","1","","8","3","0","1.600","115","47","0","8","8","0","","","","","2fd6d7dce6078e2af90379cfa92d1516","1.178","","","","","en","1.1","","","","","","https://www.endeavorfg.com/category/tax-planning?page=0","2026-06-19 18:35:09"
"https://www.endeavorfg.com/sites/endeavorfg0425.us1.advisor.ws/files/styles/slider_s/public/images/Blog_AW28_2025.jpg.webp?itok=yjlMPo2U","image/webp","200","OK","Indexable","","","0","0","","0","0","","0","","0","","0","","0","","0","","","","","","","","","","29906","29906","29906","4.432","","0","","","","","0.000","3","7","","0","0","0","0.000","0","0","0","0","0","0","","","","","","1.259","Thu, 18 Jun 2026 04:04:58 GMT","","","","","1.1","","","","","","https://www.endeavorfg.com/sites/endeavorfg0425.us1.advisor.ws/files/styles/slider_s/public/images/Blog_AW28_2025.jpg.webp?itok=yjlMPo2U","2026-06-19 18:35:09"
"https://www.endeavorfg.com/blog/organization-tips-help-take-time-taxes","text/html; charset=UTF-8","200","OK","Indexable","","Organization Tips to Help Take Time off Taxes | Endeavor Financial Group","72","657","Feel overwhelmed by tax documents? Staying organized may help reduce your tax season stress.","92","598","","0","Organization Tips to Help Take Time off Taxes","45","","0","Contact Information","19","Our Locations","13","","","","https://www.endeavorfg.com/blog/organization-tips-help-take-time-taxes","","","","","","90284","29159","29159","4.321","","784","115","6.817","73.015","Fairly Easy","6.076","3","1","","12","4","0","2.140","25","21","0","8","8","0","","","","","afd60acaee3f3638543c08dc7569a8ca","1.127","","","","","en","1.1","","","","","","https://www.endeavorfg.com/blog/organization-tips-help-take-time-taxes","2026-06-19 18:35:09"
"https://www.endeavorfg.com/blog/how-tax-loss-harvesting-can-potentially-reduce-your-capital-gains-taxes","text/html; charset=UTF-8","200","OK","Indexable","","How Tax Loss Harvesting Can Potentially Reduce Your Capital Gains Taxes | Endeavor Financial Group","98","909","If you’re like many investors, the thought of paying capital gains taxes on your successful investments might feel overwhelming. But what if there was a strategy to potentially reduce some of those taxes?It’s called tax loss harvesting, and while the term might sound complicated, it's actually a fairly simple concept that could save you money.Let’s break it down.","365","2219","","0","How Tax Loss Harvesting Can Potentially Reduce Your Capital Gains Taxes","71","","0","Contact Information","19","Our Locations","13","","","","https://www.endeavorfg.com/blog/how-tax-loss-harvesting-can-potentially-reduce-your-capital-gains-taxes","","","","","","91163","29363","29363","4.352","","827","115","7.191","63.071","Normal","6.593","3","1","","15","5","0","2.670","26","22","0","8","8","0","","","","","ac4bc5bdea71988dad519e135cc2fe53","1.093","","","","","en","1.1","","","","","","https://www.endeavorfg.com/blog/how-tax-loss-harvesting-can-potentially-reduce-your-capital-gains-taxes","2026-06-19 18:35:09"
"https://www.endeavorfg.com/blog/tax-planning-vs-tax-preparation-theyre-not-same-thing","text/html; charset=UTF-8","200","OK","Indexable","","Tax Planning vs. Tax Preparation: They're Not the Same Thing | Endeavor Financial Group","87","793","Many people think about taxes once a year — when April rolls around and it's time to file.By then, the year is already in the rearview mirror. The decisions that could have made a difference? Many of the deadlines for them already passed.","238","1447","","0","Tax Planning vs. Tax Preparation: They're Not the Same Thing","60","","0","Contact Information","19","Our Locations","13","","","","https://www.endeavorfg.com/blog/tax-planning-vs-tax-preparation-theyre-not-same-thing","","","","","","90560","29204","29204","4.328","","720","122","5.902","67.130","Normal","5.904","3","1","","18","6","0","3.210","27","23","0","8","8","0","","","","","884e500d65ee7cbea9684f688b6ad212","1.117","","","","","en","1.1","","","","","","https://www.endeavorfg.com/blog/tax-planning-vs-tax-preparation-theyre-not-same-thing","2026-06-19 18:35:10"
"https://www.endeavorfg.com/blog/guide-pensions-retirement-benefits","text/html; charset=UTF-8","200","OK","Indexable","","A Guide to Pensions & Retirement Benefits | Endeavor Financial Group","68","623","How much do you really know about retirement benefits? If you’re like most Americans, it’s not that much. In fact, most of us have fairly poor “retirement literacy,” especially when it comes to the finer points of retirement benefits.1 That may not seem like a big deal, but it can give rise to all sorts of landmines in the future, possibly derailing your retirement plans and goals. It could also impact your quality of life and your opportunities to live your best life in retirement.2","488","2872","","0","A Guide to Pensions & Retirement Benefits","41","","0","Contact Information","19","Our Locations","13","","","","https://www.endeavorfg.com/blog/guide-pensions-retirement-benefits","","","","","","95434","31064","31064","4.604","","1462","241","6.066","54.971","Fairly Hard","10.827","3","1","","23","6","0","3.210","32","23","0","10","10","0","","","","","2df118e077cc1b87a4b1b89689d95f2e","1.054","","","","","en","1.1","","","","","","https://www.endeavorfg.com/blog/guide-pensions-retirement-benefits","2026-06-19 18:35:10"
"https://www.endeavorfg.com/sep-retirement-plans-small-businesses","text/html; charset=UTF-8","200","OK","Indexable","","A Guide to SEP Retirement Plans for Small Businesses","52","486","Learn how SEP retirement plans for small businesses work, who qualifies, and how to set one up with clear steps and practical tips for business owners.","151","934","","0","Get expert tips on personal financial planning for executives and entrepreneurs, from managing equity to tax strategies and building long-term wealth.","150","","0","Key Takeaways","13","What Is a SEP IRA and How Does It Work?","39","","","","https://www.endeavorfg.com/sep-retirement-plans-small-businesses","","","","","","122665","38665","38665","5.730","","5412","734","7.373","62.212","Normal","27.796","3","0","","9","3","0","1.600","52","23","0","10","10","0","","","","","95cabc9227c911a336da2891ea30c37e","1.047","","","","","en","1.1","","","","","","https://www.endeavorfg.com/sep-retirement-plans-small-businesses","2026-06-19 18:35:10"
"https://www.endeavorfg.com/blog?page=3","text/html; charset=UTF-8","200","OK","Indexable","","Blog | Endeavor Financial Group","31","281","","0","0","","0","Blog","4","","0","Contact Information","19","Our Locations","13","","","","","","","","","","130231","31127","31127","4.613","","643","147","4.374","79.113","Fairly Easy","3.810","3","0","","16","11","0","5.880","108","52","0","8","8","0","","","","","e1cb48230a8e25b0ffe987e0a9c7c019","1.325","","","","","en","1.1","","","","","","https://www.endeavorfg.com/blog?page=3","2026-06-19 18:35:10"
"https://www.endeavorfg.com/blog?page=2","text/html; charset=UTF-8","200","OK","Indexable","","Blog | Endeavor Financial Group","31","281","","0","0","","0","Blog","4","","0","Contact Information","19","Our Locations","13","","","","","","","","","","129732","31025","31025","4.598","","601","139","4.324","63.933","Normal","3.806","3","0","","16","11","0","5.880","102","56","0","8","8","0","","","","","6cc792b381b69ca5ac638a0327fac9c4","1.174","","","","","en","1.1","","","","","","https://www.endeavorfg.com/blog?page=2","2026-06-19 18:35:11"
"https://www.endeavorfg.com/blog?page=0","text/html; charset=UTF-8","200","OK","Indexable","","Blog | Endeavor Financial Group","31","281","","0","0","","0","Blog","4","","0","Contact Information","19","Our Locations","13","","","","","","","","","","128661","30475","30475","4.516","","606","150","4.040","69.692","Normal","3.775","3","0","","19","11","0","5.880","107","54","0","8","8","0","","","","","77ad28df7940c9db47ab8474300db904","1.035","","","","","en","1.1","","","","","","https://www.endeavorfg.com/blog?page=0","2026-06-19 18:35:11"
"https://www.endeavorfg.com/sites/endeavorfg0425.us1.advisor.ws/files/styles/slider_s/public/images/sep-retirement-plans-for-small-businesses-a-simple-guide-557169.png.webp?itok=VHgf-n2L","image/webp","200","OK","Indexable","","","0","0","","0","0","","0","","0","","0","","0","","0","","","","","","","","","","26674","26674","26674","3.953","","0","","","","","0.000","3","7","","0","0","0","0.000","0","0","0","0","0","0","","","","","","1.241","Thu, 18 Jun 2026 10:30:43 GMT","","","","","1.1","","","","","","https://www.endeavorfg.com/sites/endeavorfg0425.us1.advisor.ws/files/styles/slider_s/public/images/sep-retirement-plans-for-small-businesses-a-simple-guide-557169.png.webp?itok=VHgf-n2L","2026-06-19 18:35:11"
"https://www.endeavorfg.com/blog?page=1","text/html; charset=UTF-8","200","OK","Indexable","","Blog | Endeavor Financial Group","31","281","","0","0","","0","Blog","4","","0","Contact Information","19","Our Locations","13","","","","","","","","","","127451","30745","30745","4.556","","557","121","4.603","72.149","Fairly Easy","3.487","3","0","","17","11","0","5.880","93","53","0","8","8","0","","","","","8a2bd89b3dcb02f700378b6bcbb3e4f5","1.282","","","","","en","1.1","","","","","","https://www.endeavorfg.com/blog?page=1","2026-06-19 18:35:11"
"https://www.endeavorfg.com/succession-planning-business-owners","text/html; charset=UTF-8","200","OK","Indexable","","The Ultimate Guide to Succession Planning for Business Owners | Endeavor Financial Group","88","815","Succession planning for business owners ensures a smooth leadership transition, protects your legacy, and prepares your company for long-term success.","150","952","","0","A Guide to Succession Planning for Business Owners","50","","0","Key Takeaways","13","What Is Succession Planning and Why Does Your Business Need It?","63","","","","https://www.endeavorfg.com/succession-planning-business-owners","","","","","","124859","39669","39669","5.879","","5552","754","7.363","62.800","Normal","28.281","3","0","","12","4","0","2.140","55","24","0","12","12","0","","","","","36242ec4c63f43c63f5635b96bf95c17","1.002","","","","","en","1.1","","","","","","https://www.endeavorfg.com/succession-planning-business-owners","2026-06-19 18:35:11"
"https://www.endeavorfg.com/sep-retirement-plans-small-businesses-a-simple-guide","text/html; charset=UTF-8","200","OK","Indexable","","A Guide to SEP Retirement Plans for Small Businesses","52","486","Learn how SEP retirement plans for small businesses work, who qualifies, and how to set one up with clear steps and practical tips for business owners.","151","934","","0","SEP Retirement Plans for Small Businesses: A Simple Guide","57","","0","Key Takeaways","13","What Is a SEP IRA and How Does It Work?","39","","","","https://www.endeavorfg.com/sep-retirement-plans-small-businesses-a-simple-guide","","","","","","122417","38576","38576","5.717","","5388","732","7.361","62.462","Normal","27.700","3","0","","9","3","0","1.600","52","23","0","10","10","0","","","","","25a2084acd82cf1322a4f7c9c2372f06","0.986","","","","","en","1.1","","","","","","https://www.endeavorfg.com/sep-retirement-plans-small-businesses-a-simple-guide","2026-06-19 18:35:12"
"https://www.endeavorfg.com/blog?page=9","text/html; charset=UTF-8","200","OK","Indexable","","Blog | Endeavor Financial Group","31","281","","0","0","","0","Blog","4","","0","Contact Information","19","Our Locations","13","","","","","","","","","","98576","28879","28879","4.280","","249","59","4.220","73.443","Fairly Easy","2.590","3","0","","19","11","0","5.880","54","38","0","8","8","0","","","","","f0ae240781e2907d8eec19ce71dd82e4","0.992","","","","","en","1.1","","","","","","https://www.endeavorfg.com/blog?page=9","2026-06-19 18:35:12"
"https://www.endeavorfg.com/blog?page=8","text/html; charset=UTF-8","200","OK","Indexable","","Blog | Endeavor Financial Group","31","281","","0","0","","0","Blog","4","","0","Contact Information","19","Our Locations","13","","","","","","","","","","130038","31154","31154","4.617","","659","165","3.994","71.709","Fairly Easy","4.010","3","0","","16","11","0","5.880","122","55","0","8","8","0","","","","","3ad79331e1b4920fa494b4f2f4a8a2c8","1.130","","","","","en","1.1","","","","","","https://www.endeavorfg.com/blog?page=8","2026-06-19 18:35:12"
"https://www.endeavorfg.com/sites/endeavorfg0425.us1.advisor.ws/files/styles/slider_s/public/images/smarter-financial-planning-for-execs-entrepreneurs-552331.png.webp?itok=TQZiv7Uc","image/webp","200","OK","Indexable","","","0","0","","0","0","","0","","0","","0","","0","","0","","","","","","","","","","19408","19408","19408","2.876","","0","","","","","0.000","3","7","","0","0","0","0.000","0","0","0","0","0","0","","","","","","0.058","Tue, 16 Jun 2026 00:57:06 GMT","","","","","1.1","","","","","","https://www.endeavorfg.com/sites/endeavorfg0425.us1.advisor.ws/files/styles/slider_s/public/images/smarter-financial-planning-for-execs-entrepreneurs-552331.png.webp?itok=TQZiv7Uc","2026-06-19 18:35:13"
"https://www.endeavorfg.com/blog?page=7","text/html; charset=UTF-8","200","OK","Indexable","","Blog | Endeavor Financial Group","31","281","","0","0","","0","Blog","4","","0","Contact Information","19","Our Locations","13","","","","","","","","","","124076","30486","30486","4.518","","566","118","4.797","71.928","Fairly Easy","3.738","3","0","","16","11","0","5.880","86","50","0","8","8","0","","","","","4642d172ff533453b15c667a0b8b051e","1.253","","","","","en","1.1","","","","","","https://www.endeavorfg.com/blog?page=7","2026-06-19 18:35:12"
"https://www.endeavorfg.com/category/financial-planning","text/html; charset=UTF-8","200","OK","Indexable","","financial planning | Endeavor Financial Group","45","399","","0","0","","0","financial planning","18","","0","Contact Information","19","Our Locations","13","","","","","","","","","","93682","28073","28073","4.160","","199","47","4.234","58.420","Fairly Hard","2.405","3","1","","13","8","0","4.280","37","24","0","8","8","0","","","","","4e3bc1a78e097b25c2298ad5f82e053e","1.218","","","","","en","1.1","","","","","","https://www.endeavorfg.com/category/financial-planning","2026-06-19 18:35:12"
"https://www.endeavorfg.com/personal-financial-planning-executives","text/html; charset=UTF-8","200","OK","Indexable","","A Leader's Guide to Personal Financial Planning","47","425","Get expert tips on personal financial planning for executives and entrepreneurs, from managing equity to tax strategies and building long-term wealth.","150","923","","0","Smarter Financial Planning for Execs & Entrepreneurs","52","","0","Key Takeaways","13","Why is Financial Planning Different for Executives and Entrepreneurs?","69","","","","https://www.endeavorfg.com/personal-financial-planning-executives","","","","","","111804","35918","35918","5.323","","3650","505","7.228","53.431","Fairly Hard","21.836","3","0","","9","3","0","1.600","44","24","0","8","8","0","","","","","ca513c01d0d6629d45d0a3206187cfd5","0.994","","","","","en","1.1","","","","","","https://www.endeavorfg.com/personal-financial-planning-executives","2026-06-19 18:35:13"
"https://www.endeavorfg.com/themes/custom/aw_core/dist/css/content/team/full.css?tg0mv6","text/css","200","OK","Indexable","","","0","0","","0","0","","0","","0","","0","","0","","0","","","","","","","","","","0","0","0","0.000","","0","","","","","0.000","3","7","","0","0","0","0.000","0","0","0","0","0","0","","","","","","0.410","Thu, 28 May 2026 12:43:38 GMT","","","","","1.1","","","","","","https://www.endeavorfg.com/themes/custom/aw_core/dist/css/content/team/full.css?tg0mv6","2026-06-19 18:35:14"
"https://www.endeavorfg.com/blog?page=6","text/html; charset=UTF-8","200","OK","Indexable","","Blog | Endeavor Financial Group","31","281","","0","0","","0","Blog","4","","0","Contact Information","19","Our Locations","13","","","","","","","","","","123573","30525","30525","4.524","","594","119","4.992","72.732","Fairly Easy","3.836","3","0","","16","11","0","5.880","87","50","0","8","8","0","","","","","9bfd5d3156457773534e38df1b82440d","1.203","","","","","en","1.1","","","","","","https://www.endeavorfg.com/blog?page=6","2026-06-19 18:35:13"
"https://www.endeavorfg.com/sites/endeavorfg0425.us1.advisor.ws/files/unsplash/FlPc9_VocJ4.jpg","image/jpeg","200","OK","Indexable","","","0","0","","0","0","","0","","0","","0","","0","","0","","","","","","","","","","1100794","1100794","1100794","163.138","","0","","","","","0.000","3","4","","0","0","0","0.000","0","0","0","0","0","0","","","","","","0.088","Wed, 21 May 2025 17:42:22 GMT","","","","","1.1","","","","","","https://www.endeavorfg.com/sites/endeavorfg0425.us1.advisor.ws/files/unsplash/FlPc9_VocJ4.jpg","2026-06-19 18:35:14"
"https://www.endeavorfg.com/sites/endeavorfg0425.us1.advisor.ws/files/styles/medium/public/images/wealthscape-logo_1.png.webp?itok=dkbFBXLO","image/webp","200","OK","Indexable","","","0","0","","0","0","","0","","0","","0","","0","","0","","","","","","","","","","1956","1956","1956","0.290","","0","","","","","0.000","3","7","","0","0","0","0.000","0","0","0","0","0","0","","","","","","0.061","Tue, 16 Jun 2026 00:54:45 GMT","","","","","1.1","","","","","","https://www.endeavorfg.com/sites/endeavorfg0425.us1.advisor.ws/files/styles/medium/public/images/wealthscape-logo_1.png.webp?itok=dkbFBXLO","2026-06-19 18:35:14"
"https://www.endeavorfg.com/sites/endeavorfg0425.us1.advisor.ws/files/styles/medium/public/images/emoney-nav-logo.png.webp?itok=7k4EXKFe","image/webp","200","OK","Indexable","","","0","0","","0","0","","0","","0","","0","","0","","0","","","","","","","","","","2864","2864","2864","0.424","","0","","","","","0.000","3","7","","0","0","0","0.000","0","0","0","0","0","0","","","","","","0.088","Tue, 16 Jun 2026 00:54:51 GMT","","","","","1.1","","","","","","https://www.endeavorfg.com/sites/endeavorfg0425.us1.advisor.ws/files/styles/medium/public/images/emoney-nav-logo.png.webp?itok=7k4EXKFe","2026-06-19 18:35:14"
"https://www.endeavorfg.com/blog?page=4","text/html; charset=UTF-8","200","OK","Indexable","","Blog | Endeavor Financial Group","31","281","","0","0","","0","Blog","4","","0","Contact Information","19","Our Locations","13","","","","","","","","","","126131","30682","30682","4.547","","602","123","4.894","70.751","Fairly Easy","3.792","3","0","","16","11","0","5.880","96","50","0","8","8","0","","","","","5180a402f079d425555dc9897cd3680c","1.014","","","","","en","1.1","","","","","","https://www.endeavorfg.com/blog?page=4","2026-06-19 18:35:14"
"https://www.endeavorfg.com/blog?page=5","text/html; charset=UTF-8","200","OK","Indexable","","Blog | Endeavor Financial Group","31","281","","0","0","","0","Blog","4","","0","Contact Information","19","Our Locations","13","","","","","","","","","","125612","30735","30735","4.555","","617","122","5.057","72.951","Fairly Easy","3.814","3","0","","16","11","0","5.880","90","49","0","8","8","0","","","","","316b5b19d5a76e1c96115ea366102ca9","1.345","","","","","en","1.1","","","","","","https://www.endeavorfg.com/blog?page=5","2026-06-19 18:35:13"
"https://www.endeavorfg.com/sites/endeavorfg0425.us1.advisor.ws/files/styles/slider_s/public/images/a-guide-to-succession-planning-for-business-owners-483233.png.webp?itok=TQIATM3_","image/webp","200","OK","Indexable","","","0","0","","0","0","","0","","0","","0","","0","","0","","","","","","","","","","17838","17838","17838","2.644","","0","","","","","0.000","3","7","","0","0","0","0.000","0","0","0","0","0","0","","","","","","1.284","Thu, 18 Jun 2026 10:26:28 GMT","","","","","1.1","","","","","","https://www.endeavorfg.com/sites/endeavorfg0425.us1.advisor.ws/files/styles/slider_s/public/images/a-guide-to-succession-planning-for-business-owners-483233.png.webp?itok=TQIATM3_","2026-06-19 18:35:14"
"https://www.endeavorfg.com/sites/endeavorfg0425.us1.advisor.ws/files/styles/medium/public/images/jackson_logo_reg_col_pos_rgb.png.webp?itok=f88rHEJy","image/webp","200","OK","Indexable","","","0","0","","0","0","","0","","0","","0","","0","","0","","","","","","","","","","2820","2820","2820","0.418","","0","","","","","0.000","3","7","","0","0","0","0.000","0","0","0","0","0","0","","","","","","1.051","Tue, 16 Jun 2026 19:41:53 GMT","","","","","1.1","","","","","","https://www.endeavorfg.com/sites/endeavorfg0425.us1.advisor.ws/files/styles/medium/public/images/jackson_logo_reg_col_pos_rgb.png.webp?itok=f88rHEJy","2026-06-19 18:35:14"
"https://www.endeavorfg.com/sites/endeavorfg0425.us1.advisor.ws/files/styles/medium/public/images/corebridge-financial-rgb-600x200.png.webp?itok=PFJpRU1K","image/webp","200","OK","Indexable","","","0","0","","0","0","","0","","0","","0","","0","","0","","","","","","","","","","3346","3346","3346","0.496","","0","","","","","0.000","3","7","","0","0","0","0.000","0","0","0","0","0","0","","","","","","1.275","Fri, 19 Jun 2026 13:05:16 GMT","","","","","1.1","","","","","","https://www.endeavorfg.com/sites/endeavorfg0425.us1.advisor.ws/files/styles/medium/public/images/corebridge-financial-rgb-600x200.png.webp?itok=PFJpRU1K","2026-06-19 18:35:15"
"https://www.endeavorfg.com/sites/endeavorfg0425.us1.advisor.ws/files/styles/medium/public/images/images.png.webp?itok=E2f80hQR","image/webp","200","OK","Indexable","","","0","0","","0","0","","0","","0","","0","","0","","0","","","","","","","","","","2986","2986","2986","0.443","","0","","","","","0.000","3","7","","0","0","0","0.000","0","0","0","0","0","0","","","","","","0.999","Thu, 18 Jun 2026 10:16:35 GMT","","","","","1.1","","","","","","https://www.endeavorfg.com/sites/endeavorfg0425.us1.advisor.ws/files/styles/medium/public/images/images.png.webp?itok=E2f80hQR","2026-06-19 18:35:16"
"https://www.endeavorfg.com/sites/endeavorfg0425.us1.advisor.ws/files/styles/medium/public/images/amp-site-logo-reversed.png.webp?itok=_-MYDDfV","image/webp","200","OK","Indexable","","","0","0","","0","0","","0","","0","","0","","0","","0","","","","","","","","","","4208","4208","4208","0.624","","0","","","","","0.000","3","7","","0","0","0","0.000","0","0","0","0","0","0","","","","","","0.110","Tue, 16 Jun 2026 00:55:22 GMT","","","","","1.1","","","","","","https://www.endeavorfg.com/sites/endeavorfg0425.us1.advisor.ws/files/styles/medium/public/images/amp-site-logo-reversed.png.webp?itok=_-MYDDfV","2026-06-19 18:35:17"
"https://www.endeavorfg.com/sites/endeavorfg0425.us1.advisor.ws/files/images/financial_planning.jpg","image/jpeg","200","OK","Indexable","","","0","0","","0","0","","0","","0","","0","","0","","0","","","","","","","","","","211509","211509","211509","31.346","","0","","","","","0.000","3","4","","0","0","0","0.000","0","0","0","0","0","0","","","","","","0.093","Tue, 01 Aug 2023 21:12:02 GMT","","","","","1.1","","","","","","https://www.endeavorfg.com/sites/endeavorfg0425.us1.advisor.ws/files/images/financial_planning.jpg","2026-06-19 18:35:17"
"https://www.endeavorfg.com/sites/endeavorfg0425.us1.advisor.ws/files/styles/max_325x325/public/images/Blog_AW34_2026.jpg.webp?itok=7D6K2xBu","image/webp","200","OK","Indexable","","","0","0","","0","0","","0","","0","","0","","0","","0","","","","","","","","","","7208","7208","7208","1.068","","0","","","","","0.000","3","7","","0","0","0","0.000","0","0","0","0","0","0","","","","","","0.099","Tue, 16 Jun 2026 01:06:01 GMT","","","","","1.1","","","","","","https://www.endeavorfg.com/sites/endeavorfg0425.us1.advisor.ws/files/styles/max_325x325/public/images/Blog_AW34_2026.jpg.webp?itok=7D6K2xBu","2026-06-19 18:35:17"
"https://www.endeavorfg.com/sites/endeavorfg0425.us1.advisor.ws/files/styles/slider_s/public/images/Blogreflection.jpg.webp?itok=h84ZvEg1","image/webp","200","OK","Indexable","","","0","0","","0","0","","0","","0","","0","","0","","0","","","","","","","","","","14036","14036","14036","2.080","","0","","","","","0.000","3","7","","0","0","0","0.000","0","0","0","0","0","0","","","","","","0.094","Tue, 16 Jun 2026 01:03:28 GMT","","","","","1.1","","","","","","https://www.endeavorfg.com/sites/endeavorfg0425.us1.advisor.ws/files/styles/slider_s/public/images/Blogreflection.jpg.webp?itok=h84ZvEg1","2026-06-19 18:35:19"
"https://www.endeavorfg.com/category/risk-management?page=1","text/html; charset=UTF-8","200","OK","Indexable","","Risk Management | Endeavor Financial Group","42","403","","0","0","","0","Risk Management","15","","0","Contact Information","19","Our Locations","13","","","","","","","","","","100173","29117","29117","4.315","","286","85","3.365","65.279","Normal","2.849","3","1","","10","3","0","1.600","64","38","0","8","8","0","","","","","b4cd11f846b67be10ca9629c4eae1d68","1.024","","","","","en","1.1","","","","","","https://www.endeavorfg.com/category/risk-management?page=1","2026-06-19 18:35:19"
"https://www.endeavorfg.com/blog/how-stay-invested-volatile-markets-without-losing-sleep","text/html; charset=UTF-8","200","OK","Indexable","","How to Stay Invested in Volatile Markets Without Losing Sleep | Endeavor Financial Group","88","796","Market volatility can feel like a rollercoaster. Thrilling on the way up, stomach-churning on the way down. Even seasoned investors get a little uneasy when the market takes a dive.But here’s the thing: While market fluctuations are inevitable, maintaining a disciplined investment approach has historically helped investors stay on track toward their financial goals.If market swings make you nervous, don’t worry. You’re not alone. We’re going to walk through some key strategies to stay invested with confidence when markets get choppy.","539","3299","","0","How to Stay Invested in Volatile Markets Without Losing Sleep","61","","0","1. Focus on Your Long-Term Goals","32","2. Maintain a Diversified Portfolio","35","","","","https://www.endeavorfg.com/blog/how-stay-invested-volatile-markets-without-losing-sleep","","","","","","94223","30687","30687","4.548","","1153","203","5.680","70.391","Fairly Easy","8.450","3","1","","18","6","0","3.210","27","23","0","10","10","0","","","","","68a76ad01642e46c8262b5974bd1742","1.040","","","","","en","1.1","","","","","","https://www.endeavorfg.com/blog/how-stay-invested-volatile-markets-without-losing-sleep","2026-06-19 18:35:19"
"https://www.endeavorfg.com/taxonomy/term/8/feed","application/rss+xml; charset=utf-8","200","OK","Indexable","","","0","0","","0","0","","0","","0","","0","","0","","0","","","","","","","","","","0","0","0","0.000","","0","","","","","0.000","3","3","","3","3","0","1.600","0","0","0","0","0","0","","","","","","0.494","","","","","","1.1","","","","","","https://www.endeavorfg.com/taxonomy/term/8/feed","2026-06-19 18:35:20"
"https://www.endeavorfg.com/category/risk-management?page=0","text/html; charset=UTF-8","200","OK","Indexable","","Risk Management | Endeavor Financial Group","42","403","","0","0","","0","Risk Management","15","","0","Contact Information","19","Our Locations","13","","","","","","","","","","132420","31044","31044","4.601","","672","179","3.754","71.718","Fairly Easy","3.939","3","1","","8","3","0","1.600","122","47","0","8","8","0","","","","","68c3b4ac038656bd4ac37ea33623a6d2","0.976","","","","","en","1.1","","","","","","https://www.endeavorfg.com/category/risk-management?page=0","2026-06-19 18:35:20"
"https://www.endeavorfg.com/sites/endeavorfg0425.us1.advisor.ws/files/styles/slider_s/public/images/Blog_21925.jpg.webp?itok=AwQnhluo","image/webp","200","OK","Indexable","","","0","0","","0","0","","0","","0","","0","","0","","0","","","","","","","","","","37634","37634","37634","5.577","","0","","","","","0.000","3","7","","0","0","0","0.000","0","0","0","0","0","0","","","","","","0.051","Tue, 16 Jun 2026 01:03:52 GMT","","","","","1.1","","","","","","https://www.endeavorfg.com/sites/endeavorfg0425.us1.advisor.ws/files/styles/slider_s/public/images/Blog_21925.jpg.webp?itok=AwQnhluo","2026-06-19 18:35:21"
"https://www.endeavorfg.com/sites/endeavorfg0425.us1.advisor.ws/files/styles/slider_s/public/images/annie-spratt-IT6aov1ScW0-unsplash%20(1).jpg.webp?itok=dgCnbF-2","image/webp","200","OK","Indexable","","","0","0","","0","0","","0","","0","","0","","0","","0","","","","","","","","","","20280","20280","20280","3.005","","0","","","","","0.000","3","7","","0","0","0","0.000","0","0","0","0","0","0","","","","","","1.382","Tue, 16 Jun 2026 17:33:11 GMT","","","","","1.1","","","","","","https://www.endeavorfg.com/sites/endeavorfg0425.us1.advisor.ws/files/styles/slider_s/public/images/annie-spratt-IT6aov1ScW0-unsplash%20%281%29.jpg.webp?itok=dgCnbF-2","2026-06-19 18:35:21"
"https://www.endeavorfg.com/blog/navigating-fiscal-dramas-and-market-downturns-what-you-need-know","text/html; charset=UTF-8","200","OK","Indexable","","Navigating Fiscal Dramas and Market Downturns: What You Need to Know | Endeavor Financial Group","95","903","The world of finance is never static. It's an ever-changing landscape that reflects the ebb and flow of economic indicators, political events, and public sentiment. Lately, the chatter about market downturns and fiscal squabbles in Washington has reached a fever pitch. So, let's break it all down for better understanding.","323","1950","","0","Navigating Fiscal Dramas and Market Downturns: What You Need to Know","68","","0","Why Markets Are Melting Down","28","What's Next for the Markets?","28","","","","https://www.endeavorfg.com/blog/navigating-fiscal-dramas-and-market-downturns-what-you-need-know","","","","","","105042","29646","29646","4.394","","501","116","4.319","57.061","Fairly Hard","4.170","3","1","","24","8","0","4.280","27","23","0","12","12","0","","","","","96a5613dc1014d8b369a79684b976023","1.062","","","","","en","1.1","","","","","","https://www.endeavorfg.com/blog/navigating-fiscal-dramas-and-market-downturns-what-you-need-know","2026-06-19 18:35:21"
"https://www.endeavorfg.com/sites/endeavorfg0425.us1.advisor.ws/files/styles/slider_s/public/images/Blog_111824.jpg.webp?itok=yx654YAb","image/webp","200","OK","Indexable","","","0","0","","0","0","","0","","0","","0","","0","","0","","","","","","","","","","16362","16362","16362","2.425","","0","","","","","0.000","3","7","","0","0","0","0.000","0","0","0","0","0","0","","","","","","0.709","Tue, 16 Jun 2026 01:03:22 GMT","","","","","1.1","","","","","","https://www.endeavorfg.com/sites/endeavorfg0425.us1.advisor.ws/files/styles/slider_s/public/images/Blog_111824.jpg.webp?itok=yx654YAb","2026-06-19 18:35:22"
"https://www.endeavorfg.com/blog/what-2025-taught-us-about-staying-course","text/html; charset=UTF-8","200","OK","Indexable","","What 2025 Taught Us About Staying the Course | Endeavor Financial","65","606","Some years pass quietly. 2025 wasn't one of them.Between market swings, geopolitical shocks, and a news cycle that never seemed to pause, this year tested patience across the board. And yet, as we close out December, the real story isn't about what the markets did. It's about how we responded.2025 Market Volatility: A Year in ReviewEven those who tried to tune out the noise found it crashing through anyway:","410","2551","","0","What 2025 Taught Us About Staying the Course","44","","0","Contact Information","19","Our Locations","13","","","","https://www.endeavorfg.com/blog/what-2025-taught-us-about-staying-course","","","","","","93603","30026","30026","4.450","","741","214","3.463","63.919","Normal","6.649","3","1","","21","7","0","3.740","28","24","0","20","20","0","","","","","d697f893d08b9c36de0b19ac96fb3507","1.095","","","","","en","1.1","","","","","","https://www.endeavorfg.com/blog/what-2025-taught-us-about-staying-course","2026-06-19 18:35:22"
"https://www.endeavorfg.com/blog/why-sticking-long-term-investment-strategy-pays-market-downturns","text/html; charset=UTF-8","200","OK","Indexable","","Why Sticking to a Long-Term Investment Strategy Pays Off in Market Downturns | Endeavor Financial Group","103","955","Watching your portfolio take a hit can be unsettling, but staying focused on the long game is crucial. Even in uncertain times, a long-term strategy helps you navigate market ups and downs more effectively.Here, we’ll explore why market corrections are normal, how understanding historical trends can offer reassurance, and why sticking with your strategy benefits your financial future.","387","2371","","0","Why Sticking to a Long-Term Investment Strategy Pays Off in Market Downturns","76","","0","Contact Information","19","Our Locations","13","","","","https://www.endeavorfg.com/blog/why-sticking-long-term-investment-strategy-pays-market-downturns","","","","","","95133","30636","30636","4.540","","1092","194","5.629","41.528","Hard","9.102","3","1","","18","6","0","3.210","27","23","0","14","13","0","","","","","cc7f74cef7d7da0aad61b4de48298d7e","1.085","","","","","en","1.1","","","","","","https://www.endeavorfg.com/blog/why-sticking-long-term-investment-strategy-pays-market-downturns","2026-06-19 18:35:22"
"https://www.endeavorfg.com/blog/your-brain-fear-greed-why-its-hard-stop-fear-greed-cycle-how-break-it","text/html; charset=UTF-8","200","OK","Indexable","","Your Brain on Fear & Greed: Why It’s Hard to Stop the Fear-Greed Cycle (& How to Break It) | Endeavor Financial Group","117","1042","What happens when you start to feel afraid or greedy? Do you feel like taking your time and waiting to make your next move?","123","766","","0","Your Brain on Fear & Greed: Why It’s Hard to Stop the Fear-Greed Cycle (& How to Break It)","90","","0","Physiology of Fear: How Our Brains React to Fear","48","Physiology of Greed: How Our Brains Respond to Greed","52","","","","https://www.endeavorfg.com/blog/your-brain-fear-greed-why-its-hard-stop-fear-greed-cycle-how-break-it","","","","","","110772","30864","30864","4.574","","1007","195","5.164","72.047","Fairly Easy","6.489","3","1","","18","6","0","3.210","26","22","0","15","15","0","","","","","c124d44436bb8e88bcc85dbb0d7af74","1.075","","","","","en","1.1","","","","","","https://www.endeavorfg.com/blog/your-brain-fear-greed-why-its-hard-stop-fear-greed-cycle-how-break-it","2026-06-19 18:35:26"
"https://www.endeavorfg.com/sites/endeavorfg0425.us1.advisor.ws/files/styles/slider_s/public/images/glenn-carstens-peters-RLw-UC03Gwc-unsplash%20(1).jpg.webp?itok=AvEXv2c1","image/webp","200","OK","Indexable","","","0","0","","0","0","","0","","0","","0","","0","","0","","","","","","","","","","10790","10790","10790","1.599","","0","","","","","0.000","3","7","","0","0","0","0.000","0","0","0","0","0","0","","","","","","0.322","Thu, 18 Jun 2026 10:30:51 GMT","","","","","1.1","","","","","","https://www.endeavorfg.com/sites/endeavorfg0425.us1.advisor.ws/files/styles/slider_s/public/images/glenn-carstens-peters-RLw-UC03Gwc-unsplash%20%281%29.jpg.webp?itok=AvEXv2c1","2026-06-19 18:35:27"
"https://www.endeavorfg.com/blog/investment-strategy-where-you-are-now-vs-where-youre-headed","text/html; charset=UTF-8","200","OK","Indexable","","Investment Strategy: Where You Are Now vs. Where You're Headed | Endeavor Financial Group","89","838","A gap analysis can help you see if you’re still on track to pursue your financial goals.","88","515","","0","Investment Strategy: Where You Are Now vs. Where You're Headed","62","","0","Contact Information","19","Our Locations","13","","","","https://www.endeavorfg.com/blog/investment-strategy-where-you-are-now-vs-where-youre-headed","","","","","","90379","29064","29064","4.307","","725","107","6.776","63.781","Normal","5.956","3","1","","12","4","0","2.140","25","21","0","8","8","0","","","","","b759e157aea789dab31d7f459eebd0f4","1.073","","","","","en","1.1","","","","","","https://www.endeavorfg.com/blog/investment-strategy-where-you-are-now-vs-where-youre-headed","2026-06-19 18:35:26"
"https://www.endeavorfg.com/category/investments?page=0","text/html; charset=UTF-8","200","OK","Indexable","","Investments | Endeavor Financial Group","38","353","","0","0","","0","Investments","11","","0","Contact Information","19","Our Locations","13","","","","","","","","","","133541","31287","31287","4.637","","658","175","3.760","74.319","Fairly Easy","3.810","3","1","","12","5","0","2.670","117","47","0","8","8","0","","","","","905097876a3fd422a6629486f890e2c0","1.165","","","","","en","1.1","","","","","","https://www.endeavorfg.com/category/investments?page=0","2026-06-19 18:35:26"
"https://www.endeavorfg.com/taxonomy/term/1/feed","application/rss+xml; charset=utf-8","200","OK","Indexable","","","0","0","","0","0","","0","","0","","0","","0","","0","","","","","","","","","","0","0","0","0.000","","0","","","","","0.000","3","3","","5","5","0","2.670","0","0","0","0","0","0","","","","","","0.561","","","","","","1.1","","","","","","https://www.endeavorfg.com/taxonomy/term/1/feed","2026-06-19 18:35:27"
"https://www.endeavorfg.com/category/investments?page=3","text/html; charset=UTF-8","200","OK","Indexable","","Investments | Endeavor Financial Group","38","353","","0","0","","0","Investments","11","","0","Contact Information","19","Our Locations","13","","","","","","","","","","90998","28268","28268","4.189","","169","43","3.930","69.688","Normal","2.312","3","1","","13","5","0","2.670","41","28","0","8","8","0","","","","","e6d3256814848e07477665f44d1ae1ca","0.970","","","","","en","1.1","","","","","","https://www.endeavorfg.com/category/investments?page=3","2026-06-19 18:35:27"
"https://www.endeavorfg.com/blog/how-stop-subconsciously-sabotaging-your-financial-goals","text/html; charset=UTF-8","200","OK","Indexable","","How to Stop Subconsciously Sabotaging Your Financial Goals | Endeavor Financial Group","85","786","How often do you set new financial goals? How often do you achieve them? Most of us aren’t very successful with our goals, even when we have the best intentions and strong willpower.1 Sometimes, that’s because we’re setting unattainable goals. Other times, we’re missing the big picture and setting our goals with blinders on.","326","2021","","0","How to Stop Subconsciously Sabotaging Your Financial Goals","58","","0","Top 3 Financial Goals: Self-Reported Goals","42","Top 3 Financial Goals: List-Generated Goals","43","","","","https://www.endeavorfg.com/blog/how-stop-subconsciously-sabotaging-your-financial-goals","","","","","","119781","31563","31563","4.678","","1157","207","5.589","80.075","Easy","6.333","3","1","","27","9","0","4.810","28","24","0","11","11","0","","","","","6a468cd5e4aef09f6199603f170a73cb","1.024","","","","","en","1.1","","","","","","https://www.endeavorfg.com/blog/how-stop-subconsciously-sabotaging-your-financial-goals","2026-06-19 18:35:27"
"https://www.endeavorfg.com/sites/endeavorfg0425.us1.advisor.ws/files/styles/slider_s/public/images/sortter-1wfiy1JKC_U-unsplash%20(1).jpg.webp?itok=p-zh6Z_f","image/webp","200","OK","Indexable","","","0","0","","0","0","","0","","0","","0","","0","","0","","","","","","","","","","25046","25046","25046","3.712","","0","","","","","0.000","3","7","","0","0","0","0.000","0","0","0","0","0","0","","","","","","0.090","Tue, 16 Jun 2026 01:00:02 GMT","","","","","1.1","","","","","","https://www.endeavorfg.com/sites/endeavorfg0425.us1.advisor.ws/files/styles/slider_s/public/images/sortter-1wfiy1JKC_U-unsplash%20%281%29.jpg.webp?itok=p-zh6Z_f","2026-06-19 18:35:28"
"https://www.endeavorfg.com/category/investments?page=1","text/html; charset=UTF-8","200","OK","Indexable","","Investments | Endeavor Financial Group","38","353","","0","0","","0","Investments","11","","0","Contact Information","19","Our Locations","13","","","","","","","","","","130249","31156","31156","4.617","","677","152","4.454","78.226","Fairly Easy","3.909","3","1","","11","5","0","2.670","108","46","0","8","8","0","","","","","c3929711736fe4b0d2e0c38b941eb643","1.140","","","","","en","1.1","","","","","","https://www.endeavorfg.com/category/investments?page=1","2026-06-19 18:35:28"
"https://www.endeavorfg.com/taxonomy/term/20/feed","application/rss+xml; charset=utf-8","200","OK","Indexable","","","0","0","","0","0","","0","","0","","0","","0","","0","","","","","","","","","","0","0","0","0.000","","0","","","","","0.000","3","3","","1","1","0","0.530","0","0","0","0","0","0","","","","","","0.453","","","","","","1.1","","","","","","https://www.endeavorfg.com/taxonomy/term/20/feed","2026-06-19 18:35:29"
"https://www.endeavorfg.com/category/investments?page=2","text/html; charset=UTF-8","200","OK","Indexable","","Investments | Endeavor Financial Group","38","353","","0","0","","0","Investments","11","","0","Contact Information","19","Our Locations","13","","","","","","","","","","131682","31133","31133","4.614","","659","160","4.119","73.123","Fairly Easy","3.896","3","1","","10","5","0","2.670","112","45","0","8","8","0","","","","","26e957b45ddb621ef0714d60bb6d2dc1","1.086","","","","","en","1.1","","","","","","https://www.endeavorfg.com/category/investments?page=2","2026-06-19 18:35:28"
"https://www.endeavorfg.com/sites/endeavorfg0425.us1.advisor.ws/files/styles/slider_s/public/images/investment-strategy-where-now-where-headed.jpg.webp?itok=kak5F6eS","image/webp","200","OK","Indexable","","","0","0","","0","0","","0","","0","","0","","0","","0","","","","","","","","","","25026","25026","25026","3.709","","0","","","","","0.000","3","7","","0","0","0","0.000","0","0","0","0","0","0","","","","","","1.272","Thu, 18 Jun 2026 12:00:29 GMT","","","","","1.1","","","","","","https://www.endeavorfg.com/sites/endeavorfg0425.us1.advisor.ws/files/styles/slider_s/public/images/investment-strategy-where-now-where-headed.jpg.webp?itok=kak5F6eS","2026-06-19 18:35:29"
"https://www.endeavorfg.com/sites/endeavorfg0425.us1.advisor.ws/files/images/the_businesspeople_are_looking_at_the_laptop_and_working_on_project.jpeg","image/jpeg","200","OK","Indexable","","","0","0","","0","0","","0","","0","","0","","0","","0","","","","","","","","","","237921","237921","237921","35.260","","0","","","","","0.000","3","4","","0","0","0","0.000","0","0","0","0","0","0","","","","","","2.016","Wed, 30 Apr 2025 23:09:16 GMT","","","","","1.1","","","","","","https://www.endeavorfg.com/sites/endeavorfg0425.us1.advisor.ws/files/images/the_businesspeople_are_looking_at_the_laptop_and_working_on_project.jpeg","2026-06-19 18:35:29"
"https://www.endeavorfg.com/core/assets/vendor/modernizr/modernizr.min.js?v=3.11.7","application/javascript","200","OK","Indexable","","","0","0","","0","0","","0","","0","","0","","0","","0","","","","","","","","","","0","0","0","0.000","","0","","","","","0.000","3","4","","0","0","0","0.000","0","0","0","0","0","0","","","","","","1.068","Wed, 15 Apr 2026 16:19:28 GMT","","","","","1.1","","","","","","https://www.endeavorfg.com/core/assets/vendor/modernizr/modernizr.min.js?v=3.11.7","2026-06-19 18:35:30"
"https://www.endeavorfg.com/modules/contrib/jquery_timepicker/bower_components/jt.timepicker/jquery.timepicker.css?tg0mv6","text/css","200","OK","Indexable","","","0","0","","0","0","","0","","0","","0","","0","","0","","","","","","","","","","0","0","0","0.000","","0","","","","","0.000","3","5","","0","0","0","0.000","0","0","0","0","0","0","","","","","","1.067","Tue, 20 Feb 2024 19:03:21 GMT","","","","","1.1","","","","","","https://www.endeavorfg.com/modules/contrib/jquery_timepicker/bower_components/jt.timepicker/jquery.timepicker.css?tg0mv6","2026-06-19 18:35:30"
"https://www.endeavorfg.com/modules/contrib/antibot/css/antibot.css?tg0mv6","text/css","200","OK","Indexable","","","0","0","","0","0","","0","","0","","0","","0","","0","","","","","","","","","","0","0","0","0.000","","0","","","","","0.000","3","4","","0","0","0","0.000","0","0","0","0","0","0","","","","","","1.025","Fri, 16 Aug 2024 14:42:28 GMT","","","","","1.1","","","","","","https://www.endeavorfg.com/modules/contrib/antibot/css/antibot.css?tg0mv6","2026-06-19 18:35:30"
"https://www.endeavorfg.com/sites/endeavorfg0425.us1.advisor.ws/files/images/multinational_colleagues_working_in_office.jpeg","image/jpeg","200","OK","Indexable","","","0","0","","0","0","","0","","0","","0","","0","","0","","","","","","","","","","131801","131801","131801","19.533","","0","","","","","0.000","3","4","","0","0","0","0.000","0","0","0","0","0","0","","","","","","1.794","Wed, 30 Apr 2025 23:10:49 GMT","","","","","1.1","","","","","","https://www.endeavorfg.com/sites/endeavorfg0425.us1.advisor.ws/files/images/multinational_colleagues_working_in_office.jpeg","2026-06-19 18:35:29"
"https://www.endeavorfg.com/modules/custom/aw_content/css/pikaday-frontend.css?tg0mv6","text/css","200","OK","Indexable","","","0","0","","0","0","","0","","0","","0","","0","","0","","","","","","","","","","0","0","0","0.000","","0","","","","","0.000","3","4","","0","0","0","0.000","0","0","0","0","0","0","","","","","","1.143","Thu, 19 Sep 2024 09:40:33 GMT","","","","","1.1","","","","","","https://www.endeavorfg.com/modules/custom/aw_content/css/pikaday-frontend.css?tg0mv6","2026-06-19 18:35:31"
"https://www.endeavorfg.com/modules/contrib/webform/js/webform.behaviors.js?tg0mv6","text/html","403","Forbidden","Non-Indexable","Client Error","","0","0","","0","0","","0","","0","","0","","0","","0","","","","","","","","","","0","0","0","0.000","","0","","","","","0.000","3","4","","0","0","0","0.000","0","0","0","0","0","0","","","","","","1.036","","","","","","1.1","","","","","","https://www.endeavorfg.com/modules/contrib/webform/js/webform.behaviors.js?tg0mv6","2026-06-19 18:35:31"
"https://www.endeavorfg.com/node_modules/pikaday/plugins/pikaday.jquery.js?v=10.6.7","application/javascript","200","OK","Indexable","","","0","0","","0","0","","0","","0","","0","","0","","0","","","","","","","","","","0","0","0","0.000","","0","","","","","0.000","3","3","","0","0","0","0.000","0","0","0","0","0","0","","","","","","1.095","Mon, 12 Aug 2024 20:22:16 GMT","","","","","1.1","","","","","","https://www.endeavorfg.com/node_modules/pikaday/plugins/pikaday.jquery.js?v=10.6.7","2026-06-19 18:35:31"
"https://www.endeavorfg.com/node_modules/moment/moment.js?v=10.6.7","application/javascript","200","OK","Indexable","","","0","0","","0","0","","0","","0","","0","","0","","0","","","","","","","","","","0","0","0","0.000","","0","","","","","0.000","3","2","","0","0","0","0.000","0","0","0","0","0","0","","","","","","1.049","Mon, 12 Aug 2024 20:22:15 GMT","","","","","1.1","","","","","","https://www.endeavorfg.com/node_modules/moment/moment.js?v=10.6.7","2026-06-19 18:35:31"
"https://www.endeavorfg.com/core/misc/states.js?v=10.6.7","application/javascript","200","OK","Indexable","","","0","0","","0","0","","0","","0","","0","","0","","0","","","","","","","","","","0","0","0","0.000","","0","","","","","0.000","3","2","","0","0","0","0.000","0","0","0","0","0","0","","","","","","1.075","Wed, 15 Apr 2026 16:19:28 GMT","","","","","1.1","","","","","","https://www.endeavorfg.com/core/misc/states.js?v=10.6.7","2026-06-19 18:35:31"
"https://www.endeavorfg.com/modules/contrib/webform/js/webform.states.js?tg0mv6","text/html","403","Forbidden","Non-Indexable","Client Error","","0","0","","0","0","","0","","0","","0","","0","","0","","","","","","","","","","0","0","0","0.000","","0","","","","","0.000","3","4","","0","0","0","0.000","0","0","0","0","0","0","","","","","","0.351","","","","","","1.1","","","","","","https://www.endeavorfg.com/modules/contrib/webform/js/webform.states.js?tg0mv6","2026-06-19 18:35:32"
"https://www.endeavorfg.com/modules/contrib/webform/css/webform.form.css?tg0mv6","text/css","200","OK","Indexable","","","0","0","","0","0","","0","","0","","0","","0","","0","","","","","","","","","","0","0","0","0.000","","0","","","","","0.000","3","4","","0","0","0","0.000","0","0","0","0","0","0","","","","","","0.346","Tue, 03 Mar 2026 14:35:31 GMT","","","","","1.1","","","","","","https://www.endeavorfg.com/modules/contrib/webform/css/webform.form.css?tg0mv6","2026-06-19 18:35:32"
"https://www.endeavorfg.com/core/misc/form.js?v=10.6.7","application/javascript","200","OK","Indexable","","","0","0","","0","0","","0","","0","","0","","0","","0","","","","","","","","","","0","0","0","0.000","","0","","","","","0.000","3","2","","0","0","0","0.000","0","0","0","0","0","0","","","","","","1.014","Wed, 15 Apr 2026 16:19:28 GMT","","","","","1.1","","","","","","https://www.endeavorfg.com/core/misc/form.js?v=10.6.7","2026-06-19 18:35:32"
"https://www.endeavorfg.com/modules/contrib/jquery_timepicker/bower_components/jt.timepicker/jquery.timepicker.js?v=1.x","application/javascript","200","OK","Indexable","","","0","0","","0","0","","0","","0","","0","","0","","0","","","","","","","","","","0","0","0","0.000","","0","","","","","0.000","3","5","","0","0","0","0.000","0","0","0","0","0","0","","","","","","1.053","Tue, 20 Feb 2024 19:03:21 GMT","","","","","1.1","","","","","","https://www.endeavorfg.com/modules/contrib/jquery_timepicker/bower_components/jt.timepicker/jquery.timepicker.js?v=1.x","2026-06-19 18:35:32"
"https://www.endeavorfg.com/modules/contrib/webform/css/webform.element.details.toggle.css?tg0mv6","text/css","200","OK","Indexable","","","0","0","","0","0","","0","","0","","0","","0","","0","","","","","","","","","","0","0","0","0.000","","0","","","","","0.000","3","4","","0","0","0","0.000","0","0","0","0","0","0","","","","","","1.083","Tue, 03 Mar 2026 14:35:31 GMT","","","","","1.1","","","","","","https://www.endeavorfg.com/modules/contrib/webform/css/webform.element.details.toggle.css?tg0mv6","2026-06-19 18:35:32"
"https://www.endeavorfg.com/modules/contrib/webform/css/webform.element.message.css?tg0mv6","text/css","200","OK","Indexable","","","0","0","","0","0","","0","","0","","0","","0","","0","","","","","","","","","","0","0","0","0.000","","0","","","","","0.000","3","4","","0","0","0","0.000","0","0","0","0","0","0","","","","","","1.066","Tue, 03 Mar 2026 14:35:31 GMT","","","","","1.1","","","","","","https://www.endeavorfg.com/modules/contrib/webform/css/webform.element.message.css?tg0mv6","2026-06-19 18:35:32"
"https://www.endeavorfg.com/modules/custom/aw_webform/js/aw_webform_timepicker.min.js?v=1.x","text/html","403","Forbidden","Non-Indexable","Client Error","","0","0","","0","0","","0","","0","","0","","0","","0","","","","","","","","","","0","0","0","0.000","","0","","","","","0.000","3","4","","0","0","0","0.000","0","0","0","0","0","0","","","","","","1.075","","","","","","1.1","","","","","","https://www.endeavorfg.com/modules/custom/aw_webform/js/aw_webform_timepicker.min.js?v=1.x","2026-06-19 18:35:32"
"https://www.endeavorfg.com/node_modules/pikaday/pikaday.js?v=10.6.7","application/javascript","200","OK","Indexable","","","0","0","","0","0","","0","","0","","0","","0","","0","","","","","","","","","","0","0","0","0.000","","0","","","","","0.000","3","2","","0","0","0","0.000","0","0","0","0","0","0","","","","","","1.056","Mon, 12 Aug 2024 20:22:16 GMT","","","","","1.1","","","","","","https://www.endeavorfg.com/node_modules/pikaday/pikaday.js?v=10.6.7","2026-06-19 18:35:33"
"https://www.endeavorfg.com/modules/contrib/antibot/js/antibot.js?tg0mv6","text/html","403","Forbidden","Non-Indexable","Client Error","","0","0","","0","0","","0","","0","","0","","0","","0","","","","","","","","","","0","0","0","0.000","","0","","","","","0.000","3","4","","0","0","0","0.000","0","0","0","0","0","0","","","","","","1.040","","","","","","1.1","","","","","","https://www.endeavorfg.com/modules/contrib/antibot/js/antibot.js?tg0mv6","2026-06-19 18:35:33"
"https://www.endeavorfg.com/modules/contrib/webform/js/webform.element.details.toggle.js?tg0mv6","text/html","403","Forbidden","Non-Indexable","Client Error","","0","0","","0","0","","0","","0","","0","","0","","0","","","","","","","","","","0","0","0","0.000","","0","","","","","0.000","3","4","","0","0","0","0.000","0","0","0","0","0","0","","","","","","1.039","","","","","","1.1","","","","","","https://www.endeavorfg.com/modules/contrib/webform/js/webform.element.details.toggle.js?tg0mv6","2026-06-19 18:35:33"
"https://www.endeavorfg.com/modules/contrib/webform/js/webform.form.js?tg0mv6","text/html","403","Forbidden","Non-Indexable","Client Error","","0","0","","0","0","","0","","0","","0","","0","","0","","","","","","","","","","0","0","0","0.000","","0","","","","","0.000","3","4","","0","0","0","0.000","0","0","0","0","0","0","","","","","","1.084","","","","","","1.1","","","","","","https://www.endeavorfg.com/modules/contrib/webform/js/webform.form.js?tg0mv6","2026-06-19 18:35:33"
"https://www.endeavorfg.com/modules/contrib/webform/js/webform.element.details.save.js?tg0mv6","text/html","403","Forbidden","Non-Indexable","Client Error","","0","0","","0","0","","0","","0","","0","","0","","0","","","","","","","","","","0","0","0","0.000","","0","","","","","0.000","3","4","","0","0","0","0.000","0","0","0","0","0","0","","","","","","1.086","","","","","","1.1","","","","","","https://www.endeavorfg.com/modules/contrib/webform/js/webform.element.details.save.js?tg0mv6","2026-06-19 18:35:33"
"https://www.endeavorfg.com/modules/custom/aw_content/js/pikaday-frontend.min.js?v=10.6.7","text/html","403","Forbidden","Non-Indexable","Client Error","","0","0","","0","0","","0","","0","","0","","0","","0","","","","","","","","","","0","0","0","0.000","","0","","","","","0.000","3","4","","0","0","0","0.000","0","0","0","0","0","0","","","","","","1.024","","","","","","1.1","","","","","","https://www.endeavorfg.com/modules/custom/aw_content/js/pikaday-frontend.min.js?v=10.6.7","2026-06-19 18:35:34"
"https://www.endeavorfg.com/modules/contrib/webform/js/webform.element.message.js?tg0mv6","text/html","403","Forbidden","Non-Indexable","Client Error","","0","0","","0","0","","0","","0","","0","","0","","0","","","","","","","","","","0","0","0","0.000","","0","","","","","0.000","3","4","","0","0","0","0.000","0","0","0","0","0","0","","","","","","1.084","","","","","","1.1","","","","","","https://www.endeavorfg.com/modules/contrib/webform/js/webform.element.message.js?tg0mv6","2026-06-19 18:35:34"
"https://www.endeavorfg.com/sites/endeavorfg0425.us1.advisor.ws/files/images/businessman_having_meeting_and_discussing.jpeg","image/jpeg","200","OK","Indexable","","","0","0","","0","0","","0","","0","","0","","0","","0","","","","","","","","","","257793","257793","257793","38.205","","0","","","","","0.000","3","4","","0","0","0","0.000","0","0","0","0","0","0","","","","","","0.085","Wed, 30 Apr 2025 23:03:13 GMT","","","","","1.1","","","","","","https://www.endeavorfg.com/sites/endeavorfg0425.us1.advisor.ws/files/images/businessman_having_meeting_and_discussing.jpeg","2026-06-19 18:35:44"
"https://www.endeavorfg.com/sites/endeavorfg0425.us1.advisor.ws/files/images/small_business_owner.jpeg","image/jpeg","200","OK","Indexable","","","0","0","","0","0","","0","","0","","0","","0","","0","","","","","","","","","","221736","221736","221736","32.861","","0","","","","","0.000","3","4","","0","0","0","0.000","0","0","0","0","0","0","","","","","","0.108","Wed, 30 Apr 2025 22:59:53 GMT","","","","","1.1","","","","","","https://www.endeavorfg.com/sites/endeavorfg0425.us1.advisor.ws/files/images/small_business_owner.jpeg","2026-06-19 18:35:44"
"https://www.endeavorfg.com/sites/endeavorfg0425.us1.advisor.ws/files/images/happy_lovely_daughter_hugging_pregnant_mother.jpeg","image/jpeg","200","OK","Indexable","","","0","0","","0","0","","0","","0","","0","","0","","0","","","","","","","","","","619487","619487","619487","91.808","","0","","","","","0.000","3","4","","0","0","0","0.000","0","0","0","0","0","0","","","","","","0.094","Wed, 30 Apr 2025 22:59:18 GMT","","","","","1.1","","","","","","https://www.endeavorfg.com/sites/endeavorfg0425.us1.advisor.ws/files/images/happy_lovely_daughter_hugging_pregnant_mother.jpeg","2026-06-19 18:35:44"
"https://www.endeavorfg.com/best-financial-advisors-retirement","text/html; charset=UTF-8","200","OK","Indexable","","Choosing the Best Financial Advisors for Retirement Planning | Endeavor Financial Group","87","789","Find the best financial advisors for retirement planning with tips on credentials, fees, and questions to ask so you can feel confident about your future.","154","923","","0","How to Choose the Best Financial Advisors for Retirement","56","","0","Key Takeaways","13","What Makes a Financial Advisor the ""Right"" Fit for Your Retirement?","67","","","","https://www.endeavorfg.com/best-financial-advisors-retirement","","","","","","130121","42120","42120","6.242","","6616","908","7.286","62.872","Normal","32.133","4","0","","14","6","0","3.210","59","26","0","11","10","0","","","","","16219fad88a4ffc4a3c976308782330c","1.046","","","","","en","1.1","","","","","","https://www.endeavorfg.com/best-financial-advisors-retirement","2026-06-19 18:35:44"
"https://www.endeavorfg.com/sites/endeavorfg0425.us1.advisor.ws/files/images/senior_couple_in_couch_together.jpeg","image/jpeg","200","OK","Indexable","","","0","0","","0","0","","0","","0","","0","","0","","0","","","","","","","","","","362884","362884","362884","53.779","","0","","","","","0.000","3","4","","0","0","0","0.000","0","0","0","0","0","0","","","","","","1.315","Wed, 30 Apr 2025 22:59:35 GMT","","","","","1.1","","","","","","https://www.endeavorfg.com/sites/endeavorfg0425.us1.advisor.ws/files/images/senior_couple_in_couch_together.jpeg","2026-06-19 18:35:44"
"https://www.endeavorfg.com/sites/endeavorfg0425.us1.advisor.ws/files/styles/max_325x325/public/images/smarter-financial-planning-for-execs-entrepreneurs-552331.png.webp?itok=z6UFPTI6","image/webp","200","OK","Indexable","","","0","0","","0","0","","0","","0","","0","","0","","0","","","","","","","","","","7988","7988","7988","1.184","","0","","","","","0.000","4","7","","0","0","0","0.000","0","0","0","0","0","0","","","","","","1.077","Thu, 18 Jun 2026 06:51:37 GMT","","","","","1.1","","","","","","https://www.endeavorfg.com/sites/endeavorfg0425.us1.advisor.ws/files/styles/max_325x325/public/images/smarter-financial-planning-for-execs-entrepreneurs-552331.png.webp?itok=z6UFPTI6","2026-06-19 18:35:44"
"https://www.endeavorfg.com/blog/personal-financial-plan-example-pdf","text/html; charset=UTF-8","200","OK","Indexable","","Personal Financial Plan Example PDF: A Simple Guide | Endeavor Financial Group","78","722","Find out how financial wellness programs for employees can reduce stress, improve productivity, and support your team’s financial confidence at work.","149","931","","0","Personal Financial Plan Example PDF: A Simple Guide","51","","0","Key Takeaways","13","What Is a Personal Financial Plan (and Why You Need One)?","57","","","","https://www.endeavorfg.com/blog/personal-financial-plan-example-pdf","","","","","","123174","39244","39244","5.816","","5629","764","7.368","65.957","Normal","28.537","4","1","","16","7","0","3.740","59","24","0","8","8","0","","","","","e31a2f18b1aa70b840a507121b2c7037","1.038","","","","","en","1.1","","","","","","https://www.endeavorfg.com/blog/personal-financial-plan-example-pdf","2026-06-19 18:35:45"
"https://www.endeavorfg.com/sites/endeavorfg0425.us1.advisor.ws/files/styles/slider_s/public/images/3-types-of-retirement-accounts-which-should-you-choose-829072.png.webp?itok=uKAKbz4u","image/webp","200","OK","Indexable","","","0","0","","0","0","","0","","0","","0","","0","","0","","","","","","","","","","26230","26230","26230","3.887","","0","","","","","0.000","4","7","","0","0","0","0.000","0","0","0","0","0","0","","","","","","0.051","Tue, 16 Jun 2026 01:08:35 GMT","","","","","1.1","","","","","","https://www.endeavorfg.com/sites/endeavorfg0425.us1.advisor.ws/files/styles/slider_s/public/images/3-types-of-retirement-accounts-which-should-you-choose-829072.png.webp?itok=uKAKbz4u","2026-06-19 18:35:46"
"https://www.endeavorfg.com/sites/endeavorfg0425.us1.advisor.ws/files/images/professionals_listening_to_a_discussion_in_an_office.jpeg","image/jpeg","200","OK","Indexable","","","0","0","","0","0","","0","","0","","0","","0","","0","","","","","","","","","","177060","177060","177060","26.240","","0","","","","","0.000","3","4","","0","0","0","0.000","0","0","0","0","0","0","","","","","","1.746","Wed, 30 Apr 2025 22:59:04 GMT","","","","","1.1","","","","","","https://www.endeavorfg.com/sites/endeavorfg0425.us1.advisor.ws/files/images/professionals_listening_to_a_discussion_in_an_office.jpeg","2026-06-19 18:35:44"
"https://www.endeavorfg.com/sites/endeavorfg0425.us1.advisor.ws/files/styles/slider_s/public/images/the-ultimate-small-business-retirement-plans-comparison-chart-117563.png.webp?itok=2OTZQ1i-","image/webp","200","OK","Indexable","","","0","0","","0","0","","0","","0","","0","","0","","0","","","","","","","","","","19478","19478","19478","2.887","","0","","","","","0.000","4","7","","0","0","0","0.000","0","0","0","0","0","0","","","","","","0.311","Tue, 16 Jun 2026 01:09:23 GMT","","","","","1.1","","","","","","https://www.endeavorfg.com/sites/endeavorfg0425.us1.advisor.ws/files/styles/slider_s/public/images/the-ultimate-small-business-retirement-plans-comparison-chart-117563.png.webp?itok=2OTZQ1i-","2026-06-19 18:35:46"
"https://www.endeavorfg.com/investment-strategies-for-retirees","text/html; charset=UTF-8","200","OK","Indexable","","Essential Investment Strategies for Retirees | Endeavor Financial Group","71","635","Find practical investment strategies for retirees that help protect your savings, generate steady income, and support your financial goals in retirement.","153","924","","0","7 Proven Investment Strategies for Retirees","43","","0","Key Takeaways","13","What Are Your Retirement Investment Goals?","42","","","","https://www.endeavorfg.com/investment-strategies-for-retirees","","","","","","124718","40038","40038","5.934","","5707","752","7.589","65.050","Normal","28.729","4","0","","12","7","0","3.740","55","26","0","16","14","0","","","","","7d89b856551f11202942311e88f4ef65","1.017","","","","","en","1.1","","","","","","https://www.endeavorfg.com/investment-strategies-for-retirees","2026-06-19 18:35:45"
"https://www.endeavorfg.com/blog/financial-wellness-programs-employees-guide","text/html; charset=UTF-8","200","OK","Indexable","","Financial Wellness Programs for Employees: A Guide | Endeavor Financial Group","77","713","Find out how financial wellness programs for employees can reduce stress, improve productivity, and support your team’s financial confidence at work.","149","931","","0","Financial Wellness Programs for Employees: A Guide","50","","0","Key Takeaways","13","What is an employee financial wellness program?","47","","","","https://www.endeavorfg.com/blog/financial-wellness-programs-employees-guide","","","","","","118652","38068","38068","5.642","","4988","678","7.357","57.424","Fairly Hard","27.791","4","1","","15","5","0","2.670","50","24","0","15","12","0","","","","","c79c5cb806f04a659649293cc06a5c95","1.218","","","","","en","1.1","","","","","","https://www.endeavorfg.com/blog/financial-wellness-programs-employees-guide","2026-06-19 18:35:45"
"https://www.endeavorfg.com/sites/endeavorfg0425.us1.advisor.ws/files/styles/slider_s/public/images/7-proven-investment-strategies-for-retirees-516946.png.webp?itok=0kqUhO_w","image/webp","200","OK","Indexable","","","0","0","","0","0","","0","","0","","0","","0","","0","","","","","","","","","","20680","20680","20680","3.065","","0","","","","","0.000","4","7","","0","0","0","0.000","0","0","0","0","0","0","","","","","","0.066","Tue, 16 Jun 2026 01:08:25 GMT","","","","","1.1","","","","","","https://www.endeavorfg.com/sites/endeavorfg0425.us1.advisor.ws/files/styles/slider_s/public/images/7-proven-investment-strategies-for-retirees-516946.png.webp?itok=0kqUhO_w","2026-06-19 18:35:47"
"https://www.endeavorfg.com/sites/endeavorfg0425.us1.advisor.ws/files/styles/slider_s/public/images/your-realistic-retirement-planning-guide-pdf-224596.png.webp?itok=A80RPqCs","image/webp","200","OK","Indexable","","","0","0","","0","0","","0","","0","","0","","0","","0","","","","","","","","","","28970","28970","28970","4.293","","0","","","","","0.000","4","7","","0","0","0","0.000","0","0","0","0","0","0","","","","","","1.677","Fri, 19 Jun 2026 13:05:47 GMT","","","","","1.1","","","","","","https://www.endeavorfg.com/sites/endeavorfg0425.us1.advisor.ws/files/styles/slider_s/public/images/your-realistic-retirement-planning-guide-pdf-224596.png.webp?itok=A80RPqCs","2026-06-19 18:35:46"
"https://www.endeavorfg.com/sites/endeavorfg0425.us1.advisor.ws/files/styles/slider_s/public/images/personal-financial-plan-example-pdf-a-simple-guide-349941.png.webp?itok=1IKOpZFn","image/webp","200","OK","Indexable","","","0","0","","0","0","","0","","0","","0","","0","","0","","","","","","","","","","19694","19694","19694","2.919","","0","","","","","0.000","4","7","","0","0","0","0.000","0","0","0","0","0","0","","","","","","1.741","Fri, 19 Jun 2026 13:05:47 GMT","","","","","1.1","","","","","","https://www.endeavorfg.com/sites/endeavorfg0425.us1.advisor.ws/files/styles/slider_s/public/images/personal-financial-plan-example-pdf-a-simple-guide-349941.png.webp?itok=1IKOpZFn","2026-06-19 18:35:46"
"https://www.endeavorfg.com/sites/endeavorfg0425.us1.advisor.ws/files/styles/slider_s/public/images/Blog_Multigen_WealthVIN.jpg.webp?itok=xbR_Spq1","image/webp","200","OK","Indexable","","","0","0","","0","0","","0","","0","","0","","0","","0","","","","","","","","","","49926","49926","49926","7.399","","0","","","","","0.000","4","7","","0","0","0","0.000","0","0","0","0","0","0","","","","","","1.897","Fri, 19 Jun 2026 13:05:47 GMT","","","","","1.1","","","","","","https://www.endeavorfg.com/sites/endeavorfg0425.us1.advisor.ws/files/styles/slider_s/public/images/Blog_Multigen_WealthVIN.jpg.webp?itok=xbR_Spq1","2026-06-19 18:35:46"
"https://www.endeavorfg.com/sites/endeavorfg0425.us1.advisor.ws/files/styles/slider_s/public/images/how_to_choose_the_best_financial_advisors_for_retirement.png.webp?itok=WiDAYs-9","image/webp","200","OK","Indexable","","","0","0","","0","0","","0","","0","","0","","0","","0","","","","","","","","","","53458","53458","53458","7.922","","0","","","","","0.000","4","7","","0","0","0","0.000","0","0","0","0","0","0","","","","","","0.098","Tue, 16 Jun 2026 01:12:29 GMT","","","","","1.1","","","","","","https://www.endeavorfg.com/sites/endeavorfg0425.us1.advisor.ws/files/styles/slider_s/public/images/how_to_choose_the_best_financial_advisors_for_retirement.png.webp?itok=WiDAYs-9","2026-06-19 18:35:48"
"https://www.endeavorfg.com/blog/boomers-gen-z-generational-look-money-habits-and-financial-choices","text/html; charset=UTF-8","200","OK","Indexable","","From Boomers to Gen Z: A Generational Look at Money Habits and Financial Choices | Endeavor Financial Group","107","995","What financial habits have helped you most in life?Which ones have held you back?No matter how you answer those questions, your money habits have a lot to do with how you grew up.1They also can be shaped by when you grew up.That’s because each generation can have a distinct perspective and different experiences shaping their approach to money and financial choices.With that, every generation can bring its own strengths and vulnerabilities to the table when it comes to both personal finance and generational wealth building.","528","3315","","0","From Boomers to Gen Z: A Generational Look at Money Habits and Financial Choices","80","","0","Contact Information","19","Our Locations","13","","","","https://www.endeavorfg.com/blog/boomers-gen-z-generational-look-money-habits-and-financial-choices","","","","","","92747","29972","29972","4.442","","915","165","5.545","54.936","Fairly Hard","7.365","4","1","","9","3","0","1.600","25","21","0","9","9","0","","","","","4467f7ecd6000bb53172559c1a3a6cd9","1.022","","","","","en","1.1","","","","","","https://www.endeavorfg.com/blog/boomers-gen-z-generational-look-money-habits-and-financial-choices","2026-06-19 18:35:47"
"https://www.endeavorfg.com/blog/3-investment-factors-dont-drive-long-term-returns","text/html; charset=UTF-8","200","OK","Indexable","","3 Investment Factors that Don’t Drive Long-term Returns | Endeavor Financial Group","82","746","As a long-term investor, you’re always thinking about what factors drive your investment returns. Unfortunately, many investors focus on things that cause short-term changes and actually have no impact on long-term market returns. It’s not their fault – these myths are so commonly believed that many so-called “savvy investors” would preach to you of their importance. To help you make informed investment decisions, let’s look at three investment factors that, contrary to popular belief, don’t drive long-term investment returns.","532","3272","","0","3 Investment Factors that Don’t Drive Long-term Returns","55","","0","Contact Information","19","Our Locations","13","","","","https://www.endeavorfg.com/blog/3-investment-factors-dont-drive-long-term-returns","","","","","","92596","29806","29806","4.417","","830","144","5.764","56.145","Fairly Hard","7.061","4","1","","9","3","0","1.600","25","21","0","11","11","0","","","","","752716f5b8324bcaeffe86a4fa3693e5","1.188","","","","","en","1.1","","","","","","https://www.endeavorfg.com/blog/3-investment-factors-dont-drive-long-term-returns","2026-06-19 18:35:47"
"https://www.endeavorfg.com/sites/endeavorfg0425.us1.advisor.ws/files/styles/slider_s/public/images/Blog_Debunk_Myths.jpg.webp?itok=wATmcy-x","image/webp","200","OK","Indexable","","","0","0","","0","0","","0","","0","","0","","0","","0","","","","","","","","","","7834","7834","7834","1.161","","0","","","","","0.000","4","7","","0","0","0","0.000","0","0","0","0","0","0","","","","","","1.043","Thu, 18 Jun 2026 15:07:41 GMT","","","","","1.1","","","","","","https://www.endeavorfg.com/sites/endeavorfg0425.us1.advisor.ws/files/styles/slider_s/public/images/Blog_Debunk_Myths.jpg.webp?itok=wATmcy-x","2026-06-19 18:35:47"
"https://www.endeavorfg.com/sites/endeavorfg0425.us1.advisor.ws/files/styles/slider_s/public/images/what-are-good-investments-for-retirement-a-guide-936545.png.webp?itok=qu3Mb5fk","image/webp","200","OK","Indexable","","","0","0","","0","0","","0","","0","","0","","0","","0","","","","","","","","","","20766","20766","20766","3.078","","0","","","","","0.000","4","7","","0","0","0","0.000","0","0","0","0","0","0","","","","","","0.103","Tue, 16 Jun 2026 01:12:07 GMT","","","","","1.1","","","","","","https://www.endeavorfg.com/sites/endeavorfg0425.us1.advisor.ws/files/styles/slider_s/public/images/what-are-good-investments-for-retirement-a-guide-936545.png.webp?itok=qu3Mb5fk","2026-06-19 18:35:49"
"https://www.endeavorfg.com/financial-advisor-cost-yearly","text/html; charset=UTF-8","200","OK","Indexable","","How Much Does a Financial Advisor Cost Per Year? | Endeavor Financial Group","75","696","Get clear answers to how much does a financial advisor cost per year, with fee breakdowns, common pricing models, and tips for finding the right fit.","149","914","","0","How Much Does a Financial Advisor Cost Per Year? A Guide","56","","0","Key Takeaways","13","How Do Financial Advisors Charge for Their Services?","52","","","","https://www.endeavorfg.com/financial-advisor-cost-yearly","","","","","","121823","39024","39024","5.783","","5475","723","7.573","67.683","Normal","27.954","4","0","","8","4","0","2.140","52","25","0","11","10","0","","","","","d2af856e182a1e68db76dd0367973022","1.119","","","","","en","1.1","","","","","","https://www.endeavorfg.com/financial-advisor-cost-yearly","2026-06-19 18:35:48"
"https://www.endeavorfg.com/sites/endeavorfg0425.us1.advisor.ws/files/styles/slider_s/public/images/9-smart-ways-to-generate-income-in-retirement-877601.png.webp?itok=3Pq0ODOR","image/webp","200","OK","Indexable","","","0","0","","0","0","","0","","0","","0","","0","","0","","","","","","","","","","26576","26576","26576","3.939","","0","","","","","0.000","4","7","","0","0","0","0.000","0","0","0","0","0","0","","","","","","0.063","Tue, 16 Jun 2026 01:12:06 GMT","","","","","1.1","","","","","","https://www.endeavorfg.com/sites/endeavorfg0425.us1.advisor.ws/files/styles/slider_s/public/images/9-smart-ways-to-generate-income-in-retirement-877601.png.webp?itok=3Pq0ODOR","2026-06-19 18:35:49"
"https://www.endeavorfg.com/blog/how-hindsight-bias-hurts-investors","text/html; charset=UTF-8","200","OK","Indexable","","How Hindsight Bias Hurts Investors | Endeavor Financial Group","61","556","How many of your financial choices are based purely on logic?It could be fewer than you think.That’s because most of us make money decisions with our emotions in play.1With that, certain biases can follow. When they do, those biases can lead even the smartest, best-intentioned investors astray.Here’s how to recognize three common biases - hindsight bias, fear of missing out (FOMO), and survivorship bias - and avoid their traps.","431","2667","","0","How Hindsight Bias Hurts Investors","34","","0","Contact Information","19","Our Locations","13","","","","https://www.endeavorfg.com/blog/how-hindsight-bias-hurts-investors","","","","","","93390","30489","30489","4.518","","1080","187","5.775","53.471","Fairly Hard","8.648","4","1","","9","3","0","1.600","25","21","0","10","10","0","","","","","c64a40205cd346521a86a22c4e185095","1.022","","","","","en","1.1","","","","","","https://www.endeavorfg.com/blog/how-hindsight-bias-hurts-investors","2026-06-19 18:35:48"
"https://www.endeavorfg.com/sites/endeavorfg0425.us1.advisor.ws/files/styles/max_325x325/public/images/Blog_21925.jpg.webp?itok=MgB9ttoq","image/webp","200","OK","Indexable","","","0","0","","0","0","","0","","0","","0","","0","","0","","","","","","","","","","9700","9700","9700","1.438","","0","","","","","0.000","4","7","","0","0","0","0.000","0","0","0","0","0","0","","","","","","0.054","Tue, 16 Jun 2026 01:13:26 GMT","","","","","1.1","","","","","","https://www.endeavorfg.com/sites/endeavorfg0425.us1.advisor.ws/files/styles/max_325x325/public/images/Blog_21925.jpg.webp?itok=MgB9ttoq","2026-06-19 18:35:49"
"https://www.endeavorfg.com/sites/endeavorfg0425.us1.advisor.ws/files/styles/slider_s/public/images/Blog_Bias_AW.jpg.webp?itok=A7b7NXyH","image/webp","200","OK","Indexable","","","0","0","","0","0","","0","","0","","0","","0","","0","","","","","","","","","","14950","14950","14950","2.216","","0","","","","","0.000","4","7","","0","0","0","0.000","0","0","0","0","0","0","","","","","","1.375","Thu, 18 Jun 2026 10:50:01 GMT","","","","","1.1","","","","","","https://www.endeavorfg.com/sites/endeavorfg0425.us1.advisor.ws/files/styles/slider_s/public/images/Blog_Bias_AW.jpg.webp?itok=A7b7NXyH","2026-06-19 18:35:48"
"https://www.endeavorfg.com/sites/endeavorfg0425.us1.advisor.ws/files/styles/slider_s/public/images/financial-advisor-estate-planning-a-complete-guide-451581.png.webp?itok=NjeWcFDy","image/webp","200","OK","Indexable","","","0","0","","0","0","","0","","0","","0","","0","","0","","","","","","","","","","25042","25042","25042","3.711","","0","","","","","0.000","4","7","","0","0","0","0.000","0","0","0","0","0","0","","","","","","1.316","Thu, 18 Jun 2026 11:10:15 GMT","","","","","1.1","","","","","","https://www.endeavorfg.com/sites/endeavorfg0425.us1.advisor.ws/files/styles/slider_s/public/images/financial-advisor-estate-planning-a-complete-guide-451581.png.webp?itok=NjeWcFDy","2026-06-19 18:35:48"
"https://www.endeavorfg.com/sites/endeavorfg0425.us1.advisor.ws/files/styles/slider_s/public/images/how-much-does-a-financial-advisor-cost-per-year-a-guide-357534.png.webp?itok=UfWtByUn","image/webp","200","OK","Indexable","","","0","0","","0","0","","0","","0","","0","","0","","0","","","","","","","","","","22798","22798","22798","3.379","","0","","","","","0.000","4","7","","0","0","0","0.000","0","0","0","0","0","0","","","","","","1.309","Thu, 18 Jun 2026 10:43:06 GMT","","","","","1.1","","","","","","https://www.endeavorfg.com/sites/endeavorfg0425.us1.advisor.ws/files/styles/slider_s/public/images/how-much-does-a-financial-advisor-cost-per-year-a-guide-357534.png.webp?itok=UfWtByUn","2026-06-19 18:35:49"
"https://www.endeavorfg.com/sites/endeavorfg0425.us1.advisor.ws/files/styles/max_325x325/public/images/annie-spratt-IT6aov1ScW0-unsplash%20(1).jpg.webp?itok=PlwbURya","image/webp","200","OK","Indexable","","","0","0","","0","0","","0","","0","","0","","0","","0","","","","","","","","","","7874","7874","7874","1.167","","0","","","","","0.000","4","7","","0","0","0","0.000","0","0","0","0","0","0","","","","","","0.366","Wed, 17 Jun 2026 07:54:24 GMT","","","","","1.1","","","","","","https://www.endeavorfg.com/sites/endeavorfg0425.us1.advisor.ws/files/styles/max_325x325/public/images/annie-spratt-IT6aov1ScW0-unsplash%20%281%29.jpg.webp?itok=PlwbURya","2026-06-19 18:35:50"
"https://www.endeavorfg.com/sites/endeavorfg0425.us1.advisor.ws/files/styles/max_325x325/public/images/Blogreflection.jpg.webp?itok=WQiktFh7","image/webp","200","OK","Indexable","","","0","0","","0","0","","0","","0","","0","","0","","0","","","","","","","","","","5600","5600","5600","0.830","","0","","","","","0.000","4","7","","0","0","0","0.000","0","0","0","0","0","0","","","","","","0.099","Tue, 16 Jun 2026 01:13:20 GMT","","","","","1.1","","","","","","https://www.endeavorfg.com/sites/endeavorfg0425.us1.advisor.ws/files/styles/max_325x325/public/images/Blogreflection.jpg.webp?itok=WQiktFh7","2026-06-19 18:35:50"
"https://www.endeavorfg.com/sites/endeavorfg0425.us1.advisor.ws/files/styles/max_325x325/public/images/Blog_111824.jpg.webp?itok=mG0cCIar","image/webp","200","OK","Indexable","","","0","0","","0","0","","0","","0","","0","","0","","0","","","","","","","","","","5090","5090","5090","0.754","","0","","","","","0.000","4","7","","0","0","0","0.000","0","0","0","0","0","0","","","","","","1.104","Wed, 17 Jun 2026 17:55:13 GMT","","","","","1.1","","","","","","https://www.endeavorfg.com/sites/endeavorfg0425.us1.advisor.ws/files/styles/max_325x325/public/images/Blog_111824.jpg.webp?itok=mG0cCIar","2026-06-19 18:35:53"
"https://www.endeavorfg.com/sites/endeavorfg0425.us1.advisor.ws/files/styles/max_325x325/public/images/sortter-1wfiy1JKC_U-unsplash%20(1).jpg.webp?itok=m77hnWBs","image/webp","200","OK","Indexable","","","0","0","","0","0","","0","","0","","0","","0","","0","","","","","","","","","","12902","12902","12902","1.912","","0","","","","","0.000","4","7","","0","0","0","0.000","0","0","0","0","0","0","","","","","","1.312","Wed, 17 Jun 2026 04:18:15 GMT","","","","","1.1","","","","","","https://www.endeavorfg.com/sites/endeavorfg0425.us1.advisor.ws/files/styles/max_325x325/public/images/sortter-1wfiy1JKC_U-unsplash%20%281%29.jpg.webp?itok=m77hnWBs","2026-06-19 18:35:56"
"https://www.endeavorfg.com/sites/endeavorfg0425.us1.advisor.ws/files/styles/max_325x325/public/images/investment-strategy-where-now-where-headed.jpg.webp?itok=rYdCrIDs","image/webp","200","OK","Indexable","","","0","0","","0","0","","0","","0","","0","","0","","0","","","","","","","","","","10408","10408","10408","1.542","","0","","","","","0.000","4","7","","0","0","0","0.000","0","0","0","0","0","0","","","","","","1.316","Wed, 17 Jun 2026 14:39:43 GMT","","","","","1.1","","","","","","https://www.endeavorfg.com/sites/endeavorfg0425.us1.advisor.ws/files/styles/max_325x325/public/images/investment-strategy-where-now-where-headed.jpg.webp?itok=rYdCrIDs","2026-06-19 18:35:56"
"https://www.endeavorfg.com/taxonomy/term/17/feed","application/rss+xml; charset=utf-8","200","OK","Indexable","","","0","0","","0","0","","0","","0","","0","","0","","0","","","","","","","","","","0","0","0","0.000","","0","","","","","0.000","4","3","","1","1","0","0.530","0","0","0","0","0","0","","","","","","0.546","","","","","","1.1","","","","","","https://www.endeavorfg.com/taxonomy/term/17/feed","2026-06-19 18:35:57"
"https://www.endeavorfg.com/sites/endeavorfg0425.us1.advisor.ws/files/styles/max_325x325/public/images/glenn-carstens-peters-RLw-UC03Gwc-unsplash%20(1).jpg.webp?itok=Fzl3Kue6","image/webp","200","OK","Indexable","","","0","0","","0","0","","0","","0","","0","","0","","0","","","","","","","","","","6338","6338","6338","0.939","","0","","","","","0.000","4","7","","0","0","0","0.000","0","0","0","0","0","0","","","","","","1.119","Wed, 17 Jun 2026 10:28:44 GMT","","","","","1.1","","","","","","https://www.endeavorfg.com/sites/endeavorfg0425.us1.advisor.ws/files/styles/max_325x325/public/images/glenn-carstens-peters-RLw-UC03Gwc-unsplash%20%281%29.jpg.webp?itok=Fzl3Kue6","2026-06-19 18:35:57"
"https://www.endeavorfg.com/sites/endeavorfg0425.us1.advisor.ws/files/styles/max_325x325/public/images/Blog_Tax_Planning.jpg.webp?itok=hmtuQW9F","image/webp","200","OK","Indexable","","","0","0","","0","0","","0","","0","","0","","0","","0","","","","","","","","","","6292","6292","6292","0.932","","0","","","","","0.000","4","7","","0","0","0","0.000","0","0","0","0","0","0","","","","","","1.061","Thu, 18 Jun 2026 11:06:12 GMT","","","","","1.1","","","","","","https://www.endeavorfg.com/sites/endeavorfg0425.us1.advisor.ws/files/styles/max_325x325/public/images/Blog_Tax_Planning.jpg.webp?itok=hmtuQW9F","2026-06-19 18:35:59"
"https://www.endeavorfg.com/taxonomy/term/18/feed","application/rss+xml; charset=utf-8","200","OK","Indexable","","","0","0","","0","0","","0","","0","","0","","0","","0","","","","","","","","","","0","0","0","0.000","","0","","","","","0.000","4","3","","1","1","0","0.530","0","0","0","0","0","0","","","","","","0.571","","","","","","1.1","","","","","","https://www.endeavorfg.com/taxonomy/term/18/feed","2026-06-19 18:36:01"
"https://www.endeavorfg.com/sites/endeavorfg0425.us1.advisor.ws/files/styles/max_325x325/public/images/marc-najera-SwK6MSxTLDE-unsplash%20(1).jpg.webp?itok=bbEk3w6K","image/webp","200","OK","Indexable","","","0","0","","0","0","","0","","0","","0","","0","","0","","","","","","","","","","10242","10242","10242","1.518","","0","","","","","0.000","4","7","","0","0","0","0.000","0","0","0","0","0","0","","","","","","1.107","Wed, 17 Jun 2026 10:10:34 GMT","","","","","1.1","","","","","","https://www.endeavorfg.com/sites/endeavorfg0425.us1.advisor.ws/files/styles/max_325x325/public/images/marc-najera-SwK6MSxTLDE-unsplash%20%281%29.jpg.webp?itok=bbEk3w6K","2026-06-19 18:36:01"
"https://www.endeavorfg.com/taxonomy/term/10/feed","application/rss+xml; charset=utf-8","200","OK","Indexable","","","0","0","","0","0","","0","","0","","0","","0","","0","","","","","","","","","","0","0","0","0.000","","0","","","","","0.000","4","3","","1","1","0","0.530","0","0","0","0","0","0","","","","","","0.578","","","","","","1.1","","","","","","https://www.endeavorfg.com/taxonomy/term/10/feed","2026-06-19 18:36:02"
"https://www.endeavorfg.com/blog/mastering-stormy-waters-smart-strategies-healthcare-costs-retirement","text/html; charset=UTF-8","200","OK","Indexable","","Mastering Stormy Waters: Smart Strategies for Healthcare Costs in Retirement | Endeavor Financial Group","103","947","With healthcare costs often resembling an unpredictable market, and long-term care expenses looming, the post-work years require careful financial planning. This blog post advocates for partnering with a financial professional to navigate these challenges, offering tailored guidance on Medicare, long-term care funding, and retirement law changes. By preparing strategically, retirees can confidently set sail into their golden years, free from the turbulence of unforeseen financial burdens.","493","3001","","0","Mastering Stormy Waters: Smart Strategies for Healthcare Costs in Retirement","76","","0","Contact Information","19","Our Locations","13","","","","https://www.endeavorfg.com/blog/mastering-stormy-waters-smart-strategies-healthcare-costs-retirement","","","","","","92018","29439","29439","4.363","","701","133","5.271","58.474","Fairly Hard","5.923","4","1","","18","6","0","3.210","28","24","0","9","9","0","","","","","503d1ec6592f46e822cf2016e401c29c","1.186","","","","","en","1.1","","","","","","https://www.endeavorfg.com/blog/mastering-stormy-waters-smart-strategies-healthcare-costs-retirement","2026-06-19 18:36:02"
"https://www.endeavorfg.com/sites/endeavorfg0425.us1.advisor.ws/files/styles/slider_s/public/images/sailboat-sailing-on-lake-with-cloudy-weather-above.jpg.webp?itok=2oCJphb2","image/webp","200","OK","Indexable","","","0","0","","0","0","","0","","0","","0","","0","","0","","","","","","","","","","28442","28442","28442","4.215","","0","","","","","0.000","4","7","","0","0","0","0.000","0","0","0","0","0","0","","","","","","1.302","Thu, 18 Jun 2026 10:40:59 GMT","","","","","1.1","","","","","","https://www.endeavorfg.com/sites/endeavorfg0425.us1.advisor.ws/files/styles/slider_s/public/images/sailboat-sailing-on-lake-with-cloudy-weather-above.jpg.webp?itok=2oCJphb2","2026-06-19 18:36:02"
"https://www.endeavorfg.com/blog/bad-money-habits-how-they-vary-generation-how-break-them-good","text/html; charset=UTF-8","200","OK","Indexable","","Bad Money Habits: How They Vary by Generation & How to Break Them for Good | Endeavor Financial Group","101","955","What was the last money mistake you made? If you’re like most folks, you’ve made at least one upsetting money mistake in the past year — and you’d like to do better. In fact, most folks admit their finances have not gotten better over the past year. And at least half of them say the real problem is that their money mistakes have turned into bad financial habits.","364","2211","","0","Bad Money Habits: How They Vary by Generation & How to Break Them for Good","74","","0","Bad Money Habits by Generation","30","4 Bad Money Habits to Leave Behind in 2024","42","","","","https://www.endeavorfg.com/blog/bad-money-habits-how-they-vary-generation-how-break-them-good","","","","","","95352","30722","30722","4.553","","1315","190","6.921","76.545","Fairly Easy","8.893","4","1","","24","8","0","4.280","28","24","0","9","9","0","","","","","175272050a53acd868be395bf8b9a1cf","1.068","","","","","en","1.1","","","","","","https://www.endeavorfg.com/blog/bad-money-habits-how-they-vary-generation-how-break-them-good","2026-06-19 18:36:02"
"https://www.endeavorfg.com/sites/endeavorfg0425.us1.advisor.ws/files/styles/slider_s/public/images/towfiqu-barbhuiya-0ITvgXAU5Oo-unsplash%20(1).jpg.webp?itok=eNp7XCWJ","image/webp","200","OK","Indexable","","","0","0","","0","0","","0","","0","","0","","0","","0","","","","","","","","","","10498","10498","10498","1.556","","0","","","","","0.000","4","7","","0","0","0","0.000","0","0","0","0","0","0","","","","","","0.062","Tue, 16 Jun 2026 01:02:20 GMT","","","","","1.1","","","","","","https://www.endeavorfg.com/sites/endeavorfg0425.us1.advisor.ws/files/styles/slider_s/public/images/towfiqu-barbhuiya-0ITvgXAU5Oo-unsplash%20%281%29.jpg.webp?itok=eNp7XCWJ","2026-06-19 18:36:04"
"https://www.endeavorfg.com/category/savings?page=0","text/html; charset=UTF-8","200","OK","Indexable","","Savings | Endeavor Financial Group","34","312","","0","0","","0","Savings","7","","0","Contact Information","19","Our Locations","13","","","","","","","","","","132005","31281","31281","4.636","","680","169","4.024","78.090","Fairly Easy","3.843","4","1","","8","3","0","1.600","113","45","0","8","8","0","","","","","7108adc8c8b1bb28ba27ce6762bb3e88","1.053","","","","","en","1.1","","","","","","https://www.endeavorfg.com/category/savings?page=0","2026-06-19 18:36:03"
"https://www.endeavorfg.com/category/savings?page=1","text/html; charset=UTF-8","200","OK","Indexable","","Savings | Endeavor Financial Group","34","312","","0","0","","0","Savings","7","","0","Contact Information","19","Our Locations","13","","","","","","","","","","118736","30173","30173","4.472","","502","143","3.510","68.114","Normal","3.523","4","1","","10","3","0","1.600","96","43","0","8","8","0","","","","","4dae466ceaef552c6e5b349c2d350ffa","1.175","","","","","en","1.1","","","","","","https://www.endeavorfg.com/category/savings?page=1","2026-06-19 18:36:03"
"https://www.endeavorfg.com/sites/endeavorfg0425.us1.advisor.ws/files/styles/max_325x325/public/images/AWBLOG_POA.jpg.webp?itok=bYJS69J9","image/webp","200","OK","Indexable","","","0","0","","0","0","","0","","0","","0","","0","","0","","","","","","","","","","4040","4040","4040","0.599","","0","","","","","0.000","4","7","","0","0","0","0.000","0","0","0","0","0","0","","","","","","0.055","Tue, 16 Jun 2026 01:05:03 GMT","","","","","1.1","","","","","","https://www.endeavorfg.com/sites/endeavorfg0425.us1.advisor.ws/files/styles/max_325x325/public/images/AWBLOG_POA.jpg.webp?itok=bYJS69J9","2026-06-19 18:36:04"
"https://www.endeavorfg.com/taxonomy/term/5/feed","application/rss+xml; charset=utf-8","200","OK","Indexable","","","0","0","","0","0","","0","","0","","0","","0","","0","","","","","","","","","","0","0","0","0.000","","0","","","","","0.000","4","3","","3","3","0","1.600","0","0","0","0","0","0","","","","","","0.501","","","","","","1.1","","","","","","https://www.endeavorfg.com/taxonomy/term/5/feed","2026-06-19 18:36:04"
"https://www.endeavorfg.com/blog/how-reprogram-improve-your-money-mindset","text/html; charset=UTF-8","200","OK","Indexable","","How to Reprogram & Improve Your Money Mindset | Endeavor Financial Group","72","691","What’s the first thing you think of when it comes to money?Are your thoughts more positive or negative?Whatever’s natural to you can speak to your money mindset.1And that money mindset can shape your financial views and habits. It can also reveal more about your values and beliefs, not just about finance but about life in general.1With that, understanding your money mindset can start to highlight where it may be weaker — and what you may be able to do to improve it and leverage it better.","493","3063","","0","How to Reprogram & Improve Your Money Mindset","45","","0","What Is a Money Mindset?","24","8 Tips to Reprogram Your Money Mindset","38","","","","https://www.endeavorfg.com/blog/how-reprogram-improve-your-money-mindset","","","","","","92529","30232","30232","4.480","","1043","201","5.189","53.457","Fairly Hard","8.495","4","1","","18","6","0","3.210","27","23","0","14","14","0","","","","","b2f665bc7a65514c79e7b07c98afee3f","0.999","","","","","en","1.1","","","","","","https://www.endeavorfg.com/blog/how-reprogram-improve-your-money-mindset","2026-06-19 18:36:03"
"https://www.endeavorfg.com/blog/longevity-retirement-what-you-should-know","text/html; charset=UTF-8","200","OK","Indexable","","Longevity in Retirement & What You Should Know | Endeavor Financial Group","73","683","How many years will your retirement last? What are the chances you’ll live past 90? Most of us answer those questions wrong because we don’t have strong longevity literacy.1 That means that about 81% of us1 aren’t working with a viable understanding of our own life expectancy. Let’s explore how understanding longevity could create a positive impact in your retirement planning.","379","2356","","0","Longevity in Retirement & What You Should Know","46","","0","Contact Information","19","Our Locations","13","","","","https://www.endeavorfg.com/blog/longevity-retirement-what-you-should-know","","","","","","93425","29725","29725","4.405","","859","150","5.727","48.762","Hard","7.023","4","1","","21","7","0","3.740","28","24","0","10","10","0","","","","","9ef13f7cd205dd45c7467920140e4a43","1.084","","","","","en","1.1","","","","","","https://www.endeavorfg.com/blog/longevity-retirement-what-you-should-know","2026-06-19 18:36:04"
"https://www.endeavorfg.com/sites/endeavorfg0425.us1.advisor.ws/files/styles/slider_s/public/images/Blog_Longevity_in_Retirement.jpg.webp?itok=vNOIApHD","image/webp","200","OK","Indexable","","","0","0","","0","0","","0","","0","","0","","0","","0","","","","","","","","","","15806","15806","15806","2.342","","0","","","","","0.000","4","7","","0","0","0","0.000","0","0","0","0","0","0","","","","","","1.297","Thu, 18 Jun 2026 11:16:29 GMT","","","","","1.1","","","","","","https://www.endeavorfg.com/sites/endeavorfg0425.us1.advisor.ws/files/styles/slider_s/public/images/Blog_Longevity_in_Retirement.jpg.webp?itok=vNOIApHD","2026-06-19 18:36:04"
"https://www.endeavorfg.com/sites/endeavorfg0425.us1.advisor.ws/files/styles/max_325x325/public/images/sergiu-valena-spAc4S6F4zg-unsplash%20(1).jpg.webp?itok=ZH2zL8lC","image/webp","200","OK","Indexable","","","0","0","","0","0","","0","","0","","0","","0","","0","","","","","","","","","","7014","7014","7014","1.039","","0","","","","","0.000","4","7","","0","0","0","0.000","0","0","0","0","0","0","","","","","","1.103","Wed, 17 Jun 2026 09:06:36 GMT","","","","","1.1","","","","","","https://www.endeavorfg.com/sites/endeavorfg0425.us1.advisor.ws/files/styles/max_325x325/public/images/sergiu-valena-spAc4S6F4zg-unsplash%20%281%29.jpg.webp?itok=ZH2zL8lC","2026-06-19 18:36:04"
"https://www.endeavorfg.com/sites/endeavorfg0425.us1.advisor.ws/files/styles/max_325x325/public/images/Blog.jpg.webp?itok=oF8ukJga","image/webp","200","OK","Indexable","","","0","0","","0","0","","0","","0","","0","","0","","0","","","","","","","","","","6480","6480","6480","0.960","","0","","","","","0.000","4","7","","0","0","0","0.000","0","0","0","0","0","0","","","","","","0.080","Tue, 16 Jun 2026 00:53:59 GMT","","","","","1.1","","","","","","https://www.endeavorfg.com/sites/endeavorfg0425.us1.advisor.ws/files/styles/max_325x325/public/images/Blog.jpg.webp?itok=oF8ukJga","2026-06-19 18:36:06"
"https://www.endeavorfg.com/sites/endeavorfg0425.us1.advisor.ws/files/styles/max_325x325/public/images/Blog_Estate_Planning_Mistakes_VIN.jpg.webp?itok=MMOZvS3z","image/webp","200","OK","Indexable","","","0","0","","0","0","","0","","0","","0","","0","","0","","","","","","","","","","5700","5700","5700","0.845","","0","","","","","0.000","4","7","","0","0","0","0.000","0","0","0","0","0","0","","","","","","1.010","Wed, 17 Jun 2026 08:56:18 GMT","","","","","1.1","","","","","","https://www.endeavorfg.com/sites/endeavorfg0425.us1.advisor.ws/files/styles/max_325x325/public/images/Blog_Estate_Planning_Mistakes_VIN.jpg.webp?itok=MMOZvS3z","2026-06-19 18:36:05"
"https://www.endeavorfg.com/sites/endeavorfg0425.us1.advisor.ws/files/styles/max_325x325/public/images/essential-estate-planning-considerations-explained-234806.png.webp?itok=Yc3wty7z","image/webp","200","OK","Indexable","","","0","0","","0","0","","0","","0","","0","","0","","0","","","","","","","","","","5296","5296","5296","0.785","","0","","","","","0.000","4","7","","0","0","0","0.000","0","0","0","0","0","0","","","","","","0.128","Tue, 16 Jun 2026 01:12:55 GMT","","","","","1.1","","","","","","https://www.endeavorfg.com/sites/endeavorfg0425.us1.advisor.ws/files/styles/max_325x325/public/images/essential-estate-planning-considerations-explained-234806.png.webp?itok=Yc3wty7z","2026-06-19 18:36:06"
"https://www.endeavorfg.com/sites/endeavorfg0425.us1.advisor.ws/files/styles/slider_s/public/images/bias.jpeg.webp?itok=Hc0vheu2","image/webp","200","OK","Indexable","","","0","0","","0","0","","0","","0","","0","","0","","0","","","","","","","","","","23154","23154","23154","3.431","","0","","","","","0.000","4","7","","0","0","0","0.000","0","0","0","0","0","0","","","","","","0.104","Tue, 16 Jun 2026 01:03:21 GMT","","","","","1.1","","","","","","https://www.endeavorfg.com/sites/endeavorfg0425.us1.advisor.ws/files/styles/slider_s/public/images/bias.jpeg.webp?itok=Hc0vheu2","2026-06-19 18:36:07"
"https://www.endeavorfg.com/blogs/simple-estate-planning-worksheet","text/html; charset=UTF-8","200","OK","Indexable","","A Simple Estate Planning Worksheet to Get Organized | Endeavor Financial Group","78","724","Get organized with a simple estate planning worksheet. Learn what to include, how to fill it out, and why it’s the first step to a clear estate plan.","149","877","","0","Simple Estate Planning Worksheet: A Beginner's Guide","52","","0","Key Takeaways","13","What Is an Estate Planning Worksheet (and Why You Need One)?","60","","","","https://www.endeavorfg.com/blogs/simple-estate-planning-worksheet","","","","","","113366","37241","37241","5.519","","4581","616","7.437","61.648","Normal","25.718","4","1","","7","3","0","1.600","43","25","0","10","10","0","","","","","79b9968500bf65988641d3dd52c58da8","1.039","","","","","en","1.1","","","","","","https://www.endeavorfg.com/blogs/simple-estate-planning-worksheet","2026-06-19 18:36:06"
"https://www.endeavorfg.com/blog/small-business-succession-planning","text/html; charset=UTF-8","200","OK","Indexable","","Small Business Succession Planning: A Simple Guide","50","472","Get practical steps for small business succession planning. Learn how to protect your company, choose a successor, and secure your business’s future.","149","935","","0","The Essential Guide to Small Business Succession Planning","57","","0","Key Takeaways","13","What is a succession plan and why do you need one?","50","","","","https://www.endeavorfg.com/blog/small-business-succession-planning","","","","","","127924","40589","40589","6.015","","6335","828","7.651","62.908","Normal","31.226","4","1","","16","6","0","3.210","47","21","0","12","11","0","","","","","84f840b06bc8fb4b274e8abfa2f45f7c","1.152","","","","","en","1.1","","","","","","https://www.endeavorfg.com/blog/small-business-succession-planning","2026-06-19 18:36:06"
"https://www.endeavorfg.com/financial-advisor-estate-planning","text/html; charset=UTF-8","200","OK","Indexable","","Financial Advisor Estate Planning: The Ultimate Guide | Endeavor Financial Group","80","722","Get practical tips on financial advisor estate planning, from choosing the right advisor to avoiding common mistakes and protecting your family’s future.","153","938","","0","Financial Advisor Estate Planning: A Complete Guide","51","","0","Key Takeaways","13","How Can a Financial Advisor Help With Your Estate Plan?","55","","","","https://www.endeavorfg.com/financial-advisor-estate-planning","","","","","","113271","36432","36432","5.399","","3998","525","7.615","60.292","Normal","22.740","4","0","","9","3","0","1.600","43","26","0","15","14","0","","","","","f963fe6bf88e024938b13b77de06f508","1.068","","","","","en","1.1","","","","","","https://www.endeavorfg.com/financial-advisor-estate-planning","2026-06-19 18:36:06"
"https://www.endeavorfg.com/blog/when-vacations-go-wrong-5-costly-travel-mistakes-how-avoid-them","text/html; charset=UTF-8","200","OK","Indexable","","When Vacations Go Wrong: 5 Costly Travel Mistakes & How to Avoid Them | Endeavor Financial Group","96","905","You can’t control everything when you travel. But you can control what you know, how you get ready to get away, and what you do while you’re vacationing. And if you know these common travel mistakes, you’ll be much better prepared to get away and make it a truly great experience.","280","1751","","0","When Vacations Go Wrong: 5 Costly Travel Mistakes & How to Avoid Them","69","","0","Contact Information","19","Our Locations","13","","","","https://www.endeavorfg.com/blog/when-vacations-go-wrong-5-costly-travel-mistakes-how-avoid-them","","","","","","94860","30809","30809","4.566","","1386","199","6.965","75.185","Fairly Easy","9.501","4","1","","12","4","0","2.140","25","21","0","9","9","0","","","","","df8feae664e6a410070fd31475e61fc2","1.109","","","","","en","1.1","","","","","","https://www.endeavorfg.com/blog/when-vacations-go-wrong-5-costly-travel-mistakes-how-avoid-them","2026-06-19 18:36:06"
"https://www.endeavorfg.com/category/lifestyle?page=0","text/html; charset=UTF-8","200","OK","Indexable","","Lifestyle | Endeavor Financial Group","36","318","","0","0","","0","Lifestyle","9","","0","Contact Information","19","Our Locations","13","","","","","","","","","","132383","31212","31212","4.626","","648","167","3.880","74.822","Fairly Easy","3.675","4","1","","8","3","0","1.600","111","47","0","8","8","0","","","","","17dbef7f9ff88dc87903333702a4aa96","1.076","","","","","en","1.1","","","","","","https://www.endeavorfg.com/category/lifestyle?page=0","2026-06-19 18:36:07"
"https://www.endeavorfg.com/category/lifestyle?page=1","text/html; charset=UTF-8","200","OK","Indexable","","Lifestyle | Endeavor Financial Group","36","318","","0","0","","0","Lifestyle","9","","0","Contact Information","19","Our Locations","13","","","","","","","","","","104059","29321","29321","4.345","","320","80","4.000","70.059","Fairly Easy","2.890","4","1","","10","3","0","1.600","61","35","0","8","8","0","","","","","c4c6a8073a9747b23b955ea1969c96d","0.987","","","","","en","1.1","","","","","","https://www.endeavorfg.com/category/lifestyle?page=1","2026-06-19 18:36:07"
"https://www.endeavorfg.com/taxonomy/term/14/feed","application/rss+xml; charset=utf-8","200","OK","Indexable","","","0","0","","0","0","","0","","0","","0","","0","","0","","","","","","","","","","0","0","0","0.000","","0","","","","","0.000","4","3","","3","3","0","1.600","0","0","0","0","0","0","","","","","","0.559","","","","","","1.1","","","","","","https://www.endeavorfg.com/taxonomy/term/14/feed","2026-06-19 18:36:07"
"https://www.endeavorfg.com/sites/endeavorfg0425.us1.advisor.ws/files/styles/slider_s/public/images/jeshoots-com-mSESwdMZr-A-unsplash%20(6).jpg.webp?itok=zTXngGso","image/webp","200","OK","Indexable","","","0","0","","0","0","","0","","0","","0","","0","","0","","","","","","","","","","17840","17840","17840","2.644","","0","","","","","0.000","4","7","","0","0","0","0.000","0","0","0","0","0","0","","","","","","1.269","Thu, 18 Jun 2026 11:11:41 GMT","","","","","1.1","","","","","","https://www.endeavorfg.com/sites/endeavorfg0425.us1.advisor.ws/files/styles/slider_s/public/images/jeshoots-com-mSESwdMZr-A-unsplash%20%286%29.jpg.webp?itok=zTXngGso","2026-06-19 18:36:07"
"https://www.endeavorfg.com/blog/how-overcome-3-unconscious-biases-can-keep-your-financial-goals-out-reach","text/html; charset=UTF-8","200","OK","Indexable","","How to Overcome 3 Unconscious Biases That Can Keep Your Financial Goals Out of Reach | Endeavor Financial Group","111","1044","In a perfect world, every money decision we make would be totally rational. We’d consider all of the facts. Then, we’d balance them with the risks to make the most logical choice available.1 That sounds simple. Yet it doesn’t happen as much as it should in the real world.1, 2 That’s because many of us aren’t relying on logic and the facts to make financial decisions—and we probably don’t even realize it.2 Instead, we could be letting some tricky biases get in our way.2","473","2865","","0","How to Overcome 3 Unconscious Biases That Can Keep Your Financial Goals Out of Reach","84","","0","Contact Information","19","Our Locations","13","","","","https://www.endeavorfg.com/blog/how-overcome-3-unconscious-biases-can-keep-your-financial-goals-out-reach","","","","","","94391","30530","30530","4.525","","1153","195","5.913","69.714","Normal","8.425","4","1","","18","6","0","3.210","27","23","0","10","10","0","","","","","e9f8f0d1bc4721d8c7216cd767e3654","1.095","","","","","en","1.1","","","","","","https://www.endeavorfg.com/blog/how-overcome-3-unconscious-biases-can-keep-your-financial-goals-out-reach","2026-06-19 18:36:07"
"https://www.endeavorfg.com/sites/endeavorfg0425.us1.advisor.ws/files/styles/max_325x325/public/images/older-man-relaxing-in-inner-tube-on-water.jpg.webp?itok=X89rcgnw","image/webp","200","OK","Indexable","","","0","0","","0","0","","0","","0","","0","","0","","0","","","","","","","","","","6956","6956","6956","1.031","","0","","","","","0.000","4","7","","0","0","0","0.000","0","0","0","0","0","0","","","","","","1.033","Tue, 16 Jun 2026 21:30:11 GMT","","","","","1.1","","","","","","https://www.endeavorfg.com/sites/endeavorfg0425.us1.advisor.ws/files/styles/max_325x325/public/images/older-man-relaxing-in-inner-tube-on-water.jpg.webp?itok=X89rcgnw","2026-06-19 18:36:08"
"https://www.endeavorfg.com/sites/endeavorfg0425.us1.advisor.ws/files/styles/max_325x325/public/images/simon-godfrey-yRmmm3t1oX8-unsplash%20(3).jpg.webp?itok=S2UA-eC2","image/webp","200","OK","Indexable","","","0","0","","0","0","","0","","0","","0","","0","","0","","","","","","","","","","9954","9954","9954","1.475","","0","","","","","0.000","4","7","","0","0","0","0.000","0","0","0","0","0","0","","","","","","0.069","Tue, 16 Jun 2026 01:05:05 GMT","","","","","1.1","","","","","","https://www.endeavorfg.com/sites/endeavorfg0425.us1.advisor.ws/files/styles/max_325x325/public/images/simon-godfrey-yRmmm3t1oX8-unsplash%20%283%29.jpg.webp?itok=S2UA-eC2","2026-06-19 18:36:10"
"https://www.endeavorfg.com/sites/endeavorfg0425.us1.advisor.ws/files/styles/max_325x325/public/images/Blog_AW27_2025.jpg.webp?itok=4UgFEimk","image/webp","200","OK","Indexable","","","0","0","","0","0","","0","","0","","0","","0","","0","","","","","","","","","","4392","4392","4392","0.651","","0","","","","","0.000","4","7","","0","0","0","0.000","0","0","0","0","0","0","","","","","","1.024","Thu, 18 Jun 2026 09:30:22 GMT","","","","","1.1","","","","","","https://www.endeavorfg.com/sites/endeavorfg0425.us1.advisor.ws/files/styles/max_325x325/public/images/Blog_AW27_2025.jpg.webp?itok=4UgFEimk","2026-06-19 18:36:09"
"https://www.endeavorfg.com/sites/endeavorfg0425.us1.advisor.ws/files/styles/max_325x325/public/images/Overlooked%20Retirement%20Expenses%20(And%20How%20to%20Plan%20for%20Them).jpg.webp?itok=nEuzWlfn","image/webp","200","OK","Indexable","","","0","0","","0","0","","0","","0","","0","","0","","0","","","","","","","","","","10222","10222","10222","1.515","","0","","","","","0.000","4","7","","0","0","0","0.000","0","0","0","0","0","0","","","","","","1.081","Tue, 16 Jun 2026 18:40:20 GMT","","","","","1.1","","","","","","https://www.endeavorfg.com/sites/endeavorfg0425.us1.advisor.ws/files/styles/max_325x325/public/images/Overlooked%20Retirement%20Expenses%20%28And%20How%20to%20Plan%20for%20Them%29.jpg.webp?itok=nEuzWlfn","2026-06-19 18:36:10"
"https://www.endeavorfg.com/sites/endeavorfg0425.us1.advisor.ws/files/styles/max_325x325/public/images/Empowering_Financial_Blog_Image.jpg.webp?itok=DWNR6EIp","image/webp","200","OK","Indexable","","","0","0","","0","0","","0","","0","","0","","0","","0","","","","","","","","","","6746","6746","6746","1.000","","0","","","","","0.000","4","7","","0","0","0","0.000","0","0","0","0","0","0","","","","","","0.107","Tue, 16 Jun 2026 01:13:32 GMT","","","","","1.1","","","","","","https://www.endeavorfg.com/sites/endeavorfg0425.us1.advisor.ws/files/styles/max_325x325/public/images/Empowering_Financial_Blog_Image.jpg.webp?itok=DWNR6EIp","2026-06-19 18:36:13"
"https://www.endeavorfg.com/sites/endeavorfg0425.us1.advisor.ws/files/styles/max_325x325/public/images/Blog_2.jpg.webp?itok=BFACfx0-","image/webp","200","OK","Indexable","","","0","0","","0","0","","0","","0","","0","","0","","0","","","","","","","","","","6636","6636","6636","0.983","","0","","","","","0.000","4","7","","0","0","0","0.000","0","0","0","0","0","0","","","","","","1.031","Thu, 18 Jun 2026 12:58:32 GMT","","","","","1.1","","","","","","https://www.endeavorfg.com/sites/endeavorfg0425.us1.advisor.ws/files/styles/max_325x325/public/images/Blog_2.jpg.webp?itok=BFACfx0-","2026-06-19 18:36:14"
"https://www.endeavorfg.com/sites/endeavorfg0425.us1.advisor.ws/files/styles/slider_s/public/images/Blog_Beat_Investing_FOMO.jpg.webp?itok=u0OGdPsq","image/webp","200","OK","Indexable","","","0","0","","0","0","","0","","0","","0","","0","","0","","","","","","","","","","70216","70216","70216","10.406","","0","","","","","0.000","4","7","","0","0","0","0.000","0","0","0","0","0","0","","","","","","0.094","Tue, 16 Jun 2026 01:10:16 GMT","","","","","1.1","","","","","","https://www.endeavorfg.com/sites/endeavorfg0425.us1.advisor.ws/files/styles/slider_s/public/images/Blog_Beat_Investing_FOMO.jpg.webp?itok=u0OGdPsq","2026-06-19 18:36:16"
"https://www.endeavorfg.com/sites/endeavorfg0425.us1.advisor.ws/files/styles/slider_s/public/images/6-best-financial-advisors-for-retirees-in-2026-349374.png.webp?itok=pEVr4dHe","image/webp","200","OK","Indexable","","","0","0","","0","0","","0","","0","","0","","0","","0","","","","","","","","","","23802","23802","23802","3.527","","0","","","","","0.000","4","7","","0","0","0","0.000","0","0","0","0","0","0","","","","","","0.110","Tue, 16 Jun 2026 01:10:30 GMT","","","","","1.1","","","","","","https://www.endeavorfg.com/sites/endeavorfg0425.us1.advisor.ws/files/styles/slider_s/public/images/6-best-financial-advisors-for-retirees-in-2026-349374.png.webp?itok=pEVr4dHe","2026-06-19 18:36:17"
"https://www.endeavorfg.com/sites/endeavorfg0425.us1.advisor.ws/files/styles/slider_s/public/images/Blog_41725.jpg.webp?itok=4UF0Broz","image/webp","200","OK","Indexable","","","0","0","","0","0","","0","","0","","0","","0","","0","","","","","","","","","","19696","19696","19696","2.919","","0","","","","","0.000","4","7","","0","0","0","0.000","0","0","0","0","0","0","","","","","","0.086","Tue, 16 Jun 2026 01:11:56 GMT","","","","","1.1","","","","","","https://www.endeavorfg.com/sites/endeavorfg0425.us1.advisor.ws/files/styles/slider_s/public/images/Blog_41725.jpg.webp?itok=4UF0Broz","2026-06-19 18:36:17"
"https://www.endeavorfg.com/sites/endeavorfg0425.us1.advisor.ws/files/styles/slider_s/public/images/inflation_blogpost.jpg.webp?itok=ObPdhMO5","image/webp","200","OK","Indexable","","","0","0","","0","0","","0","","0","","0","","0","","0","","","","","","","","","","6018","6018","6018","0.892","","0","","","","","0.000","4","7","","0","0","0","0.000","0","0","0","0","0","0","","","","","","0.097","Tue, 16 Jun 2026 01:04:17 GMT","","","","","1.1","","","","","","https://www.endeavorfg.com/sites/endeavorfg0425.us1.advisor.ws/files/styles/slider_s/public/images/inflation_blogpost.jpg.webp?itok=ObPdhMO5","2026-06-19 18:36:17"
"https://www.endeavorfg.com/sites/endeavorfg0425.us1.advisor.ws/files/styles/slider_s/public/images/Blog_24_Business.jpg.webp?itok=JhmulbgD","image/webp","200","OK","Indexable","","","0","0","","0","0","","0","","0","","0","","0","","0","","","","","","","","","","27038","27038","27038","4.007","","0","","","","","0.000","4","7","","0","0","0","0.000","0","0","0","0","0","0","","","","","","0.098","Tue, 16 Jun 2026 01:08:50 GMT","","","","","1.1","","","","","","https://www.endeavorfg.com/sites/endeavorfg0425.us1.advisor.ws/files/styles/slider_s/public/images/Blog_24_Business.jpg.webp?itok=JhmulbgD","2026-06-19 18:36:17"
"https://www.endeavorfg.com/blog/how-beat-investing-fomo-power-patient-wealth-building","text/html; charset=UTF-8","200","OK","Indexable","","How to Beat Investing FOMO: The Power of Patient Wealth Building | Endeavor Financial Group","91","841","Can you relate to any of the following? “I should have bought that stock before the company went public!” “What a shame — I wish I had invested in that new tech before it went mainstream!” What’s the next “unicorn” that will make a fortune?” It’s common to feel this way. Many of us experience “fear of missing out” — or FOMO — in our financial lives.1","352","2160","","0","How to Beat Investing FOMO: The Power of Patient Wealth Building","64","","0","Contact Information","19","Our Locations","13","","","","https://www.endeavorfg.com/blog/how-beat-investing-fomo-power-patient-wealth-building","","","","","","96765","31448","31448","4.661","","1320","268","4.925","61.028","Normal","9.882","4","1","","12","4","0","2.140","26","22","0","18","18","0","","","","","1b62e6716363d070f7e50a217c28092b","1.059","","","","","en","1.1","","","","","","https://www.endeavorfg.com/blog/how-beat-investing-fomo-power-patient-wealth-building","2026-06-19 18:36:16"
"https://www.endeavorfg.com/best-financial-advisors-retirees","text/html; charset=UTF-8","200","OK","Indexable","","6 Best Financial Advisors for Retirees: 2026 Guide | Endeavor Financial Group","77","685","Find the best financial advisors for retirees with this practical guide to top firms, key services, fee structures, and tips for choosing the right advisor.","156","904","","0","6 Best Financial Advisors for Retirees in 2026","46","","0","Key Takeaways","13","What to Look for in a Financial Advisor for Retirement","54","","","","https://www.endeavorfg.com/best-financial-advisors-retirees","","","","","","130636","41857","41857","6.203","","6431","869","7.400","59.459","Fairly Hard","31.496","4","0","","10","4","0","2.140","52","25","0","18","15","0","","","","","55757717237d7c42bdcbabd145987605","1.071","","","","","en","1.1","","","","","","https://www.endeavorfg.com/best-financial-advisors-retirees","2026-06-19 18:36:17"
"https://www.endeavorfg.com/sites/endeavorfg0425.us1.advisor.ws/files/styles/slider_s/public/images/Blog_aw24_2025.jpg.webp?itok=WkGBJFFb","image/webp","200","OK","Indexable","","","0","0","","0","0","","0","","0","","0","","0","","0","","","","","","","","","","25726","25726","25726","3.813","","0","","","","","0.000","4","7","","0","0","0","0.000","0","0","0","0","0","0","","","","","","1.321","Thu, 18 Jun 2026 11:19:38 GMT","","","","","1.1","","","","","","https://www.endeavorfg.com/sites/endeavorfg0425.us1.advisor.ws/files/styles/slider_s/public/images/Blog_aw24_2025.jpg.webp?itok=WkGBJFFb","2026-06-19 18:36:17"
"https://www.endeavorfg.com/blog/5-smart-ways-use-your-tax-refund-2025","text/html; charset=UTF-8","200","OK","Indexable","","5 Smart Ways to Use Your Tax Refund in 2025 | Endeavor Financial","64","591","Tax season might not spark joy, but a refund sure can.In 2025, the IRS estimates the average federal income tax refund will top $3,170.1 That means a lot of folks are suddenly asking the same question: What should I do with it?Splurge? Save? Invest?The good news: there’s no one-size-fits-all answer. But there are a few options that tend to deliver more peace of mind and long-term upside.Here are five smart ways to use your tax refund in 2025, plus practical tips to help you make your money work harder (and smarter).","521","3210","","0","5 Smart Ways to Use Your Tax Refund in 2025","43","","0","Contact Information","19","Our Locations","13","","","","https://www.endeavorfg.com/blog/5-smart-ways-use-your-tax-refund-2025","","","","","","93233","30375","30375","4.502","","1039","182","5.709","76.543","Fairly Easy","7.571","4","1","","15","5","0","2.670","27","23","0","11","11","0","","","","","c960aa137ab3976877e3cce1b8645362","1.117","","","","","en","1.1","","","","","","https://www.endeavorfg.com/blog/5-smart-ways-use-your-tax-refund-2025","2026-06-19 18:36:17"
"https://www.endeavorfg.com/blog/one-economy-two-realities-understanding-todays-economic-divide","text/html; charset=UTF-8","200","OK","Indexable","","One Economy, Two Realities | Endeavor Financial Group","53","493","It’s possible for one economy to tell two different stories. One of growth, opportunity, and abundance. Another of constraint, anxiety, and scarcity.This isn't new. But recent economic data makes the divide unusually visible. Recognizing this divide can change how we think about (and react to) the headlines.","309","1884","","0","One Economy, Two Realities: Understanding Today's Economic Divide","65","","0","Contact Information","19","Our Locations","13","","","","https://www.endeavorfg.com/blog/one-economy-two-realities-understanding-todays-economic-divide","","","","","","96526","30849","30849","4.572","","988","244","4.049","40.803","Hard","8.726","4","1","","25","9","0","4.810","30","26","0","18","18","0","","","","","eb2134c5282db7d610545108d569e112","0.988","","","","","en","1.1","","","","","","https://www.endeavorfg.com/blog/one-economy-two-realities-understanding-todays-economic-divide","2026-06-19 18:36:17"
"https://www.endeavorfg.com/sites/endeavorfg0425.us1.advisor.ws/files/styles/max_325x325/public/images/amy-hirschi-JaoVGh5aJ3E-unsplash%20(1).jpg.webp?itok=kIgSqHzq","image/webp","200","OK","Indexable","","","0","0","","0","0","","0","","0","","0","","0","","0","","","","","","","","","","10860","10860","10860","1.609","","0","","","","","0.000","4","7","","0","0","0","0.000","0","0","0","0","0","0","","","","","","0.057","Tue, 16 Jun 2026 01:12:30 GMT","","","","","1.1","","","","","","https://www.endeavorfg.com/sites/endeavorfg0425.us1.advisor.ws/files/styles/max_325x325/public/images/amy-hirschi-JaoVGh5aJ3E-unsplash%20%281%29.jpg.webp?itok=kIgSqHzq","2026-06-19 18:36:19"
"https://www.endeavorfg.com/blog/what-recent-inflation-signals-mean-financial-planning","text/html; charset=UTF-8","200","OK","Indexable","","Inflation Signals for Financial Planning | Endeavor Financial Group","67","583","Inflation has been the boogeyman of the economy for months.Sticky prices. Rising gas costs. A looming rate hike.The latest report provided useful data for planning ahead.When inflation cools—even slightly—it can affect everything from interest rates to your travel budget. September's numbers provided important context about the direction of inflation and interest rates. For anyone trying to make sense of their money right now, understanding these shifts matters.Inflation Didn’t Disappear—But It’s Slowing DownEconomists braced for bad news.","545","3386","","0","What Recent Inflation Signals Mean for Financial Planning","57","","0","Contact Information","19","Our Locations","13","","","","https://www.endeavorfg.com/blog/what-recent-inflation-signals-mean-financial-planning","","","","","","93875","30038","30038","4.452","","834","174","4.793","58.535","Fairly Hard","6.892","4","1","","27","9","0","4.810","31","27","0","12","12","0","","","","","d7231631cc04cbadb905092c09f00e79","1.013","","","","","en","1.1","","","","","","https://www.endeavorfg.com/blog/what-recent-inflation-signals-mean-financial-planning","2026-06-19 18:36:18"
"https://www.endeavorfg.com/blog/why-your-brain-sabotages-your-investment-plan-no-matter-what-market-does","text/html; charset=UTF-8","200","OK","Indexable","","Why Your Brain Sabotages Investing | Endeavor Financial Group","61","563","The Dow crosses 45,000. Your brain whispers: ""This has to be the top.""The market drops 15%. Your brain screams: ""Get out before it gets worse!""Different scenarios. Same result: your brain hijacking your long-term investment strategy.If you've ever felt paralyzed by market highs or panicked during market lows, you're not an outlier.You're human.The brain’s wiring is great for responding to immediate danger, like avoiding a snake. But that same instinct can misfire when applied to complex, long-term systems like financial markets.","534","3267","","0","Why Your Brain Sabotages Your Investment Plan (No Matter What the Market Does)","78","","0","Contact Information","19","Our Locations","13","","","","https://www.endeavorfg.com/blog/why-your-brain-sabotages-your-investment-plan-no-matter-what-market-does","","","","","","94767","31230","31230","4.628","","1304","274","4.759","62.389","Normal","10.089","4","1","","30","18","0","9.630","28","24","0","14","14","0","","","","","83eda6e4f0169991c363f81a013a07fc","1.118","","","","","en","1.1","","","","","","https://www.endeavorfg.com/blog/why-your-brain-sabotages-your-investment-plan-no-matter-what-market-does","2026-06-19 18:36:18"
"https://www.endeavorfg.com/blog/how-dive-business-succession-planning-10-key-questions","text/html; charset=UTF-8","200","OK","Indexable","","How to Dive into Business Succession Planning: 10 Key Questions | Endeavor Financial Group","90","827","What will happen to your business when it’s time for you to take a step back?That can be a tough question that many business owners eventually have to face.Yet, far too many admit they don't have a formal succession plan in place. In fact, looking at family businesses alone, about 61% say they do not have a documented succession plan.1Why?Many business owners say they haven’t put together a succession plan because:","418","2630","","0","How to Dive into Business Succession Planning: 10 Key Questions","63","","0","Contact Information","19","Our Locations","13","","","","https://www.endeavorfg.com/blog/how-dive-business-succession-planning-10-key-questions","","","","","","97472","31450","31450","4.661","","1550","248","6.250","56.289","Fairly Hard","11.271","4","1","","15","5","0","2.670","27","23","0","10","10","0","","","","","22af90f43ace1f11ace4948020074f29","1.055","","","","","en","1.1","","","","","","https://www.endeavorfg.com/blog/how-dive-business-succession-planning-10-key-questions","2026-06-19 18:36:18"
"https://www.endeavorfg.com/taxonomy/term/21/feed","application/rss+xml; charset=utf-8","200","OK","Indexable","","","0","0","","0","0","","0","","0","","0","","0","","0","","","","","","","","","","0","0","0","0.000","","0","","","","","0.000","4","3","","1","1","0","0.530","0","0","0","0","0","0","","","","","","0.553","","","","","","1.1","","","","","","https://www.endeavorfg.com/taxonomy/term/21/feed","2026-06-19 18:36:19"
"https://www.endeavorfg.com/sites/endeavorfg0425.us1.advisor.ws/files/styles/max_325x325/public/images/what-wealth-means-to-you.jpg.webp?itok=3C3R4kZq","image/webp","200","OK","Indexable","","","0","0","","0","0","","0","","0","","0","","0","","0","","","","","","","","","","13374","13374","13374","1.982","","0","","","","","0.000","4","7","","0","0","0","0.000","0","0","0","0","0","0","","","","","","1.264","Wed, 17 Jun 2026 02:47:54 GMT","","","","","1.1","","","","","","https://www.endeavorfg.com/sites/endeavorfg0425.us1.advisor.ws/files/styles/max_325x325/public/images/what-wealth-means-to-you.jpg.webp?itok=3C3R4kZq","2026-06-19 18:36:19"
"https://www.endeavorfg.com/taxonomy/term/19/feed","application/rss+xml; charset=utf-8","200","OK","Indexable","","","0","0","","0","0","","0","","0","","0","","0","","0","","","","","","","","","","0","0","0","0.000","","0","","","","","0.000","4","3","","1","1","0","0.530","0","0","0","0","0","0","","","","","","0.623","","","","","","1.1","","","","","","https://www.endeavorfg.com/taxonomy/term/19/feed","2026-06-19 18:36:20"
"https://www.endeavorfg.com/sites/endeavorfg0425.us1.advisor.ws/files/styles/slider_s/public/images/holistic-financial-planning-meaning-a-simple-guide-224228.png.webp?itok=8GvhQ6LD","image/webp","200","OK","Indexable","","","0","0","","0","0","","0","","0","","0","","0","","0","","","","","","","","","","15906","15906","15906","2.357","","0","","","","","0.000","4","7","","0","0","0","0.000","0","0","0","0","0","0","","","","","","0.096","Tue, 16 Jun 2026 01:06:51 GMT","","","","","1.1","","","","","","https://www.endeavorfg.com/sites/endeavorfg0425.us1.advisor.ws/files/styles/slider_s/public/images/holistic-financial-planning-meaning-a-simple-guide-224228.png.webp?itok=8GvhQ6LD","2026-06-19 18:36:21"
"https://www.endeavorfg.com/holistic-financial-planning-meaning","text/html; charset=UTF-8","200","OK","Indexable","","Holistic Financial Planning Meaning Explained Simply | Endeavor Financial Group","79","715","Get a clear understanding of holistic financial planning meaning, plus practical steps to create a plan that connects your money to your life and goals.","152","919","","0","Holistic Financial Planning Meaning: A Simple Guide","51","","0","Key Takeaways","13","What Is Holistic Financial Planning?","36","","","","https://www.endeavorfg.com/holistic-financial-planning-meaning","","","","","","112936","36159","36159","5.359","","3950","561","7.041","57.860","Fairly Hard","22.801","4","0","","10","4","0","2.140","34","24","0","8","8","0","","","","","d73383e7a3e680f0ddb729e10b4ce5aa","1.012","","","","","en","1.1","","","","","","https://www.endeavorfg.com/holistic-financial-planning-meaning","2026-06-19 18:36:20"
"https://www.endeavorfg.com/sites/endeavorfg0425.us1.advisor.ws/files/styles/slider_s/public/images/what-is-a-small-business-advisor-do-you-need-one-592006.png.webp?itok=7e6THQgF","image/webp","200","OK","Indexable","","","0","0","","0","0","","0","","0","","0","","0","","0","","","","","","","","","","17304","17304","17304","2.564","","0","","","","","0.000","4","7","","0","0","0","0.000","0","0","0","0","0","0","","","","","","1.376","Thu, 18 Jun 2026 11:14:07 GMT","","","","","1.1","","","","","","https://www.endeavorfg.com/sites/endeavorfg0425.us1.advisor.ws/files/styles/slider_s/public/images/what-is-a-small-business-advisor-do-you-need-one-592006.png.webp?itok=7e6THQgF","2026-06-19 18:36:21"
"https://www.endeavorfg.com/blogs/financial-advisor-fee-comparison","text/html; charset=UTF-8","200","OK","Indexable","","Financial Advisor Fee Comparison: A Simple Guide | Endeavor Financial Group","75","692","Get clear on financial advisor fee comparison, common pricing models, and key questions to ask so you can choose the right advisor for your needs.","146","909","","0","Financial Advisor Fee Comparison: How to Choose","47","","0","Key Takeaways","13","How Do Financial Advisors Charge for Their Services?","52","","","","https://www.endeavorfg.com/blogs/financial-advisor-fee-comparison","","","","","","123752","39197","39197","5.809","","5699","774","7.363","66.442","Normal","28.836","4","1","","14","6","0","3.210","56","24","0","11","10","0","","","","","3543b73a0901eeb2397df6c333350c2d","1.139","","","","","en","1.1","","","","","","https://www.endeavorfg.com/blogs/financial-advisor-fee-comparison","2026-06-19 18:36:21"
"https://www.endeavorfg.com/sites/endeavorfg0425.us1.advisor.ws/files/styles/slider_s/public/images/real-succession-planning-examples-to-guide-your-plan-387304.png.webp?itok=T0Xa7iIf","image/webp","200","OK","Indexable","","","0","0","","0","0","","0","","0","","0","","0","","0","","","","","","","","","","23260","23260","23260","3.447","","0","","","","","0.000","4","7","","0","0","0","0.000","0","0","0","0","0","0","","","","","","1.797","Fri, 19 Jun 2026 13:06:22 GMT","","","","","1.1","","","","","","https://www.endeavorfg.com/sites/endeavorfg0425.us1.advisor.ws/files/styles/slider_s/public/images/real-succession-planning-examples-to-guide-your-plan-387304.png.webp?itok=T0Xa7iIf","2026-06-19 18:36:21"
"https://www.endeavorfg.com/sites/endeavorfg0425.us1.advisor.ws/files/styles/slider_s/public/images/8-best-401k-plans-for-small-business-compared-880986.png.webp?itok=0yPNwht9","image/webp","200","OK","Indexable","","","0","0","","0","0","","0","","0","","0","","0","","0","","","","","","","","","","23088","23088","23088","3.422","","0","","","","","0.000","4","7","","0","0","0","0.000","0","0","0","0","0","0","","","","","","1.744","Fri, 19 Jun 2026 13:06:23 GMT","","","","","1.1","","","","","","https://www.endeavorfg.com/sites/endeavorfg0425.us1.advisor.ws/files/styles/slider_s/public/images/8-best-401k-plans-for-small-business-compared-880986.png.webp?itok=0yPNwht9","2026-06-19 18:36:21"
"https://www.endeavorfg.com/blogs/independent-wealth-management-firm","text/html; charset=UTF-8","200","OK","Indexable","","Why Choose an Independent Wealth Management Firm? | Endeavor Financial Group","76","742","An independent wealth management firm offers objective, client-focused financial advice and personalized strategies for your investments and retirement.","152","949","","0","What Is an Independent Wealth Management Firm? A Guide","54","","0","Key Takeaways","13","What Is an Independent Wealth Management Firm?","46","","","","https://www.endeavorfg.com/blogs/independent-wealth-management-firm","","","","","","119001","38225","38225","5.665","","4864","665","7.314","58.127","Fairly Hard","26.729","4","1","","13","8","0","4.280","51","25","0","8","8","0","","","","","e1d7dca5526b4592f44fb08329ebbb54","1.062","","","","","en","1.1","","","","","","https://www.endeavorfg.com/blogs/independent-wealth-management-firm","2026-06-19 18:36:22"
"https://www.endeavorfg.com/sites/endeavorfg0425.us1.advisor.ws/files/styles/slider_s/public/images/a-guide-to-succession-planning-for-a-family-business-227626.png.webp?itok=iXvlb2wL","image/webp","200","OK","Indexable","","","0","0","","0","0","","0","","0","","0","","0","","0","","","","","","","","","","23944","23944","23944","3.549","","0","","","","","0.000","4","7","","0","0","0","0.000","0","0","0","0","0","0","","","","","","1.714","Fri, 19 Jun 2026 13:06:24 GMT","","","","","1.1","","","","","","https://www.endeavorfg.com/sites/endeavorfg0425.us1.advisor.ws/files/styles/slider_s/public/images/a-guide-to-succession-planning-for-a-family-business-227626.png.webp?itok=iXvlb2wL","2026-06-19 18:36:22"
"https://www.endeavorfg.com/sites/endeavorfg0425.us1.advisor.ws/files/styles/slider_s/public/images/401k-for-small-business-10-employees-a-guide-862195.png.webp?itok=nhuKvwI3","image/webp","200","OK","Indexable","","","0","0","","0","0","","0","","0","","0","","0","","0","","","","","","","","","","19224","19224","19224","2.849","","0","","","","","0.000","4","7","","0","0","0","0.000","0","0","0","0","0","0","","","","","","1.357","Thu, 18 Jun 2026 11:04:26 GMT","","","","","1.1","","","","","","https://www.endeavorfg.com/sites/endeavorfg0425.us1.advisor.ws/files/styles/slider_s/public/images/401k-for-small-business-10-employees-a-guide-862195.png.webp?itok=nhuKvwI3","2026-06-19 18:36:23"
"https://www.endeavorfg.com/sites/endeavorfg0425.us1.advisor.ws/files/styles/slider_s/public/images/cheapest-401k-for-small-business-a-guide-to-fees-744175.png.webp?itok=Qp3AZEBG","image/webp","200","OK","Indexable","","","0","0","","0","0","","0","","0","","0","","0","","0","","","","","","","","","","18268","18268","18268","2.707","","0","","","","","0.000","4","7","","0","0","0","0.000","0","0","0","0","0","0","","","","","","1.328","Thu, 18 Jun 2026 11:34:46 GMT","","","","","1.1","","","","","","https://www.endeavorfg.com/sites/endeavorfg0425.us1.advisor.ws/files/styles/slider_s/public/images/cheapest-401k-for-small-business-a-guide-to-fees-744175.png.webp?itok=Qp3AZEBG","2026-06-19 18:36:23"
"https://www.endeavorfg.com/blogs/financial-wellness-employee-benefits","text/html; charset=UTF-8","200","OK","Indexable","","A Guide to Financial Wellness Employee Benefits | Endeavor Financial Group","74","677","Get practical tips on financial wellness employee benefits, why they matter, and how to support your team’s financial health with the right workplace programs.","159","980","","0","Financial Wellness Employee Benefits: A Simple Guide","52","","0","Key Takeaways","13","What Is Financial Wellness? (And Why It Matters for Your Team)","62","","","","https://www.endeavorfg.com/blogs/financial-wellness-employee-benefits","","","","","","126116","39649","39649","5.876","","5677","798","7.114","57.611","Fairly Hard","29.765","4","1","","8","4","0","2.140","48","24","0","16","12","0","","","","","85f76c5882a1b2a32323c0d674cb83d6","0.993","","","","","en","1.1","","","","","","https://www.endeavorfg.com/blogs/financial-wellness-employee-benefits","2026-06-19 18:36:24"
"https://www.endeavorfg.com/blogs/small-business-advisor-guide","text/html; charset=UTF-8","200","OK","Indexable","","What Is a Small Business Advisor? A Complete Guide | Endeavor Financial Group","77","714","A small business advisor offers expert guidance to help you grow, solve challenges, and make confident decisions for your business’s long-term success.","151","937","","0","What Is a Small Business Advisor & Do You Need One?","51","","0","Key Takeaways","13","What Is a Small Business Advisor?","33","","","","https://www.endeavorfg.com/blogs/small-business-advisor-guide","","","","","","124599","39888","39888","5.911","","5859","780","7.512","64.391","Normal","29.608","4","1","","7","3","0","1.600","54","24","0","8","8","0","","","","","911504a9d3f46700903208ca082415e0","1.054","","","","","en","1.1","","","","","","https://www.endeavorfg.com/blogs/small-business-advisor-guide","2026-06-19 18:36:24"
"https://www.endeavorfg.com/blog/cheapest-401k-small-business-guide-fees","text/html; charset=UTF-8","200","OK","Indexable","","6 Cheapest 401k Plans for Small Business","40","375","Find the cheapest 401k for small business by comparing fees, investment options, and features. Learn how to choose a cost-effective retirement plan.","148","922","","0","Cheapest 401k for Small Business: A Guide to Fees","49","","0","Key Takeaways","13","What Does an ""Affordable"" 401(k) Plan Actually Look Like?","57","","","","https://www.endeavorfg.com/blog/cheapest-401k-small-business-guide-fees","","","","","","130272","41547","41547","6.157","","6651","898","7.406","65.835","Normal","32.306","4","1","","6","2","0","1.070","55","23","0","11","11","0","","","","","66865ccadca9841faf348ef957ab7581","1.179","","","","","en","1.1","","","","","","https://www.endeavorfg.com/blog/cheapest-401k-small-business-guide-fees","2026-06-19 18:36:25"
"https://www.endeavorfg.com/sites/endeavorfg0425.us1.advisor.ws/files/styles/slider_s/public/images/what-is-an-independent-wealth-management-firm-a-guide-390952.png.webp?itok=s8f4QCFc","image/webp","200","OK","Indexable","","","0","0","","0","0","","0","","0","","0","","0","","0","","","","","","","","","","19750","19750","19750","2.927","","0","","","","","0.000","4","7","","0","0","0","0.000","0","0","0","0","0","0","","","","","","1.264","Thu, 18 Jun 2026 10:44:25 GMT","","","","","1.1","","","","","","https://www.endeavorfg.com/sites/endeavorfg0425.us1.advisor.ws/files/styles/slider_s/public/images/what-is-an-independent-wealth-management-firm-a-guide-390952.png.webp?itok=s8f4QCFc","2026-06-19 18:36:25"
"https://www.endeavorfg.com/sites/endeavorfg0425.us1.advisor.ws/files/styles/slider_s/public/images/the-essential-guide-to-small-business-succession-planning-925170.png.webp?itok=dMZDYn7e","image/webp","200","OK","Indexable","","","0","0","","0","0","","0","","0","","0","","0","","0","","","","","","","","","","19822","19822","19822","2.938","","0","","","","","0.000","4","7","","0","0","0","0.000","0","0","0","0","0","0","","","","","","1.777","Fri, 19 Jun 2026 13:06:26 GMT","","","","","1.1","","","","","","https://www.endeavorfg.com/sites/endeavorfg0425.us1.advisor.ws/files/styles/slider_s/public/images/the-essential-guide-to-small-business-succession-planning-925170.png.webp?itok=dMZDYn7e","2026-06-19 18:36:24"
"https://www.endeavorfg.com/sites/endeavorfg0425.us1.advisor.ws/files/styles/slider_s/public/images/financial-advisor-fee-comparison-how-to-choose-407225.png.webp?itok=yihM-GaN","image/webp","200","OK","Indexable","","","0","0","","0","0","","0","","0","","0","","0","","0","","","","","","","","","","16772","16772","16772","2.486","","0","","","","","0.000","4","7","","0","0","0","0.000","0","0","0","0","0","0","","","","","","1.686","Fri, 19 Jun 2026 13:06:27 GMT","","","","","1.1","","","","","","https://www.endeavorfg.com/sites/endeavorfg0425.us1.advisor.ws/files/styles/slider_s/public/images/financial-advisor-fee-comparison-how-to-choose-407225.png.webp?itok=yihM-GaN","2026-06-19 18:36:25"
"https://www.endeavorfg.com/sites/endeavorfg0425.us1.advisor.ws/files/styles/slider_s/public/images/financial-wellness-employee-benefits-a-simple-guide-747065.png.webp?itok=-qYvss9N","image/webp","200","OK","Indexable","","","0","0","","0","0","","0","","0","","0","","0","","0","","","","","","","","","","14530","14530","14530","2.153","","0","","","","","0.000","4","7","","0","0","0","0.000","0","0","0","0","0","0","","","","","","1.223","Thu, 18 Jun 2026 10:54:59 GMT","","","","","1.1","","","","","","https://www.endeavorfg.com/sites/endeavorfg0425.us1.advisor.ws/files/styles/slider_s/public/images/financial-wellness-employee-benefits-a-simple-guide-747065.png.webp?itok=-qYvss9N","2026-06-19 18:36:26"
"https://www.endeavorfg.com/blog/8-best-401k-plans-small-business-compared","text/html; charset=UTF-8","200","OK","Indexable","","8 Best 401k Plans for Small Business Reviewed","45","421","Find the best 401k plans for small business with this clear comparison of top providers, features, and fees to help you choose the right fit for your team.","155","931","","0","8 Best 401k Plans for Small Business Compared","45","","0","Key Takeaways","13","Is a 401k Right for Your Small Business?","40","","","","https://www.endeavorfg.com/blog/8-best-401k-plans-small-business-compared","","","","","","127605","40696","40696","6.031","","6012","814","7.386","66.176","Normal","29.869","4","1","","7","3","0","1.600","44","23","0","26","16","0","","","","","350ad81a3ac0c4b54878e978583f13a4","1.041","","","","","en","1.1","","","","","","https://www.endeavorfg.com/blog/8-best-401k-plans-small-business-compared","2026-06-19 18:36:26"
"https://www.endeavorfg.com/blog/5-time-tested-investment-strategies-match-your-financial-mindset","text/html; charset=UTF-8","200","OK","Indexable","","Investment Strategies That Match Your Mindset | Endeavor Financial","66","611","What makes one investor stick with their strategy through market swings while another panics and pulls out?Often, it comes down to mindset.Your investing mindset can shape how you make decisions, respond to volatility, and pursue financial goals.1 Without a strategy that aligns with that mindset, it’s easy to make impulsive choices or lose sight of your long-term plan.","371","2288","","0","5 Time-Tested Investment Strategies to Match Your Financial Mindset","67","","0","Contact Information","19","Our Locations","13","","","","https://www.endeavorfg.com/blog/5-time-tested-investment-strategies-match-your-financial-mindset","","","","","","91547","29583","29583","4.384","","876","137","6.394","60.987","Normal","7.130","4","1","","20","9","0","4.810","25","21","0","9","9","0","","","","","79c6a3f6a09b533f62a77acd71cf04b3","1.029","","","","","en","1.1","","","","","","https://www.endeavorfg.com/blog/5-time-tested-investment-strategies-match-your-financial-mindset","2026-06-19 18:36:26"
"https://www.endeavorfg.com/sites/endeavorfg0425.us1.advisor.ws/files/styles/slider_s/public/images/Blog_05012025.jpg.webp?itok=R2do3zvI","image/webp","200","OK","Indexable","","","0","0","","0","0","","0","","0","","0","","0","","0","","","","","","","","","","5222","5222","5222","0.774","","0","","","","","0.000","4","7","","0","0","0","0.000","0","0","0","0","0","0","","","","","","1.351","Fri, 19 Jun 2026 13:06:27 GMT","","","","","1.1","","","","","","https://www.endeavorfg.com/sites/endeavorfg0425.us1.advisor.ws/files/styles/slider_s/public/images/Blog_05012025.jpg.webp?itok=R2do3zvI","2026-06-19 18:36:26"
"https://www.endeavorfg.com/blog/new-face-fraud-how-ai-changing-scam-game","text/html; charset=UTF-8","200","OK","Indexable","","AI-Driven Financial Fraud Risks: How AI Changes Scam Tactics | En","65","593","Technology has changed nearly everything about the way we live, work, and connect including how scammers operate.Once upon a time, scams came in the form of clunky emails riddled with typos or too-good-to-be-true lottery wins. These days? The tactics are smoother, the impersonations more believable, and the emotional pressure far more calculated.Why the shift?Two letters: AI.","378","2373","","0","The New Face of Fraud: How AI Is Changing the Scam Game","55","","0","Contact Information","19","Our Locations","13","","","","https://www.endeavorfg.com/blog/new-face-fraud-how-ai-changing-scam-game","","","","","","89263","29653","29653","4.395","","825","155","5.323","65.252","Normal","6.870","4","1","","9","3","0","1.600","25","21","0","11","11","0","","","","","c0aacd3c68090c09f3965b6bab225989","0.977","","","","","en","1.1","","","","","","https://www.endeavorfg.com/blog/new-face-fraud-how-ai-changing-scam-game","2026-06-19 18:36:27"
"https://www.endeavorfg.com/sites/endeavorfg0425.us1.advisor.ws/files/styles/max_325x325/public/images/a-guide-to-succession-planning-for-business-owners-483233.png.webp?itok=8h0OC8dV","image/webp","200","OK","Indexable","","","0","0","","0","0","","0","","0","","0","","0","","0","","","","","","","","","","7830","7830","7830","1.160","","0","","","","","0.000","4","7","","0","0","0","0.000","0","0","0","0","0","0","","","","","","1.021","Thu, 18 Jun 2026 01:29:43 GMT","","","","","1.1","","","","","","https://www.endeavorfg.com/sites/endeavorfg0425.us1.advisor.ws/files/styles/max_325x325/public/images/a-guide-to-succession-planning-for-business-owners-483233.png.webp?itok=8h0OC8dV","2026-06-19 18:36:27"
"https://www.endeavorfg.com/category/technology","text/html; charset=UTF-8","200","OK","Indexable","","Technology | Endeavor Financial Group","37","344","","0","0","","0","Technology","10","","0","Contact Information","19","Our Locations","13","","","","","","","","","","85117","27626","27626","4.094","","131","34","3.853","77.639","Fairly Easy","2.015","4","1","","6","3","0","1.600","29","22","0","8","8","0","","","","","34b160dd9a25f5b5fa26d5f14f996c89","1.142","","","","","en","1.1","","","","","","https://www.endeavorfg.com/category/technology","2026-06-19 18:36:27"
"https://www.endeavorfg.com/blog/guide-succession-planning-family-business","text/html; charset=UTF-8","200","OK","Indexable","","The Ultimate Guide to Succession Planning Family Business","57","534","Succession planning family business made simple—learn practical steps to secure your legacy, prepare successors, and keep your business thriving for generations.","161","1007","","0","A Guide to Succession Planning for a Family Business","52","","0","Key Takeaways","13","What is Succession Planning for a Family Business?","50","","","","https://www.endeavorfg.com/blog/guide-succession-planning-family-business","","","","","","114807","36917","36917","5.471","","4097","552","7.422","58.990","Fairly Hard","23.344","4","1","","9","5","0","2.670","48","23","0","15","13","0","","","","","fc0a2aeb205da0f1f8ec4ac80057a473","1.142","","","","","en","1.1","","","","","","https://www.endeavorfg.com/blog/guide-succession-planning-family-business","2026-06-19 18:36:27"
"https://www.endeavorfg.com/sites/endeavorfg0425.us1.advisor.ws/files/styles/slider_s/public/images/why-financial-wellness-is-a-must-have-employee-benefit-329907.png.webp?itok=utX0MCKv","image/webp","200","OK","Indexable","","","0","0","","0","0","","0","","0","","0","","0","","0","","","","","","","","","","17806","17806","17806","2.639","","0","","","","","0.000","4","7","","0","0","0","0.000","0","0","0","0","0","0","","","","","","0.095","Tue, 16 Jun 2026 01:09:24 GMT","","","","","1.1","","","","","","https://www.endeavorfg.com/sites/endeavorfg0425.us1.advisor.ws/files/styles/slider_s/public/images/why-financial-wellness-is-a-must-have-employee-benefit-329907.png.webp?itok=utX0MCKv","2026-06-19 18:36:28"
"https://www.endeavorfg.com/sites/endeavorfg0425.us1.advisor.ws/files/styles/slider_s/public/images/small-business-financial-advisor-cost-a-full-guide-279184.png.webp?itok=Kbu_70hN","image/webp","200","OK","Indexable","","","0","0","","0","0","","0","","0","","0","","0","","0","","","","","","","","","","13394","13394","13394","1.985","","0","","","","","0.000","4","7","","0","0","0","0.000","0","0","0","0","0","0","","","","","","0.050","Tue, 16 Jun 2026 01:09:25 GMT","","","","","1.1","","","","","","https://www.endeavorfg.com/sites/endeavorfg0425.us1.advisor.ws/files/styles/slider_s/public/images/small-business-financial-advisor-cost-a-full-guide-279184.png.webp?itok=Kbu_70hN","2026-06-19 18:36:28"
"https://www.endeavorfg.com/sites/endeavorfg0425.us1.advisor.ws/files/styles/slider_s/public/images/how-to-create-a-business-succession-plan-in-9-steps-344138.png.webp?itok=-OzwyNR2","image/webp","200","OK","Indexable","","","0","0","","0","0","","0","","0","","0","","0","","0","","","","","","","","","","15584","15584","15584","2.310","","0","","","","","0.000","4","7","","0","0","0","0.000","0","0","0","0","0","0","","","","","","0.081","Tue, 16 Jun 2026 01:09:40 GMT","","","","","1.1","","","","","","https://www.endeavorfg.com/sites/endeavorfg0425.us1.advisor.ws/files/styles/slider_s/public/images/how-to-create-a-business-succession-plan-in-9-steps-344138.png.webp?itok=-OzwyNR2","2026-06-19 18:36:28"
"https://www.endeavorfg.com/sites/endeavorfg0425.us1.advisor.ws/files/styles/slider_s/public/images/is-a-fiduciary-financial-advisor-worth-it-for-you-984147.png.webp?itok=L8vYzVjZ","image/webp","200","OK","Indexable","","","0","0","","0","0","","0","","0","","0","","0","","0","","","","","","","","","","21740","21740","21740","3.222","","0","","","","","0.000","4","7","","0","0","0","0.000","0","0","0","0","0","0","","","","","","0.104","Tue, 16 Jun 2026 01:09:27 GMT","","","","","1.1","","","","","","https://www.endeavorfg.com/sites/endeavorfg0425.us1.advisor.ws/files/styles/slider_s/public/images/is-a-fiduciary-financial-advisor-worth-it-for-you-984147.png.webp?itok=L8vYzVjZ","2026-06-19 18:36:28"
"https://www.endeavorfg.com/blog/succession-planning-examples-guide","text/html; charset=UTF-8","200","OK","Indexable","","9 Succession Planning Examples to Build Your Strategy","53","490","See real succession planning examples and learn practical steps to create a strong, future-ready plan for your business or organization.","136","832","","0","Real Succession Planning Examples to Guide Your Plan","52","","0","Key Takeaways","13","What is Succession Planning (And Why Does It Matter)?","53","","","","https://www.endeavorfg.com/blog/succession-planning-examples-guide","","","","","","126004","40520","40520","6.005","","5863","816","7.185","61.928","Normal","30.095","4","1","","8","4","0","2.140","47","23","0","16","12","0","","","","","5289fe206108ae163de6f11fe9f9113a","1.054","","","","","en","1.1","","","","","","https://www.endeavorfg.com/blog/succession-planning-examples-guide","2026-06-19 18:36:27"
"https://www.endeavorfg.com/small-business-financial-advisor-cost","text/html; charset=UTF-8","200","OK","Indexable","","How Much Does a Small Business Financial Advisor Cost?","54","513","Get clear answers on small business financial advisor cost, common fee structures, and tips to find the right advisor for your business needs.","142","866","","0","Small Business Financial Advisor Cost: A Full Guide","51","","0","Key Takeaways","13","How much does a small business financial advisor cost?","54","","","","https://www.endeavorfg.com/small-business-financial-advisor-cost","","","","","","125370","39863","39863","5.908","","5735","767","7.477","59.165","Fairly Hard","29.327","4","0","","6","2","0","1.070","56","24","0","9","9","0","","","","","89867e70ed0f9961eda106f776f205c8","1.031","","","","","en","1.1","","","","","","https://www.endeavorfg.com/small-business-financial-advisor-cost","2026-06-19 18:36:28"
"https://www.endeavorfg.com/employee-financial-wellness-programs-examples","text/html; charset=UTF-8","200","OK","Indexable","","8 Employee Financial Wellness Program Examples | Endeavor Financial Group","73","691","Find employee financial wellness programs examples that truly work, with practical ideas to support your team’s financial health and boost workplace satisfaction.","162","1003","","0","8 Employee Financial Wellness Programs Examples That Work","57","","0","Key Takeaways","13","What is an Employee Financial Wellness Program?","47","","","","https://www.endeavorfg.com/employee-financial-wellness-programs-examples","","","","","","132450","42046","42046","6.231","","6494","875","7.422","57.460","Fairly Hard","32.088","4","0","","9","3","0","1.600","47","23","0","18","12","0","","","","","c13a665a1504fefc3b765d39db50fb06","1.010","","","","","en","1.1","","","","","","https://www.endeavorfg.com/employee-financial-wellness-programs-examples","2026-06-19 18:36:28"
"https://www.endeavorfg.com/is-a-fiduciary-financial-advisor-worth-it","text/html; charset=UTF-8","200","OK","Indexable","","Is a Fiduciary Financial Advisor Worth It? | Endeavor Financial Group","69","600","Wondering is a fiduciary financial advisor worth it? Learn what to expect, how fees work, and if this client-first approach fits your financial goals.","150","887","","0","Is a Fiduciary Financial Advisor Worth It for You?","50","","0","Key Takeaways","13","What Exactly Is a Fiduciary Financial Advisor?","46","","","","https://www.endeavorfg.com/is-a-fiduciary-financial-advisor-worth-it","","","","","","121517","38246","38246","5.668","","5071","703","7.213","58.525","Fairly Hard","26.607","4","0","","9","3","0","1.600","57","25","0","11","10","0","","","","","b114f15c2761b46cfd864cb75fe88e78","0.972","","","","","en","1.1","","","","","","https://www.endeavorfg.com/is-a-fiduciary-financial-advisor-worth-it","2026-06-19 18:36:28"
"https://www.endeavorfg.com/how-to-create-business-succession-plan","text/html; charset=UTF-8","200","OK","Indexable","","How to Create a Business Succession Plan (Step-by-Step)","55","513","Learn how to create a business succession plan in 9 clear steps to protect your company, secure your legacy, and prepare for a smooth leadership transition.","156","965","","0","How to Create a Business Succession Plan in 9 Steps","51","","0","Key Takeaways","13","What Is a Business Succession Plan (and Why Do You Need One)?","61","","","","https://www.endeavorfg.com/how-to-create-business-succession-plan","","","","","","127278","40853","40853","6.054","","5973","807","7.401","58.705","Fairly Hard","30.356","4","0","","6","2","0","1.070","53","23","0","9","9","0","","","","","6b8d3c5bd1998193ba518d2c9734e366","1.057","","","","","en","1.1","","","","","","https://www.endeavorfg.com/how-to-create-business-succession-plan","2026-06-19 18:36:28"
"https://www.endeavorfg.com/sites/endeavorfg0425.us1.advisor.ws/files/styles/slider_s/public/images/8-employee-financial-wellness-programs-examples-that-work-298631.png.webp?itok=A1c8uBby","image/webp","200","OK","Indexable","","","0","0","","0","0","","0","","0","","0","","0","","0","","","","","","","","","","23098","23098","23098","3.423","","0","","","","","0.000","4","7","","0","0","0","0.000","0","0","0","0","0","0","","","","","","1.314","Thu, 18 Jun 2026 12:22:56 GMT","","","","","1.1","","","","","","https://www.endeavorfg.com/sites/endeavorfg0425.us1.advisor.ws/files/styles/slider_s/public/images/8-employee-financial-wellness-programs-examples-that-work-298631.png.webp?itok=A1c8uBby","2026-06-19 18:36:28"
"https://www.endeavorfg.com/category/financial-wellness","text/html; charset=UTF-8","200","OK","Indexable","","financial wellness | Endeavor Financial Group","45","401","","0","0","","0","financial wellness","18","","0","Contact Information","19","Our Locations","13","","","","","","","","","","86405","27664","27664","4.100","","124","32","3.875","66.450","Normal","2.006","4","1","","6","3","0","1.600","29","22","0","8","8","0","","","","","a94e29f5a7f72e0856ea89462f57dbfc","1.013","","","","","en","1.1","","","","","","https://www.endeavorfg.com/category/financial-wellness","2026-06-19 18:36:29"
"https://www.endeavorfg.com/category/financial-advisor","text/html; charset=UTF-8","200","OK","Indexable","","Financial Advisor | Endeavor Financial Group","44","394","","0","0","","0","Financial Advisor","17","","0","Contact Information","19","Our Locations","13","","","","","","","","","","86349","27669","27669","4.101","","128","33","3.879","64.762","Normal","1.998","4","1","","6","3","0","1.600","29","22","0","8","8","0","","","","","50759731e6e7a33b2ec3337c3613e8e6","1.064","","","","","en","1.1","","","","","","https://www.endeavorfg.com/category/financial-advisor","2026-06-19 18:36:29"
"https://www.endeavorfg.com/financial-wellness-employee-benefit","text/html; charset=UTF-8","200","OK","Indexable","","Financial Wellness: A Must-Have Employee Benefit","48","452","Learn why financial wellness is a must have employee benefit and how it supports your team’s well-being, productivity, and long-term job satisfaction.","150","921","","0","Why Financial Wellness Is a Must-Have Employee Benefit","54","","0","Key Takeaways","13","What Is Financial Wellness and Why Does It Matter?","50","","","","https://www.endeavorfg.com/financial-wellness-employee-benefit","","","","","","122442","38791","38791","5.749","","5059","706","7.166","57.921","Fairly Hard","27.256","4","0","","6","2","0","1.070","51","22","0","14","12","0","","","","","8a473fd5d648c86585be8a18ebab09cd","0.977","","","","","en","1.1","","","","","","https://www.endeavorfg.com/financial-wellness-employee-benefit","2026-06-19 18:36:29"
"https://www.endeavorfg.com/category/essential-list","text/html; charset=UTF-8","200","OK","Indexable","","essential list | Endeavor Financial Group","41","355","","0","0","","0","essential list","14","","0","Contact Information","19","Our Locations","13","","","","","","","","","","86310","27680","27680","4.102","","130","34","3.824","74.753","Fairly Easy","2.001","4","1","","6","3","0","1.600","29","22","0","8","8","0","","","","","74775e5a3ff2dc4dfb9e784116696ad0","1.055","","","","","en","1.1","","","","","","https://www.endeavorfg.com/category/essential-list","2026-06-19 18:36:30"
"https://www.endeavorfg.com/sites/endeavorfg0425.us1.advisor.ws/files/styles/slider_s/public/images/10-things-to-do-before-you-retire-the-essential-list-737901.png.webp?itok=dEOueabv","image/webp","200","OK","Indexable","","","0","0","","0","0","","0","","0","","0","","0","","0","","","","","","","","","","18032","18032","18032","2.672","","0","","","","","0.000","4","7","","0","0","0","0.000","0","0","0","0","0","0","","","","","","0.979","Fri, 19 Jun 2026 13:06:31 GMT","","","","","1.1","","","","","","https://www.endeavorfg.com/sites/endeavorfg0425.us1.advisor.ws/files/styles/slider_s/public/images/10-things-to-do-before-you-retire-the-essential-list-737901.png.webp?itok=dEOueabv","2026-06-19 18:36:30"
"https://www.endeavorfg.com/sites/endeavorfg0425.us1.advisor.ws/files/styles/slider_s/public/images/fiduciary-vs-non-fiduciary-whats-the-difference-232506.png.webp?itok=nds0v2yJ","image/webp","200","OK","Indexable","","","0","0","","0","0","","0","","0","","0","","0","","0","","","","","","","","","","16014","16014","16014","2.373","","0","","","","","0.000","4","7","","0","0","0","0.000","0","0","0","0","0","0","","","","","","1.657","Fri, 19 Jun 2026 13:06:31 GMT","","","","","1.1","","","","","","https://www.endeavorfg.com/sites/endeavorfg0425.us1.advisor.ws/files/styles/slider_s/public/images/fiduciary-vs-non-fiduciary-whats-the-difference-232506.png.webp?itok=nds0v2yJ","2026-06-19 18:36:30"
"https://www.endeavorfg.com/sites/endeavorfg0425.us1.advisor.ws/files/styles/slider_s/public/images/the-essential-pre-retirement-financial-planning-checklist-483417.png.webp?itok=7TROBzXO","image/webp","200","OK","Indexable","","","0","0","","0","0","","0","","0","","0","","0","","0","","","","","","","","","","16084","16084","16084","2.384","","0","","","","","0.000","4","7","","0","0","0","0.000","0","0","0","0","0","0","","","","","","1.199","Thu, 18 Jun 2026 11:29:29 GMT","","","","","1.1","","","","","","https://www.endeavorfg.com/sites/endeavorfg0425.us1.advisor.ws/files/styles/slider_s/public/images/the-essential-pre-retirement-financial-planning-checklist-483417.png.webp?itok=7TROBzXO","2026-06-19 18:36:30"
"https://www.endeavorfg.com/10-things-to-do-before-you-retire","text/html; charset=UTF-8","200","OK","Indexable","","10 Things to Do Before You Retire: A Checklist | Endeavor Financial Group","73","652","Get practical tips on the 10 things to do before you retire, from organizing your finances to planning your lifestyle for a confident, stress-free retirement.","158","930","","0","10 Things to Do Before You Retire: The Essential List","53","","0","Key Takeaways","13","Get a Clear View of Your Finances","33","","","","https://www.endeavorfg.com/10-things-to-do-before-you-retire","","","","","","121673","39236","39236","5.815","","5265","708","7.436","65.887","Normal","26.969","4","0","","9","3","0","1.600","54","24","0","9","9","0","","","","","396c48afcbbd5fef2d194f1a2fbc76f","0.967","","","","","en","1.1","","","","","","https://www.endeavorfg.com/10-things-to-do-before-you-retire","2026-06-19 18:36:30"
"https://www.endeavorfg.com/pre-retirement-financial-planning","text/html; charset=UTF-8","200","OK","Indexable","","9-Step Pre-Retirement Financial Planning Checklist | Endeavor Financial Group","77","697","Get practical steps for pre retirement financial planning. Build confidence with a clear checklist covering savings, investments, Social Security, and healthcare.","162","968","","0","The Essential Pre-Retirement Financial Planning Checklist","57","","0","Key Takeaways","13","What Is Pre-Retirement Financial Planning?","42","","","","https://www.endeavorfg.com/pre-retirement-financial-planning","","","","","","126147","40239","40239","5.963","","5665","763","7.425","62.072","Normal","28.591","4","0","","9","3","0","1.600","54","25","0","19","16","0","","","","","86821e2e62499202119f9fb2ba5d816e","0.992","","","","","en","1.1","","","","","","https://www.endeavorfg.com/pre-retirement-financial-planning","2026-06-19 18:36:31"
"https://www.endeavorfg.com/category/fiduciary","text/html; charset=UTF-8","200","OK","Indexable","","fiduciary | Endeavor Financial Group","36","318","","0","0","","0","fiduciary","9","","0","Contact Information","19","Our Locations","13","","","","","","","","","","86256","27668","27668","4.100","","123","34","3.618","60.100","Normal","1.981","4","1","","6","3","0","1.600","29","22","0","8","8","0","","","","","33840b7609e3bb2236705921c0135c93","1.016","","","","","en","1.1","","","","","","https://www.endeavorfg.com/category/fiduciary","2026-06-19 18:36:31"
"https://www.endeavorfg.com/fiduciary-vs-non-fiduciary-advisor","text/html; charset=UTF-8","200","OK","Indexable","","Fiduciary vs Non Fiduciary: What's the Difference? | Endeavor Financial Group","77","684","Learn the key differences between a fiduciary vs non fiduciary financial advisor, including legal duties, fee structures, and what to ask before choosing one.","158","951","","0","Fiduciary vs Non Fiduciary: What's the Difference?","50","","0","Key Takeaways","13","What is a Fiduciary Financial Advisor?","38","","","","https://www.endeavorfg.com/fiduciary-vs-non-fiduciary-advisor","","","","","","115925","36716","36716","5.441","","4274","601","7.111","56.030","Fairly Hard","24.012","4","0","","9","3","0","1.600","46","25","0","11","10","0","","","","","bd688f9d852af6e0eaf8f6df76e541c5","0.997","","","","","en","1.1","","","","","","https://www.endeavorfg.com/fiduciary-vs-non-fiduciary-advisor","2026-06-19 18:36:32"
"https://www.endeavorfg.com/how-to-create-retirement-budget","text/html; charset=UTF-8","200","OK","Indexable","","How to Create a Retirement Budget That Lasts | Endeavor Financial Group","71","659","Learn how to create a retirement budget with practical steps for managing income, expenses, and planning a secure, stress-free retirement lifestyle.","148","907","","0","How to Create a Retirement Budget: A Step-by-Step Guide","55","","0","Key Takeaways","13","What Is a Retirement Budget and Why Do You Need One?","52","","","","https://www.endeavorfg.com/how-to-create-retirement-budget","","","","","","119443","38268","38268","5.671","","4947","678","7.296","63.303","Normal","26.114","4","0","","6","2","0","1.070","52","25","0","10","10","0","","","","","af20eccf6e5f6621570925897b108823","1.045","","","","","en","1.1","","","","","","https://www.endeavorfg.com/how-to-create-retirement-budget","2026-06-19 18:36:31"
"https://www.endeavorfg.com/category/financial-partners","text/html; charset=UTF-8","200","OK","Indexable","","financial partners | Endeavor Financial Group","45","398","","0","0","","0","financial partners","18","","0","Contact Information","19","Our Locations","13","","","","","","","","","","86338","27676","27676","4.102","","127","33","3.848","63.705","Normal","2.018","4","1","","6","3","0","1.600","29","22","0","8","8","0","","","","","c53f97c0ba22e2c8d3b0e0e1c84e0076","0.985","","","","","en","1.1","","","","","","https://www.endeavorfg.com/category/financial-partners","2026-06-19 18:36:32"
"https://www.endeavorfg.com/sites/endeavorfg0425.us1.advisor.ws/files/styles/slider_s/public/images/how-to-create-a-retirement-budget-a-step-by-step-guide-232064.png.webp?itok=Lgjt4bFE","image/webp","200","OK","Indexable","","","0","0","","0","0","","0","","0","","0","","0","","0","","","","","","","","","","14932","14932","14932","2.213","","0","","","","","0.000","4","7","","0","0","0","0.000","0","0","0","0","0","0","","","","","","1.856","Fri, 19 Jun 2026 13:06:33 GMT","","","","","1.1","","","","","","https://www.endeavorfg.com/sites/endeavorfg0425.us1.advisor.ws/files/styles/slider_s/public/images/how-to-create-a-retirement-budget-a-step-by-step-guide-232064.png.webp?itok=Lgjt4bFE","2026-06-19 18:36:31"
"https://www.endeavorfg.com/holistic-financial-partners","text/html; charset=UTF-8","200","OK","Indexable","","Holistic Financial Partners: A Complete Guide | Endeavor Financial Group","72","648","Holistic financial partners help you connect every part of your financial life, offering guidance on investments, retirement, taxes, and major life changes.","156","928","","0","Holistic Financial Partners: What They Do & Why It Matters","58","","0","Key Takeaways","13","What Is a Holistic Financial Partner?","37","","","","https://www.endeavorfg.com/holistic-financial-partners","","","","","","111271","35435","35435","5.251","","3545","486","7.294","57.700","Fairly Hard","20.912","4","0","","9","3","0","1.600","46","23","0","8","8","0","","","","","242e8d19778c44f30bf02e3ac3282b85","0.986","","","","","en","1.1","","","","","","https://www.endeavorfg.com/holistic-financial-partners","2026-06-19 18:36:32"
"https://www.endeavorfg.com/4-types-of-pension-plans","text/html; charset=UTF-8","200","OK","Indexable","","4 Types of Pension Plans: Which Is Right for You? | Endeavor Financial Group","76","680","Get a clear, friendly overview of the 4 types of pension plans, including pros, cons, and tips to help you choose the best fit for your retirement goals.","153","901","","0","The 4 Types of Pension Plans: A Simple Breakdown","48","","0","Key Takeaways","13","What Are the 4 Main Types of Pension Plans?","43","","","","https://www.endeavorfg.com/4-types-of-pension-plans","","","","","","111647","35640","35640","5.282","","3712","518","7.166","66.485","Normal","21.053","4","0","","6","2","0","1.070","39","24","0","17","15","0","","","","","aea8f005caf1c49529f1942c74858688","0.986","","","","","en","1.1","","","","","","https://www.endeavorfg.com/4-types-of-pension-plans","2026-06-19 18:36:33"
"https://www.endeavorfg.com/sites/endeavorfg0425.us1.advisor.ws/files/styles/slider_s/public/images/the-4-types-of-pension-plans-a-simple-breakdown-579311.png.webp?itok=Y0TzwLf7","image/webp","200","OK","Indexable","","","0","0","","0","0","","0","","0","","0","","0","","0","","","","","","","","","","17034","17034","17034","2.524","","0","","","","","0.000","4","7","","0","0","0","0.000","0","0","0","0","0","0","","","","","","1.226","Thu, 18 Jun 2026 14:16:46 GMT","","","","","1.1","","","","","","https://www.endeavorfg.com/sites/endeavorfg0425.us1.advisor.ws/files/styles/slider_s/public/images/the-4-types-of-pension-plans-a-simple-breakdown-579311.png.webp?itok=Y0TzwLf7","2026-06-19 18:36:33"
"https://www.endeavorfg.com/sites/endeavorfg0425.us1.advisor.ws/files/styles/slider_s/public/images/holistic-financial-partners-what-they-do-why-it-matters-974253.png.webp?itok=FZEOFFmb","image/webp","200","OK","Indexable","","","0","0","","0","0","","0","","0","","0","","0","","0","","","","","","","","","","21464","21464","21464","3.181","","0","","","","","0.000","4","7","","0","0","0","0.000","0","0","0","0","0","0","","","","","","1.239","Thu, 18 Jun 2026 13:47:43 GMT","","","","","1.1","","","","","","https://www.endeavorfg.com/sites/endeavorfg0425.us1.advisor.ws/files/styles/slider_s/public/images/holistic-financial-partners-what-they-do-why-it-matters-974253.png.webp?itok=FZEOFFmb","2026-06-19 18:36:33"
"https://www.endeavorfg.com/sites/endeavorfg0425.us1.advisor.ws/files/styles/max_325x325/public/images/sep-retirement-plans-for-small-businesses-a-simple-guide-557169.png.webp?itok=cnzpTYZ2","image/webp","200","OK","Indexable","","","0","0","","0","0","","0","","0","","0","","0","","0","","","","","","","","","","10752","10752","10752","1.593","","0","","","","","0.000","4","7","","0","0","0","0.000","0","0","0","0","0","0","","","","","","1.293","Wed, 17 Jun 2026 06:18:24 GMT","","","","","1.1","","","","","","https://www.endeavorfg.com/sites/endeavorfg0425.us1.advisor.ws/files/styles/max_325x325/public/images/sep-retirement-plans-for-small-businesses-a-simple-guide-557169.png.webp?itok=cnzpTYZ2","2026-06-19 18:36:33"
"https://www.endeavorfg.com/blogs/small-business-retirement-plans-chart","text/html; charset=UTF-8","200","OK","Indexable","","4 Small Business Retirement Plans: A Comparison Chart | Endeavor Financial Group","80","744","Find the best fit for your team with this small business retirement plans comparison chart. Compare features, costs, and benefits in one easy-to-read guide.","156","954","","0","The Ultimate Small Business Retirement Plans Comparison Chart","61","","0","Key Takeaways","13","What Retirement Plans Can Your Small Business Offer?","52","","","","https://www.endeavorfg.com/blogs/small-business-retirement-plans-chart","","","","","","119672","38240","38240","5.667","","5013","656","7.642","63.698","Normal","26.681","4","1","","9","5","0","2.670","41","24","0","15","12","0","","","","","606c468417ce8f78d8ae23eb95c48f09","1.126","","","","","en","1.1","","","","","","https://www.endeavorfg.com/blogs/small-business-retirement-plans-chart","2026-06-19 18:36:33"
"https://www.endeavorfg.com/blogs/3-types-retirement-accounts","text/html; charset=UTF-8","200","OK","Indexable","","The 3 Types of Retirement Accounts Explained | Endeavor Financial Group","71","657","Get clear on the 3 types of retirement accounts and learn how to choose the right one for your goals, taxes, and future financial security.","139","837","","0","3 Types of Retirement Accounts: Which Should You Choose?","56","","0","Key Takeaways","13","401(k)s, Traditional IRAs, and Roth IRAs: What's the Difference?","64","","","","https://www.endeavorfg.com/blogs/3-types-retirement-accounts","","","","","","119751","38183","38183","5.659","","5334","698","7.642","71.433","Fairly Easy","26.878","4","1","","13","5","0","2.670","42","25","0","14","13","0","","","","","6bb91adc2b594a2aca53e5a5b43e37b3","1.015","","","","","en","1.1","","","","","","https://www.endeavorfg.com/blogs/3-types-retirement-accounts","2026-06-19 18:36:34"
"https://www.endeavorfg.com/401k-small-business-10-employees","text/html; charset=UTF-8","200","OK","Indexable","","How to Start a 401k for Your Small Business | Endeavor Financial Group","70","635","Find out how a 401k for small business less than 10 employees works, including plan options, costs, tax benefits, and steps to set up your own retirement plan.","159","976","","0","401k for Small Business <10 Employees: A Guide","46","","0","Key Takeaways","13","Exploring 401(k) Options for Your Small Business","48","","","","https://www.endeavorfg.com/401k-small-business-10-employees","","","","","","121971","39009","39009","5.781","","5462","721","7.576","69.117","Normal","28.094","4","0","","9","5","0","2.670","51","24","0","9","9","0","","","","","51d8e01696c6b7b598653971f26692e0","0.998","","","","","en","1.1","","","","","","https://www.endeavorfg.com/401k-small-business-10-employees","2026-06-19 18:36:34"
"https://www.endeavorfg.com/sites/endeavorfg0425.us1.advisor.ws/files/styles/max_325x325/public/images/AW102024.jpg.webp?itok=huc8XXny","image/webp","200","OK","Indexable","","","0","0","","0","0","","0","","0","","0","","0","","0","","","","","","","","","","14422","14422","14422","2.137","","0","","","","","0.000","4","7","","0","0","0","0.000","0","0","0","0","0","0","","","","","","0.066","Tue, 16 Jun 2026 01:12:57 GMT","","","","","1.1","","","","","","https://www.endeavorfg.com/sites/endeavorfg0425.us1.advisor.ws/files/styles/max_325x325/public/images/AW102024.jpg.webp?itok=huc8XXny","2026-06-19 18:36:35"
"https://www.endeavorfg.com/sites/endeavorfg0425.us1.advisor.ws/files/styles/max_325x325/public/images/Blog_AW28_2025.jpg.webp?itok=5BGcqkVE","image/webp","200","OK","Indexable","","","0","0","","0","0","","0","","0","","0","","0","","0","","","","","","","","","","11458","11458","11458","1.698","","0","","","","","0.000","4","7","","0","0","0","0.000","0","0","0","0","0","0","","","","","","1.039","Thu, 18 Jun 2026 00:09:35 GMT","","","","","1.1","","","","","","https://www.endeavorfg.com/sites/endeavorfg0425.us1.advisor.ws/files/styles/max_325x325/public/images/Blog_AW28_2025.jpg.webp?itok=5BGcqkVE","2026-06-19 18:36:34"
"https://www.endeavorfg.com/sites/endeavorfg0425.us1.advisor.ws/files/styles/slider_s/public/images/Blog_031825.jpg.webp?itok=iCFZs-D6","image/webp","200","OK","Indexable","","","0","0","","0","0","","0","","0","","0","","0","","0","","","","","","","","","","24240","24240","24240","3.592","","0","","","","","0.000","4","7","","0","0","0","0.000","0","0","0","0","0","0","","","","","","0.091","Tue, 16 Jun 2026 01:08:33 GMT","","","","","1.1","","","","","","https://www.endeavorfg.com/sites/endeavorfg0425.us1.advisor.ws/files/styles/slider_s/public/images/Blog_031825.jpg.webp?itok=iCFZs-D6","2026-06-19 18:36:35"
"https://www.endeavorfg.com/sites/endeavorfg0425.us1.advisor.ws/files/styles/max_325x325/public/images/organization-tips-time-off-taxes.jpg.webp?itok=jGFItqtb","image/webp","200","OK","Indexable","","","0","0","","0","0","","0","","0","","0","","0","","0","","","","","","","","","","4196","4196","4196","0.622","","0","","","","","0.000","4","7","","0","0","0","0.000","0","0","0","0","0","0","","","","","","1.046","Wed, 17 Jun 2026 09:15:12 GMT","","","","","1.1","","","","","","https://www.endeavorfg.com/sites/endeavorfg0425.us1.advisor.ws/files/styles/max_325x325/public/images/organization-tips-time-off-taxes.jpg.webp?itok=jGFItqtb","2026-06-19 18:36:35"
"https://www.endeavorfg.com/blog/financial-spring-cleaning-8-ways-refresh-your-finances","text/html; charset=UTF-8","200","OK","Indexable","","Spring Financial Refresh Plan2026 | Endeavor Financial Group","60","547","As spring arrives and the weather warms up, many people turn their attention to cleaning out closets and organizing their homes. According to a recent survey, about 80% of Americans have spring cleaning on their radar this year.1 While most focus on the physical space, spring is also a great time to get your financial house in order.Refreshing your financial habits can reduce stress, provide structure, and uncover new opportunities to save money and time. It's a smart way to prepare for the busy summer months and beyond.","526","3248","","0","Financial Spring Cleaning: 8 Ways To Refresh Your Finances","58","","0","Contact Information","19","Our Locations","13","","","","https://www.endeavorfg.com/blog/financial-spring-cleaning-8-ways-refresh-your-finances","","","","","","95606","31051","31051","4.602","","1319","228","5.785","59.407","Fairly Hard","9.837","4","1","","22","11","0","5.880","27","23","0","11","11","0","","","","","d4a7a5e3b29758b072ccc70da2c629a7","1.076","","","","","en","1.1","","","","","","https://www.endeavorfg.com/blog/financial-spring-cleaning-8-ways-refresh-your-finances","2026-06-19 18:36:35"
"https://www.endeavorfg.com/sites/endeavorfg0425.us1.advisor.ws/files/styles/slider_s/public/images/Blog_052025.jpg.webp?itok=qWXBolyf","image/webp","200","OK","Indexable","","","0","0","","0","0","","0","","0","","0","","0","","0","","","","","","","","","","21242","21242","21242","3.148","","0","","","","","0.000","4","7","","0","0","0","0.000","0","0","0","0","0","0","","","","","","1.359","Thu, 18 Jun 2026 10:48:39 GMT","","","","","1.1","","","","","","https://www.endeavorfg.com/sites/endeavorfg0425.us1.advisor.ws/files/styles/slider_s/public/images/Blog_052025.jpg.webp?itok=qWXBolyf","2026-06-19 18:36:36"
"https://www.endeavorfg.com/blog/5-tax-saving-strategies-keep-more-your-money","text/html; charset=UTF-8","200","OK","Indexable","","5 Tax-Saving Strategies to Keep More of Your Money | Endeavor Financial Group","77","712","Tax season doesn’t have to feel like an uphill battle. With the right strategies, you can minimize your tax bill and keep more of your hard-earned money where it belongs, in your pocket.Whether you’re a DIY tax filer or rely on a pro, understanding these key moves can help you make smarter financial decisions and sidestep costly mistakes. Let’s dive in.","355","2144","","0","5 Tax-Saving Strategies to Keep More of Your Money","50","","0","Contact Information","19","Our Locations","13","","","","https://www.endeavorfg.com/blog/5-tax-saving-strategies-keep-more-your-money","","","","","","94058","30339","30339","4.496","","1067","209","5.105","62.900","Normal","8.172","4","1","","12","4","0","2.140","26","22","0","14","13","0","","","","","504e6d4a85e9e59a705e5c61ca5a1ab3","0.988","","","","","en","1.1","","","","","","https://www.endeavorfg.com/blog/5-tax-saving-strategies-keep-more-your-money","2026-06-19 18:36:36"
"https://www.endeavorfg.com/sites/endeavorfg0425.us1.advisor.ws/files/styles/slider_s/public/images/Blog_6Pillars_4125.jpg.webp?itok=ie7oUdIO","image/webp","200","OK","Indexable","","","0","0","","0","0","","0","","0","","0","","0","","0","","","","","","","","","","13846","13846","13846","2.052","","0","","","","","0.000","4","7","","0","0","0","0.000","0","0","0","0","0","0","","","","","","0.399","Thu, 18 Jun 2026 10:55:06 GMT","","","","","1.1","","","","","","https://www.endeavorfg.com/sites/endeavorfg0425.us1.advisor.ws/files/styles/slider_s/public/images/Blog_6Pillars_4125.jpg.webp?itok=ie7oUdIO","2026-06-19 18:36:37"
"https://www.endeavorfg.com/sites/endeavorfg0425.us1.advisor.ws/files/styles/max_325x325/public/images/Blog_AW29_2026.jpg.webp?itok=JsaFitYW","image/webp","200","OK","Indexable","","","0","0","","0","0","","0","","0","","0","","0","","0","","","","","","","","","","4476","4476","4476","0.663","","0","","","","","0.000","4","7","","0","0","0","0.000","0","0","0","0","0","0","","","","","","0.055","Tue, 16 Jun 2026 01:12:58 GMT","","","","","1.1","","","","","","https://www.endeavorfg.com/sites/endeavorfg0425.us1.advisor.ws/files/styles/max_325x325/public/images/Blog_AW29_2026.jpg.webp?itok=JsaFitYW","2026-06-19 18:36:37"
"https://www.endeavorfg.com/taxonomy/term/15/feed","application/rss+xml; charset=utf-8","200","OK","Indexable","","","0","0","","0","0","","0","","0","","0","","0","","0","","","","","","","","","","0","0","0","0.000","","0","","","","","0.000","4","3","","1","1","0","0.530","0","0","0","0","0","0","","","","","","0.664","","","","","","1.1","","","","","","https://www.endeavorfg.com/taxonomy/term/15/feed","2026-06-19 18:36:37"
"https://www.endeavorfg.com/blog/5-critical-questions-hnwis-should-ask-address-major-financial-concerns","text/html; charset=UTF-8","200","OK","Indexable","","5 Critical Questions for HNWIs | Endeavor Financial Group","57","512","What do you do when faced with a complex financial challenge?Do you seek an immediate solution, or do you take the time to fully understand the issue before acting?The way you approach financial decisions often depends on your perception of time - specifically, how much time you believe you have to respond.1","309","1930","","0","5 Critical Questions HNWIs Should Ask to Address Major Financial Concerns","73","","0","Contact Information","19","Our Locations","13","","","","https://www.endeavorfg.com/blog/5-critical-questions-hnwis-should-ask-address-major-financial-concerns","","","","","","92347","29590","29590","4.385","","848","144","5.889","54.404","Fairly Hard","6.943","4","1","","18","8","0","4.280","27","23","0","9","9","0","","","","","40bb2b0e2c5e60fd9557f35b15a806a2","2.075","","","","","en","1.1","","","","","","https://www.endeavorfg.com/blog/5-critical-questions-hnwis-should-ask-address-major-financial-concerns","2026-06-19 18:36:36"
"https://www.endeavorfg.com/best-retirement-advice-retirees","text/html; charset=UTF-8","200","OK","Indexable","","28 Tips: The Best Retirement Advice From Retirees | Endeavor Financial Group","76","697","Get the best retirement advice from retirees on money, health, and happiness. Learn practical tips for building a fulfilling and secure life after work.","152","898","","0","28 Best Retirement Advice From Retirees for a Good Life","55","","0","Key Takeaways","13","Financial Habits Retirees Wish They'd Started Sooner","52","","","","https://www.endeavorfg.com/best-retirement-advice-retirees","","","","","","119724","38976","38976","5.776","","4934","671","7.353","65.081","Normal","25.765","4","0","","9","3","0","1.600","47","25","0","13","11","0","","","","","8cdede3e3d2404a33303d0f7cf01b486","1.013","","","","","en","1.1","","","","","","https://www.endeavorfg.com/best-retirement-advice-retirees","2026-06-19 18:36:37"
"https://www.endeavorfg.com/sites/endeavorfg0425.us1.advisor.ws/files/styles/max_325x325/public/images/Watercolor-picture-carrots-sprouting-from-ground.jpeg.webp?itok=pH4YhoSZ","image/webp","200","OK","Indexable","","","0","0","","0","0","","0","","0","","0","","0","","0","","","","","","","","","","13512","13512","13512","2.002","","0","","","","","0.000","4","7","","0","0","0","0.000","0","0","0","0","0","0","","","","","","1.326","Wed, 17 Jun 2026 10:22:53 GMT","","","","","1.1","","","","","","https://www.endeavorfg.com/sites/endeavorfg0425.us1.advisor.ws/files/styles/max_325x325/public/images/Watercolor-picture-carrots-sprouting-from-ground.jpeg.webp?itok=pH4YhoSZ","2026-06-19 18:36:37"
"https://www.endeavorfg.com/blog/5-signs-youre-headed-cushy-retirement","text/html; charset=UTF-8","200","OK","Indexable","","5 Signs You’re Headed for a “Cushy” Retirement | Endeavor Financial Group","73","666","How much do you need to retire wealthy? Believe it or not, there’s no set number for anyone. Lifestyle and the quality of your retirement plan are certainly two big factors. But when considering the economy and inflation, a definitive picture of our financial future can feel somewhat elusive. So, to shed a little light (and provide a little guidance), here are a few telltale signs you might be set up for a “comfortable” post-work lifestyle.","444","2631","","0","5 Signs You’re Headed for a “Cushy” Retirement","46","","0","Contact Information","19","Our Locations","13","","","","https://www.endeavorfg.com/blog/5-signs-youre-headed-cushy-retirement","","","","","","91641","29660","29660","4.396","","860","135","6.370","58.418","Fairly Hard","6.851","4","1","","9","3","0","1.600","25","21","0","8","8","0","","","","","3a649cb54bfa542cbd686cb82a819923","1.023","","","","","en","1.1","","","","","","https://www.endeavorfg.com/blog/5-signs-youre-headed-cushy-retirement","2026-06-19 18:36:37"
"https://www.endeavorfg.com/sites/endeavorfg0425.us1.advisor.ws/files/styles/slider_s/public/images/Blog_0.jpg.webp?itok=G8lQXiYJ","image/webp","200","OK","Indexable","","","0","0","","0","0","","0","","0","","0","","0","","0","","","","","","","","","","5870","5870","5870","0.870","","0","","","","","0.000","4","7","","0","0","0","0.000","0","0","0","0","0","0","","","","","","1.089","Thu, 18 Jun 2026 07:09:26 GMT","","","","","1.1","","","","","","https://www.endeavorfg.com/sites/endeavorfg0425.us1.advisor.ws/files/styles/slider_s/public/images/Blog_0.jpg.webp?itok=G8lQXiYJ","2026-06-19 18:36:38"
"https://www.endeavorfg.com/blog/7-milestones-age-50-above","text/html; charset=UTF-8","200","OK","Indexable","","7 Milestones At Age 50 & Above | Endeavor Financial Group","57","526","Birthday celebrations at 50 and each year after can be meaningful opportunities to reflect and feel grateful for life’s journey. Some also mark important milestones in retirement planning and your financial life.Here’s a look at why, with a focus on each milestone birthday after 50 and the role it can play in your overall financial wellness.Age 50: Catch-Up ContributionsWhen you turn 50, you can start to make ""catch-up"" contributions to your 401(k)s, 403(b)s, IRAs, and other retirement accounts.","500","3032","","0","7 Milestones At Age 50 & Above","30","","0","Contact Information","19","Our Locations","13","","","","https://www.endeavorfg.com/blog/7-milestones-age-50-above","","","","","","97591","31349","31349","4.646","","1373","280","4.904","69.505","Normal","9.882","4","1","","9","3","0","1.600","25","21","0","18","18","0","","","","","797f6e29f14d5b7f008b0fc60c390546","1.070","","","","","en","1.1","","","","","","https://www.endeavorfg.com/blog/7-milestones-age-50-above","2026-06-19 18:36:38"
"https://www.endeavorfg.com/sites/endeavorfg0425.us1.advisor.ws/files/styles/slider_s/public/images/your-step-by-step-preparing-for-retirement-checklist-973147.png.webp?itok=7uDFA3sA","image/webp","200","OK","Indexable","","","0","0","","0","0","","0","","0","","0","","0","","0","","","","","","","","","","26830","26830","26830","3.976","","0","","","","","0.000","4","7","","0","0","0","0.000","0","0","0","0","0","0","","","","","","0.047","Tue, 16 Jun 2026 01:10:14 GMT","","","","","1.1","","","","","","https://www.endeavorfg.com/sites/endeavorfg0425.us1.advisor.ws/files/styles/slider_s/public/images/your-step-by-step-preparing-for-retirement-checklist-973147.png.webp?itok=7uDFA3sA","2026-06-19 18:36:39"
"https://www.endeavorfg.com/retirement-plan-example-pdf","text/html; charset=UTF-8","200","OK","Indexable","","Simple Retirement Plan Example PDF [Free Template] | Endeavor Financial Group","77","724","Get a practical retirement plan example PDF and free template to organize your savings, set clear goals, and start planning for a secure financial future.","154","930","","0","Retirement Plan Example PDF [Free Template Inside]","50","","0","Key Takeaways","13","What Is a Retirement Plan? (And Why You Need One)","49","","","","https://www.endeavorfg.com/retirement-plan-example-pdf","","","","","","120430","38908","38908","5.766","","5119","698","7.334","63.542","Normal","26.936","4","0","","9","3","0","1.600","42","25","0","9","9","0","","","","","4a4532e1bc5e791a364afd24a8f77dca","0.991","","","","","en","1.1","","","","","","https://www.endeavorfg.com/retirement-plan-example-pdf","2026-06-19 18:36:38"
"https://www.endeavorfg.com/sites/endeavorfg0425.us1.advisor.ws/files/styles/slider_s/public/images/older-couple-on-boat-overlooking-body-of-water.jpg.webp?itok=hparuXCt","image/webp","200","OK","Indexable","","","0","0","","0","0","","0","","0","","0","","0","","0","","","","","","","","","","19082","19082","19082","2.828","","0","","","","","0.000","4","7","","0","0","0","0.000","0","0","0","0","0","0","","","","","","0.098","Tue, 16 Jun 2026 01:06:31 GMT","","","","","1.1","","","","","","https://www.endeavorfg.com/sites/endeavorfg0425.us1.advisor.ws/files/styles/slider_s/public/images/older-couple-on-boat-overlooking-body-of-water.jpg.webp?itok=hparuXCt","2026-06-19 18:36:39"
"https://www.endeavorfg.com/blog/5-major-retirement-regrets-are-not-inevitable-how-avoid-them","text/html; charset=UTF-8","200","OK","Indexable","","5 Major Retirement Regrets (That Are NOT Inevitable & How to Avoid Them) | Endeavor Financial Group","99","918","When are you going to retire?How did you make that decision?Many of us look at finances and health when we’re deciding when to retire.Whether or not we realize it, we’re also considering our emotions and what we imagine for the future — we compare how we feel in our current circumstances to how we expect to feel in our anticipated retirement.1With that, we tend to overestimate our future emotions, thinking we’ll be a lot happier as retirees.1","446","2750","","0","5 Major Retirement Regrets (That Are NOT Inevitable & How to Avoid Them)","72","","0","Contact Information","19","Our Locations","13","","","","https://www.endeavorfg.com/blog/5-major-retirement-regrets-are-not-inevitable-how-avoid-them","","","","","","92298","30402","30402","4.506","","1228","196","6.265","61.106","Normal","9.355","4","1","","9","3","0","1.600","25","21","0","11","11","0","","","","","f451129cc7fe81857a1d7aeba05a64a4","1.044","","","","","en","1.1","","","","","","https://www.endeavorfg.com/blog/5-major-retirement-regrets-are-not-inevitable-how-avoid-them","2026-06-19 18:36:39"
"https://www.endeavorfg.com/sites/endeavorfg0425.us1.advisor.ws/files/styles/slider_s/public/images/retirement-plan-example-pdf-free-template-inside-635993.png.webp?itok=t9RSArpj","image/webp","200","OK","Indexable","","","0","0","","0","0","","0","","0","","0","","0","","0","","","","","","","","","","25596","25596","25596","3.793","","0","","","","","0.000","4","7","","0","0","0","0.000","0","0","0","0","0","0","","","","","","1.326","Thu, 18 Jun 2026 13:21:20 GMT","","","","","1.1","","","","","","https://www.endeavorfg.com/sites/endeavorfg0425.us1.advisor.ws/files/styles/slider_s/public/images/retirement-plan-example-pdf-free-template-inside-635993.png.webp?itok=t9RSArpj","2026-06-19 18:36:38"
"https://www.endeavorfg.com/sites/endeavorfg0425.us1.advisor.ws/files/styles/slider_s/public/images/28-best-retirement-advice-from-retirees-for-a-good-life-461763.png.webp?itok=LFigLqoR","image/webp","200","OK","Indexable","","","0","0","","0","0","","0","","0","","0","","0","","0","","","","","","","","","","29210","29210","29210","4.329","","0","","","","","0.000","4","7","","0","0","0","0.000","0","0","0","0","0","0","","","","","","1.258","Thu, 18 Jun 2026 14:34:16 GMT","","","","","1.1","","","","","","https://www.endeavorfg.com/sites/endeavorfg0425.us1.advisor.ws/files/styles/slider_s/public/images/28-best-retirement-advice-from-retirees-for-a-good-life-461763.png.webp?itok=LFigLqoR","2026-06-19 18:36:39"
"https://www.endeavorfg.com/preparing-for-retirement-checklist","text/html; charset=UTF-8","200","OK","Indexable","","The Ultimate Preparing for Retirement Checklist","47","430","Get a practical preparing for retirement checklist covering finances, healthcare, and legal steps so you can plan confidently for your next chapter.","148","890","","0","Your Step-by-Step Preparing for Retirement Checklist","52","","0","Key Takeaways","13","Your Ultimate Retirement Planning Checklist","43","","","","https://www.endeavorfg.com/preparing-for-retirement-checklist","","","","","","119207","38132","38132","5.651","","4784","650","7.360","62.261","Normal","25.561","4","0","","9","3","0","1.600","51","25","0","11","10","0","","","","","32f32a1ea577757091cd0aa74eaa7d03","1.124","","","","","en","1.1","","","","","","https://www.endeavorfg.com/preparing-for-retirement-checklist","2026-06-19 18:36:39"
"https://www.endeavorfg.com/sites/endeavorfg0425.us1.advisor.ws/files/styles/slider_s/public/images/5keyquestions_blog.jpg.webp?itok=Sg8QVQtH","image/webp","200","OK","Indexable","","","0","0","","0","0","","0","","0","","0","","0","","0","","","","","","","","","","59970","59970","59970","8.888","","0","","","","","0.000","4","7","","0","0","0","0.000","0","0","0","0","0","0","","","","","","1.484","Thu, 18 Jun 2026 11:41:51 GMT","","","","","1.1","","","","","","https://www.endeavorfg.com/sites/endeavorfg0425.us1.advisor.ws/files/styles/slider_s/public/images/5keyquestions_blog.jpg.webp?itok=Sg8QVQtH","2026-06-19 18:36:39"
"https://www.endeavorfg.com/sites/endeavorfg0425.us1.advisor.ws/files/styles/max_325x325/public/images/the-ultimate-retirement-planning-guide-free-pdf-574831.png.webp?itok=LLOov4aQ","image/webp","200","OK","Indexable","","","0","0","","0","0","","0","","0","","0","","0","","0","","","","","","","","","","6886","6886","6886","1.021","","0","","","","","0.000","4","7","","0","0","0","0.000","0","0","0","0","0","0","","","","","","1.050","Wed, 17 Jun 2026 19:37:06 GMT","","","","","1.1","","","","","","https://www.endeavorfg.com/sites/endeavorfg0425.us1.advisor.ws/files/styles/max_325x325/public/images/the-ultimate-retirement-planning-guide-free-pdf-574831.png.webp?itok=LLOov4aQ","2026-06-19 18:36:40"
"https://www.endeavorfg.com/how-to-generate-income-retirement","text/html; charset=UTF-8","200","OK","Indexable","","How to Generate Income in Retirement (9 Smart Ways) | Endeavor Financial Group","78","733","Learn how to generate income in retirement with nine practical strategies for building reliable cash flow and creating a secure, flexible financial future.","155","919","","0","9 Smart Ways to Generate Income in Retirement","45","","0","Key Takeaways","13","What Is Your Retirement Income Foundation?","42","","","","https://www.endeavorfg.com/how-to-generate-income-retirement","","","","","","130774","42003","42003","6.225","","6697","878","7.628","60.161","Normal","32.374","4","0","","10","6","0","3.210","60","25","0","9","9","0","","","","","5efa899dce16ea0eca839aba0bc57a02","1.030","","","","","en","1.1","","","","","","https://www.endeavorfg.com/how-to-generate-income-retirement","2026-06-19 18:36:40"
"https://www.endeavorfg.com/sites/endeavorfg0425.us1.advisor.ws/files/styles/max_325x325/public/images/tierra-mallorca-rgJ1J8SDEAY-unsplash%20(1).jpg.webp?itok=m23zwOd9","image/webp","200","OK","Indexable","","","0","0","","0","0","","0","","0","","0","","0","","0","","","","","","","","","","6812","6812","6812","1.010","","0","","","","","0.000","4","7","","0","0","0","0.000","0","0","0","0","0","0","","","","","","0.091","Tue, 16 Jun 2026 01:13:21 GMT","","","","","1.1","","","","","","https://www.endeavorfg.com/sites/endeavorfg0425.us1.advisor.ws/files/styles/max_325x325/public/images/tierra-mallorca-rgJ1J8SDEAY-unsplash%20%281%29.jpg.webp?itok=m23zwOd9","2026-06-19 18:36:41"
"https://www.endeavorfg.com/retirement-planning-guide-pdf","text/html; charset=UTF-8","200","OK","Indexable","","Free Retirement Planning Guide PDF: The Ultimate Guide] | Endeavor Financial Group","82","757","Get a practical retirement planning guide PDF with clear steps, tips, and checklists to help you build a secure, confident future for your retirement.","150","891","","0","Your Realistic Retirement Planning Guide PDF","44","","0","Key Takeaways","13","What is a Retirement Planning Guide?","36","","","","https://www.endeavorfg.com/retirement-planning-guide-pdf","","","","","","122274","39421","39421","5.842","","5402","743","7.271","64.036","Normal","27.947","4","0","","27","9","0","4.810","52","24","0","13","12","0","","","","","b2ba4a2697a0f27cf7f7c76370c353c8","1.156","","","","","en","1.1","","","","","","https://www.endeavorfg.com/retirement-planning-guide-pdf","2026-06-19 18:36:40"
"https://www.endeavorfg.com/sites/endeavorfg0425.us1.advisor.ws/files/styles/max_325x325/public/images/Blog_AW32_2026.jpg.webp?itok=_IjrPgFW","image/webp","200","OK","Indexable","","","0","0","","0","0","","0","","0","","0","","0","","0","","","","","","","","","","3326","3326","3326","0.493","","0","","","","","0.000","4","7","","0","0","0","0.000","0","0","0","0","0","0","","","","","","0.062","Tue, 16 Jun 2026 01:08:36 GMT","","","","","1.1","","","","","","https://www.endeavorfg.com/sites/endeavorfg0425.us1.advisor.ws/files/styles/max_325x325/public/images/Blog_AW32_2026.jpg.webp?itok=_IjrPgFW","2026-06-19 18:36:41"
"https://www.endeavorfg.com/good-investments-for-retirement","text/html; charset=UTF-8","200","OK","Indexable","","A Guide to Good Investments for Retirement | Endeavor Financial Group","69","638","Get clear answers to what are good investments for retirement, plus practical tips to help you build a balanced, reliable portfolio for your future.","148","880","","0","What Are Good Investments for Retirement? A Guide","49","","0","Key Takeaways","13","Your Guide to Retirement Accounts","33","","","","https://www.endeavorfg.com/good-investments-for-retirement","","","","","","119267","38659","38659","5.729","","5019","682","7.359","66.945","Normal","26.292","4","0","","8","4","0","2.140","53","25","0","11","11","0","","","","","f129cb5c17f02d11c3d4672b8faeb6d1","0.969","","","","","en","1.1","","","","","","https://www.endeavorfg.com/good-investments-for-retirement","2026-06-19 18:36:40"
"https://www.endeavorfg.com/blog/planning-future-essential-steps-secure-your-retirement","text/html; charset=UTF-8","200","OK","Indexable","","Planning for the Future: Essential Steps to Secure Your Retirement | Endeavor Financial Group","93","835","Is your retirement savings on track?If you’re like most people, you may feel it’s not. In fact, concerns about running out of money in retirement are very common.1, 2Many people today believe they’ll need at least $1.5 million saved to retire comfortably.3 But is that number right for you? The real “magic number” varies widely depending on your current savings, future goals, and lifestyle plans.","398","2404","","0","Planning for the Future: Essential Steps to Secure Your Retirement","66","","0","Contact Information","19","Our Locations","13","","","","https://www.endeavorfg.com/blog/planning-future-essential-steps-secure-your-retirement","","","","","","96144","31031","31031","4.599","","1303","245","5.318","55.286","Fairly Hard","9.835","4","1","","16","6","0","3.210","26","22","0","13","13","0","","","","","3ee663c3be4e26159a078317ec780faa","1.036","","","","","en","1.1","","","","","","https://www.endeavorfg.com/blog/planning-future-essential-steps-secure-your-retirement","2026-06-19 18:36:41"
"https://www.endeavorfg.com/taxonomy/term/4/feed","application/rss+xml; charset=utf-8","200","OK","Indexable","","","0","0","","0","0","","0","","0","","0","","0","","0","","","","","","","","","","0","0","0","0.000","","0","","","","","0.000","4","3","","1","1","0","0.530","0","0","0","0","0","0","","","","","","0.582","","","","","","1.1","","","","","","https://www.endeavorfg.com/taxonomy/term/4/feed","2026-06-19 18:36:41"
"https://www.endeavorfg.com/sites/endeavorfg0425.us1.advisor.ws/files/styles/max_325x325/public/images/artem-kniaz-myiOWorAbCE-unsplash%20(1).jpg.webp?itok=XCSKwySE","image/webp","200","OK","Indexable","","","0","0","","0","0","","0","","0","","0","","0","","0","","","","","","","","","","15950","15950","15950","2.364","","0","","","","","0.000","4","7","","0","0","0","0.000","0","0","0","0","0","0","","","","","","0.058","Tue, 16 Jun 2026 01:13:04 GMT","","","","","1.1","","","","","","https://www.endeavorfg.com/sites/endeavorfg0425.us1.advisor.ws/files/styles/max_325x325/public/images/artem-kniaz-myiOWorAbCE-unsplash%20%281%29.jpg.webp?itok=XCSKwySE","2026-06-19 18:36:42"
"https://www.endeavorfg.com/sites/endeavorfg0425.us1.advisor.ws/files/styles/max_325x325/public/images/juan-ramos-EWN0rrwbBIQ-unsplash%20(1).jpg.webp?itok=5k-uS-y7","image/webp","200","OK","Indexable","","","0","0","","0","0","","0","","0","","0","","0","","0","","","","","","","","","","11288","11288","11288","1.673","","0","","","","","0.000","4","7","","0","0","0","0.000","0","0","0","0","0","0","","","","","","1.080","Wed, 17 Jun 2026 22:12:51 GMT","","","","","1.1","","","","","","https://www.endeavorfg.com/sites/endeavorfg0425.us1.advisor.ws/files/styles/max_325x325/public/images/juan-ramos-EWN0rrwbBIQ-unsplash%20%281%29.jpg.webp?itok=5k-uS-y7","2026-06-19 18:36:42"
"https://www.endeavorfg.com/sites/endeavorfg0425.us1.advisor.ws/files/styles/max_325x325/public/images/Blog_AW33_2026.jpg.webp?itok=qor2wAJ7","image/webp","200","OK","Indexable","","","0","0","","0","0","","0","","0","","0","","0","","0","","","","","","","","","","16380","16380","16380","2.428","","0","","","","","0.000","4","7","","0","0","0","0.000","0","0","0","0","0","0","","","","","","1.276","Fri, 19 Jun 2026 13:06:44 GMT","","","","","1.1","","","","","","https://www.endeavorfg.com/sites/endeavorfg0425.us1.advisor.ws/files/styles/max_325x325/public/images/Blog_AW33_2026.jpg.webp?itok=qor2wAJ7","2026-06-19 18:36:43"
"https://www.endeavorfg.com/sites/endeavorfg0425.us1.advisor.ws/files/styles/max_325x325/public/images/krakenimages-376KN_ISplE-unsplash%20(3).jpg.webp?itok=eoMBUnZU","image/webp","200","OK","Indexable","","","0","0","","0","0","","0","","0","","0","","0","","0","","","","","","","","","","12726","12726","12726","1.886","","0","","","","","0.000","4","7","","0","0","0","0.000","0","0","0","0","0","0","","","","","","0.297","Tue, 16 Jun 2026 01:13:15 GMT","","","","","1.1","","","","","","https://www.endeavorfg.com/sites/endeavorfg0425.us1.advisor.ws/files/styles/max_325x325/public/images/krakenimages-376KN_ISplE-unsplash%20%283%29.jpg.webp?itok=eoMBUnZU","2026-06-19 18:36:44"
"https://www.endeavorfg.com/sites/endeavorfg0425.us1.advisor.ws/files/styles/max_325x325/public/images/financial-faq.jpg.webp?itok=0RiChuZc","image/webp","200","OK","Indexable","","","0","0","","0","0","","0","","0","","0","","0","","0","","","","","","","","","","12392","12392","12392","1.836","","0","","","","","0.000","4","7","","0","0","0","0.000","0","0","0","0","0","0","","","","","","1.342","Wed, 17 Jun 2026 21:10:32 GMT","","","","","1.1","","","","","","https://www.endeavorfg.com/sites/endeavorfg0425.us1.advisor.ws/files/styles/max_325x325/public/images/financial-faq.jpg.webp?itok=0RiChuZc","2026-06-19 18:36:45"
"https://www.endeavorfg.com/sites/endeavorfg0425.us1.advisor.ws/files/styles/max_325x325/public/images/pexels-malcolmhill-12203877.jpg.webp?itok=bJbijqTI","image/webp","200","OK","Indexable","","","0","0","","0","0","","0","","0","","0","","0","","0","","","","","","","","","","11996","11996","11996","1.778","","0","","","","","0.000","4","7","","0","0","0","0.000","0","0","0","0","0","0","","","","","","1.326","Wed, 17 Jun 2026 07:12:08 GMT","","","","","1.1","","","","","","https://www.endeavorfg.com/sites/endeavorfg0425.us1.advisor.ws/files/styles/max_325x325/public/images/pexels-malcolmhill-12203877.jpg.webp?itok=bJbijqTI","2026-06-19 18:36:45"
"https://www.endeavorfg.com/sites/endeavorfg0425.us1.advisor.ws/files/styles/slider_s/public/images/personal-financial-mistakes-avoid.jpg.webp?itok=C3rAXW0L","image/webp","200","OK","Indexable","","","0","0","","0","0","","0","","0","","0","","0","","0","","","","","","","","","","23892","23892","23892","3.541","","0","","","","","0.000","4","7","","0","0","0","0.000","0","0","0","0","0","0","","","","","","0.133","Tue, 16 Jun 2026 01:07:31 GMT","","","","","1.1","","","","","","https://www.endeavorfg.com/sites/endeavorfg0425.us1.advisor.ws/files/styles/slider_s/public/images/personal-financial-mistakes-avoid.jpg.webp?itok=C3rAXW0L","2026-06-19 18:36:47"
"https://www.endeavorfg.com/taxonomy/term/27/feed","application/rss+xml; charset=utf-8","200","OK","Indexable","","","0","0","","0","0","","0","","0","","0","","0","","0","","","","","","","","","","0","0","0","0.000","","0","","","","","0.000","4","3","","1","1","0","0.530","0","0","0","0","0","0","","","","","","0.492","","","","","","1.1","","","","","","https://www.endeavorfg.com/taxonomy/term/27/feed","2026-06-19 18:36:47"
"https://www.endeavorfg.com/blog/4-pervasive-myths-about-inflation","text/html; charset=UTF-8","200","OK","Indexable","","4 Pervasive Myths About Inflation | Endeavor Financial Group","60","541","4 Pervasive Myths About InflationInflation can feel inescapable these days.For most of us, it also feels like inflation is higher and more persistent than it actually is.1That could be because we’re seeing higher prices practically everywhere.1Despite our experience, though, that misperception can actually harm us. It can also be bad for inflation in general.1","362","2171","","0","4 Pervasive Myths About Inflation","33","","0","Contact Information","19","Our Locations","13","","","","https://www.endeavorfg.com/blog/4-pervasive-myths-about-inflation","","","","","","93559","30193","30193","4.475","","938","186","5.043","56.688","Fairly Hard","7.750","4","1","","12","4","0","2.140","26","22","0","13","13","0","","","","","fb083158a96ba36b7b5bd1ccf0e9cbf7","1.031","","","","","en","1.1","","","","","","https://www.endeavorfg.com/blog/4-pervasive-myths-about-inflation","2026-06-19 18:36:47"
"https://www.endeavorfg.com/blog/personal-finance-mistakes-avoid","text/html; charset=UTF-8","200","OK","Indexable","","Personal Finance Mistakes to Avoid | Endeavor Financial Group","61","560","Are you making one of these common financial mistakes? Here are some steps to consider.","87","560","","0","Personal Finance Mistakes to Avoid","34","","0","Contact Information","19","Our Locations","13","","","","https://www.endeavorfg.com/blog/personal-finance-mistakes-avoid","","","","","","90862","29294","29294","4.341","","766","115","6.661","61.578","Normal","6.159","4","1","","15","7","0","3.740","26","22","0","9","9","0","","","","","925cab23015eecee364a71670395d7d9","1.050","","","","","en","1.1","","","","","","https://www.endeavorfg.com/blog/personal-finance-mistakes-avoid","2026-06-19 18:36:47"
"https://www.endeavorfg.com/sites/endeavorfg0425.us1.advisor.ws/files/styles/slider_s/public/images/Inflation_Lesson_VIN_Blog.jpg.webp?itok=UrLjkgLc","image/webp","200","OK","Indexable","","","0","0","","0","0","","0","","0","","0","","0","","0","","","","","","","","","","24952","24952","24952","3.698","","0","","","","","0.000","4","7","","0","0","0","0.000","0","0","0","0","0","0","","","","","","1.277","Thu, 18 Jun 2026 10:41:23 GMT","","","","","1.1","","","","","","https://www.endeavorfg.com/sites/endeavorfg0425.us1.advisor.ws/files/styles/slider_s/public/images/Inflation_Lesson_VIN_Blog.jpg.webp?itok=UrLjkgLc","2026-06-19 18:36:47"
"https://www.endeavorfg.com/blog/why-patience-beats-perfection-long-term-investors-guide-market-timing","text/html; charset=UTF-8","200","OK","Indexable","","Patience Beats Perfection: Long-Term Market Timing Guide | Endeav","65","613","Over the course of your investing life, you’ll encounter market lows and highs. Headlines often spotlight the extremes, especially when markets reach record levels. Take, for example: “Stocks Hit Record Highs. What’s Behind the Rally.”1All-time highs have an interesting effect on investor behavior and psychology.","314","1913","","0","Why Patience Beats Perfection: The Long-Term Investor's Guide to Market Timing","78","","0","Contact Information","19","Our Locations","13","","","","https://www.endeavorfg.com/blog/why-patience-beats-perfection-long-term-investors-guide-market-timing","","","","","","90804","30042","30042","4.452","","958","167","5.737","62.456","Normal","7.872","4","1","","13","5","0","2.670","26","22","0","11","11","0","","","","","b8e3c8c3171d3cf5863424d706c80a5f","1.099","","","","","en","1.1","","","","","","https://www.endeavorfg.com/blog/why-patience-beats-perfection-long-term-investors-guide-market-timing","2026-06-19 18:36:48"
"https://www.endeavorfg.com/sites/endeavorfg0425.us1.advisor.ws/files/styles/slider_s/public/images/Boost%20Your%20Financial%20Literacy.png.webp?itok=gZOMJOLh","image/webp","200","OK","Indexable","","","0","0","","0","0","","0","","0","","0","","0","","0","","","","","","","","","","10906","10906","10906","1.616","","0","","","","","0.000","4","7","","0","0","0","0.000","0","0","0","0","0","0","","","","","","0.988","Thu, 18 Jun 2026 10:44:56 GMT","","","","","1.1","","","","","","https://www.endeavorfg.com/sites/endeavorfg0425.us1.advisor.ws/files/styles/slider_s/public/images/Boost%20Your%20Financial%20Literacy.png.webp?itok=gZOMJOLh","2026-06-19 18:36:48"
"https://www.endeavorfg.com/blog/how-boost-your-financial-literacy-5-simple-tips-success","text/html; charset=UTF-8","200","OK","Indexable","","Boost Your Financial Literacy: 5 Simple Tips | Endeavor Financial","65","572","Many of us have experienced the cost of financial literacy gaps at one point or another. And if you’re like most folks, the gaps in your financial literacy probably cost you at least $500 last year alone.1Think of it as a type of financial illiteracy tax. However, there is good news: you do NOT have to keep paying it year after year. The more you brush up on your financial knowledge, the better you’ll be at making more informed choices with your money and staying on track with your financial goals.So, how do you do that?","526","3176","","0","How to Boost Your Financial Literacy: 5 Simple Tips for Success","63","","0","Contact Information","19","Our Locations","13","","","","https://www.endeavorfg.com/blog/how-boost-your-financial-literacy-5-simple-tips-success","","","","","","94018","30397","30397","4.505","","1073","192","5.589","60.189","Normal","8.094","4","1","","14","6","0","3.210","26","22","0","11","11","0","","","","","b98b13b903e38e432913b9c69b942a4a","1.052","","","","","en","1.1","","","","","","https://www.endeavorfg.com/blog/how-boost-your-financial-literacy-5-simple-tips-success","2026-06-19 18:36:48"
"https://www.endeavorfg.com/sites/endeavorfg0425.us1.advisor.ws/files/styles/max_325x325/public/images/Blog_AW31_2026.jpg.webp?itok=vyRGvbeX","image/webp","200","OK","Indexable","","","0","0","","0","0","","0","","0","","0","","0","","0","","","","","","","","","","19428","19428","19428","2.879","","0","","","","","0.000","4","7","","0","0","0","0.000","0","0","0","0","0","0","","","","","","1.520","Fri, 19 Jun 2026 13:06:50 GMT","","","","","1.1","","","","","","https://www.endeavorfg.com/sites/endeavorfg0425.us1.advisor.ws/files/styles/max_325x325/public/images/Blog_AW31_2026.jpg.webp?itok=vyRGvbeX","2026-06-19 18:36:48"
"https://www.endeavorfg.com/sites/endeavorfg0425.us1.advisor.ws/files/styles/max_325x325/public/images/personal-financial-mistakes-avoid.jpg.webp?itok=BQ_G_C1A","image/webp","200","OK","Indexable","","","0","0","","0","0","","0","","0","","0","","0","","0","","","","","","","","","","11296","11296","11296","1.674","","0","","","","","0.000","5","7","","0","0","0","0.000","0","0","0","0","0","0","","","","","","0.056","Tue, 16 Jun 2026 01:13:54 GMT","","","","","1.1","","","","","","https://www.endeavorfg.com/sites/endeavorfg0425.us1.advisor.ws/files/styles/max_325x325/public/images/personal-financial-mistakes-avoid.jpg.webp?itok=BQ_G_C1A","2026-06-19 18:36:50"
"https://www.endeavorfg.com/sites/endeavorfg0425.us1.advisor.ws/files/styles/max_325x325/public/images/Boost%20Your%20Financial%20Literacy.png.webp?itok=G8FrOEEH","image/webp","200","OK","Indexable","","","0","0","","0","0","","0","","0","","0","","0","","0","","","","","","","","","","4628","4628","4628","0.686","","0","","","","","0.000","5","7","","0","0","0","0.000","0","0","0","0","0","0","","","","","","1.344","Fri, 19 Jun 2026 13:06:50 GMT","","","","","1.1","","","","","","https://www.endeavorfg.com/sites/endeavorfg0425.us1.advisor.ws/files/styles/max_325x325/public/images/Boost%20Your%20Financial%20Literacy.png.webp?itok=G8FrOEEH","2026-06-19 18:36:49"
"https://www.endeavorfg.com/sites/endeavorfg0425.us1.advisor.ws/files/styles/max_325x325/public/images/Inflation_Lesson_VIN_Blog.jpg.webp?itok=gsfCfwep","image/webp","200","OK","Indexable","","","0","0","","0","0","","0","","0","","0","","0","","0","","","","","","","","","","6830","6830","6830","1.012","","0","","","","","0.000","5","7","","0","0","0","0.000","0","0","0","0","0","0","","","","","","0.088","Tue, 16 Jun 2026 01:13:55 GMT","","","","","1.1","","","","","","https://www.endeavorfg.com/sites/endeavorfg0425.us1.advisor.ws/files/styles/max_325x325/public/images/Inflation_Lesson_VIN_Blog.jpg.webp?itok=gsfCfwep","2026-06-19 18:36:51"
"https://www.endeavorfg.com/sites/endeavorfg0425.us1.advisor.ws/files/styles/max_325x325/public/images/your-step-by-step-preparing-for-retirement-checklist-973147.png.webp?itok=5u6bLlkn","image/webp","200","OK","Indexable","","","0","0","","0","0","","0","","0","","0","","0","","0","","","","","","","","","","11574","11574","11574","1.715","","0","","","","","0.000","5","7","","0","0","0","0.000","0","0","0","0","0","0","","","","","","0.093","Tue, 16 Jun 2026 01:14:43 GMT","","","","","1.1","","","","","","https://www.endeavorfg.com/sites/endeavorfg0425.us1.advisor.ws/files/styles/max_325x325/public/images/your-step-by-step-preparing-for-retirement-checklist-973147.png.webp?itok=5u6bLlkn","2026-06-19 18:36:54"
"https://www.endeavorfg.com/sites/endeavorfg0425.us1.advisor.ws/files/styles/max_325x325/public/images/what-are-good-investments-for-retirement-a-guide-936545.png.webp?itok=l9k6GUjU","image/webp","200","OK","Indexable","","","0","0","","0","0","","0","","0","","0","","0","","0","","","","","","","","","","9292","9292","9292","1.377","","0","","","","","0.000","5","7","","0","0","0","0.000","0","0","0","0","0","0","","","","","","1.051","Tue, 16 Jun 2026 21:23:26 GMT","","","","","1.1","","","","","","https://www.endeavorfg.com/sites/endeavorfg0425.us1.advisor.ws/files/styles/max_325x325/public/images/what-are-good-investments-for-retirement-a-guide-936545.png.webp?itok=l9k6GUjU","2026-06-19 18:36:54"
"https://www.endeavorfg.com/sites/endeavorfg0425.us1.advisor.ws/files/styles/max_325x325/public/images/5keyquestions_blog.jpg.webp?itok=tx_CALYq","image/webp","200","OK","Indexable","","","0","0","","0","0","","0","","0","","0","","0","","0","","","","","","","","","","15194","15194","15194","2.252","","0","","","","","0.000","5","7","","0","0","0","0.000","0","0","0","0","0","0","","","","","","1.288","Tue, 16 Jun 2026 17:32:23 GMT","","","","","1.1","","","","","","https://www.endeavorfg.com/sites/endeavorfg0425.us1.advisor.ws/files/styles/max_325x325/public/images/5keyquestions_blog.jpg.webp?itok=tx_CALYq","2026-06-19 18:36:54"
"https://www.endeavorfg.com/sites/endeavorfg0425.us1.advisor.ws/files/styles/max_325x325/public/images/your-realistic-retirement-planning-guide-pdf-224596.png.webp?itok=M1V_ElcC","image/webp","200","OK","Indexable","","","0","0","","0","0","","0","","0","","0","","0","","0","","","","","","","","","","10482","10482","10482","1.553","","0","","","","","0.000","5","7","","0","0","0","0.000","0","0","0","0","0","0","","","","","","1.533","Fri, 19 Jun 2026 13:06:55 GMT","","","","","1.1","","","","","","https://www.endeavorfg.com/sites/endeavorfg0425.us1.advisor.ws/files/styles/max_325x325/public/images/your-realistic-retirement-planning-guide-pdf-224596.png.webp?itok=M1V_ElcC","2026-06-19 18:36:54"
"https://www.endeavorfg.com/sites/endeavorfg0425.us1.advisor.ws/files/styles/max_325x325/public/images/retirement-plan-example-pdf-free-template-inside-635993.png.webp?itok=TSXg931c","image/webp","200","OK","Indexable","","","0","0","","0","0","","0","","0","","0","","0","","0","","","","","","","","","","9012","9012","9012","1.336","","0","","","","","0.000","5","7","","0","0","0","0.000","0","0","0","0","0","0","","","","","","0.090","Tue, 16 Jun 2026 01:14:15 GMT","","","","","1.1","","","","","","https://www.endeavorfg.com/sites/endeavorfg0425.us1.advisor.ws/files/styles/max_325x325/public/images/retirement-plan-example-pdf-free-template-inside-635993.png.webp?itok=TSXg931c","2026-06-19 18:36:55"
"https://www.endeavorfg.com/sites/endeavorfg0425.us1.advisor.ws/files/styles/max_325x325/public/images/9-smart-ways-to-generate-income-in-retirement-877601.png.webp?itok=M8ntsETL","image/webp","200","OK","Indexable","","","0","0","","0","0","","0","","0","","0","","0","","0","","","","","","","","","","10592","10592","10592","1.570","","0","","","","","0.000","5","7","","0","0","0","0.000","0","0","0","0","0","0","","","","","","1.428","Fri, 19 Jun 2026 13:06:55 GMT","","","","","1.1","","","","","","https://www.endeavorfg.com/sites/endeavorfg0425.us1.advisor.ws/files/styles/max_325x325/public/images/9-smart-ways-to-generate-income-in-retirement-877601.png.webp?itok=M8ntsETL","2026-06-19 18:36:54"
"https://www.endeavorfg.com/sites/endeavorfg0425.us1.advisor.ws/files/styles/max_325x325/public/images/Blog_0.jpg.webp?itok=QVEBBXvL","image/webp","200","OK","Indexable","","","0","0","","0","0","","0","","0","","0","","0","","0","","","","","","","","","","2362","2362","2362","0.350","","0","","","","","0.000","5","7","","0","0","0","0.000","0","0","0","0","0","0","","","","","","1.131","Thu, 18 Jun 2026 05:24:24 GMT","","","","","1.1","","","","","","https://www.endeavorfg.com/sites/endeavorfg0425.us1.advisor.ws/files/styles/max_325x325/public/images/Blog_0.jpg.webp?itok=QVEBBXvL","2026-06-19 18:36:56"
"https://www.endeavorfg.com/sites/endeavorfg0425.us1.advisor.ws/files/styles/max_325x325/public/images/older-couple-on-boat-overlooking-body-of-water.jpg.webp?itok=MAtt0iKb","image/webp","200","OK","Indexable","","","0","0","","0","0","","0","","0","","0","","0","","0","","","","","","","","","","6348","6348","6348","0.941","","0","","","","","0.000","5","7","","0","0","0","0.000","0","0","0","0","0","0","","","","","","0.089","Tue, 16 Jun 2026 01:13:35 GMT","","","","","1.1","","","","","","https://www.endeavorfg.com/sites/endeavorfg0425.us1.advisor.ws/files/styles/max_325x325/public/images/older-couple-on-boat-overlooking-body-of-water.jpg.webp?itok=MAtt0iKb","2026-06-19 18:36:57"
"https://www.endeavorfg.com/sites/endeavorfg0425.us1.advisor.ws/files/styles/max_325x325/public/images/28-best-retirement-advice-from-retirees-for-a-good-life-461763.png.webp?itok=9vQUYGJI","image/webp","200","OK","Indexable","","","0","0","","0","0","","0","","0","","0","","0","","0","","","","","","","","","","12418","12418","12418","1.840","","0","","","","","0.000","5","7","","0","0","0","0.000","0","0","0","0","0","0","","","","","","0.123","Tue, 16 Jun 2026 01:14:10 GMT","","","","","1.1","","","","","","https://www.endeavorfg.com/sites/endeavorfg0425.us1.advisor.ws/files/styles/max_325x325/public/images/28-best-retirement-advice-from-retirees-for-a-good-life-461763.png.webp?itok=9vQUYGJI","2026-06-19 18:36:57"
"https://www.endeavorfg.com/sites/endeavorfg0425.us1.advisor.ws/files/styles/max_325x325/public/images/Blog_6Pillars_4125.jpg.webp?itok=LzcjVywU","image/webp","200","OK","Indexable","","","0","0","","0","0","","0","","0","","0","","0","","0","","","","","","","","","","6714","6714","6714","0.995","","0","","","","","0.000","5","7","","0","0","0","0.000","0","0","0","0","0","0","","","","","","1.311","Fri, 19 Jun 2026 13:06:59 GMT","","","","","1.1","","","","","","https://www.endeavorfg.com/sites/endeavorfg0425.us1.advisor.ws/files/styles/max_325x325/public/images/Blog_6Pillars_4125.jpg.webp?itok=LzcjVywU","2026-06-19 18:36:57"
"https://www.endeavorfg.com/sites/endeavorfg0425.us1.advisor.ws/files/styles/max_325x325/public/images/Blog_031825.jpg.webp?itok=VZSG1gNK","image/webp","200","OK","Indexable","","","0","0","","0","0","","0","","0","","0","","0","","0","","","","","","","","","","8770","8770","8770","1.300","","0","","","","","0.000","5","7","","0","0","0","0.000","0","0","0","0","0","0","","","","","","1.108","Wed, 17 Jun 2026 02:14:03 GMT","","","","","1.1","","","","","","https://www.endeavorfg.com/sites/endeavorfg0425.us1.advisor.ws/files/styles/max_325x325/public/images/Blog_031825.jpg.webp?itok=VZSG1gNK","2026-06-19 18:36:59"
"https://www.endeavorfg.com/sites/endeavorfg0425.us1.advisor.ws/files/styles/max_325x325/public/images/401k-for-small-business-10-employees-a-guide-862195.png.webp?itok=tUrL4fNR","image/webp","200","OK","Indexable","","","0","0","","0","0","","0","","0","","0","","0","","0","","","","","","","","","","8580","8580","8580","1.272","","0","","","","","0.000","5","7","","0","0","0","0.000","0","0","0","0","0","0","","","","","","0.109","Tue, 16 Jun 2026 01:13:43 GMT","","","","","1.1","","","","","","https://www.endeavorfg.com/sites/endeavorfg0425.us1.advisor.ws/files/styles/max_325x325/public/images/401k-for-small-business-10-employees-a-guide-862195.png.webp?itok=tUrL4fNR","2026-06-19 18:37:00"
"https://www.endeavorfg.com/sites/endeavorfg0425.us1.advisor.ws/files/styles/max_325x325/public/images/Blog_052025.jpg.webp?itok=Y5IIB2o6","image/webp","200","OK","Indexable","","","0","0","","0","0","","0","","0","","0","","0","","0","","","","","","","","","","6996","6996","6996","1.037","","0","","","","","0.000","5","7","","0","0","0","0.000","0","0","0","0","0","0","","","","","","1.281","Fri, 19 Jun 2026 13:07:00 GMT","","","","","1.1","","","","","","https://www.endeavorfg.com/sites/endeavorfg0425.us1.advisor.ws/files/styles/max_325x325/public/images/Blog_052025.jpg.webp?itok=Y5IIB2o6","2026-06-19 18:36:59"
"https://www.endeavorfg.com/sites/endeavorfg0425.us1.advisor.ws/files/styles/max_325x325/public/images/the-4-types-of-pension-plans-a-simple-breakdown-579311.png.webp?itok=qt1vX3JX","image/webp","200","OK","Indexable","","","0","0","","0","0","","0","","0","","0","","0","","0","","","","","","","","","","7976","7976","7976","1.182","","0","","","","","0.000","5","7","","0","0","0","0.000","0","0","0","0","0","0","","","","","","0.093","Tue, 16 Jun 2026 01:13:36 GMT","","","","","1.1","","","","","","https://www.endeavorfg.com/sites/endeavorfg0425.us1.advisor.ws/files/styles/max_325x325/public/images/the-4-types-of-pension-plans-a-simple-breakdown-579311.png.webp?itok=qt1vX3JX","2026-06-19 18:37:00"
"https://www.endeavorfg.com/sites/endeavorfg0425.us1.advisor.ws/files/styles/max_325x325/public/images/3-types-of-retirement-accounts-which-should-you-choose-829072.png.webp?itok=vR0jz76b","image/webp","200","OK","Indexable","","","0","0","","0","0","","0","","0","","0","","0","","0","","","","","","","","","","10588","10588","10588","1.569","","0","","","","","0.000","5","7","","0","0","0","0.000","0","0","0","0","0","0","","","","","","1.100","Wed, 17 Jun 2026 12:00:37 GMT","","","","","1.1","","","","","","https://www.endeavorfg.com/sites/endeavorfg0425.us1.advisor.ws/files/styles/max_325x325/public/images/3-types-of-retirement-accounts-which-should-you-choose-829072.png.webp?itok=vR0jz76b","2026-06-19 18:37:00"
"https://www.endeavorfg.com/taxonomy/term/23/feed","application/rss+xml; charset=utf-8","200","OK","Indexable","","","0","0","","0","0","","0","","0","","0","","0","","0","","","","","","","","","","0","0","0","0.000","","0","","","","","0.000","5","3","","1","1","0","0.530","0","0","0","0","0","0","","","","","","0.675","","","","","","1.1","","","","","","https://www.endeavorfg.com/taxonomy/term/23/feed","2026-06-19 18:37:00"
"https://www.endeavorfg.com/sites/endeavorfg0425.us1.advisor.ws/files/styles/max_325x325/public/images/the-ultimate-small-business-retirement-plans-comparison-chart-117563.png.webp?itok=utTBwZ6W","image/webp","200","OK","Indexable","","","0","0","","0","0","","0","","0","","0","","0","","0","","","","","","","","","","8328","8328","8328","1.234","","0","","","","","0.000","5","7","","0","0","0","0.000","0","0","0","0","0","0","","","","","","1.407","Fri, 19 Jun 2026 13:07:01 GMT","","","","","1.1","","","","","","https://www.endeavorfg.com/sites/endeavorfg0425.us1.advisor.ws/files/styles/max_325x325/public/images/the-ultimate-small-business-retirement-plans-comparison-chart-117563.png.webp?itok=utTBwZ6W","2026-06-19 18:37:00"
"https://www.endeavorfg.com/taxonomy/term/25/feed","application/rss+xml; charset=utf-8","200","OK","Indexable","","","0","0","","0","0","","0","","0","","0","","0","","0","","","","","","","","","","0","0","0","0.000","","0","","","","","0.000","5","3","","1","1","0","0.530","0","0","0","0","0","0","","","","","","0.533","","","","","","1.1","","","","","","https://www.endeavorfg.com/taxonomy/term/25/feed","2026-06-19 18:37:01"
"https://www.endeavorfg.com/sites/endeavorfg0425.us1.advisor.ws/files/styles/max_325x325/public/images/how-to-create-a-retirement-budget-a-step-by-step-guide-232064.png.webp?itok=5iqyanGa","image/webp","200","OK","Indexable","","","0","0","","0","0","","0","","0","","0","","0","","0","","","","","","","","","","6558","6558","6558","0.972","","0","","","","","0.000","5","7","","0","0","0","0.000","0","0","0","0","0","0","","","","","","1.088","Wed, 17 Jun 2026 07:09:23 GMT","","","","","1.1","","","","","","https://www.endeavorfg.com/sites/endeavorfg0425.us1.advisor.ws/files/styles/max_325x325/public/images/how-to-create-a-retirement-budget-a-step-by-step-guide-232064.png.webp?itok=5iqyanGa","2026-06-19 18:37:01"
"https://www.endeavorfg.com/sites/endeavorfg0425.us1.advisor.ws/files/styles/max_325x325/public/images/10-things-to-do-before-you-retire-the-essential-list-737901.png.webp?itok=Q4unsVcd","image/webp","200","OK","Indexable","","","0","0","","0","0","","0","","0","","0","","0","","0","","","","","","","","","","7992","7992","7992","1.184","","0","","","","","0.000","5","7","","0","0","0","0.000","0","0","0","0","0","0","","","","","","0.089","Tue, 16 Jun 2026 01:15:57 GMT","","","","","1.1","","","","","","https://www.endeavorfg.com/sites/endeavorfg0425.us1.advisor.ws/files/styles/max_325x325/public/images/10-things-to-do-before-you-retire-the-essential-list-737901.png.webp?itok=Q4unsVcd","2026-06-19 18:37:02"
"https://www.endeavorfg.com/sites/endeavorfg0425.us1.advisor.ws/files/styles/max_325x325/public/images/holistic-financial-partners-what-they-do-why-it-matters-974253.png.webp?itok=Sx1Oaw25","image/webp","200","OK","Indexable","","","0","0","","0","0","","0","","0","","0","","0","","0","","","","","","","","","","8956","8956","8956","1.327","","0","","","","","0.000","5","7","","0","0","0","0.000","0","0","0","0","0","0","","","","","","1.390","Fri, 19 Jun 2026 13:07:02 GMT","","","","","1.1","","","","","","https://www.endeavorfg.com/sites/endeavorfg0425.us1.advisor.ws/files/styles/max_325x325/public/images/holistic-financial-partners-what-they-do-why-it-matters-974253.png.webp?itok=Sx1Oaw25","2026-06-19 18:37:00"
"https://www.endeavorfg.com/taxonomy/term/24/feed","application/rss+xml; charset=utf-8","200","OK","Indexable","","","0","0","","0","0","","0","","0","","0","","0","","0","","","","","","","","","","0","0","0","0.000","","0","","","","","0.000","5","3","","1","1","0","0.530","0","0","0","0","0","0","","","","","","0.567","","","","","","1.1","","","","","","https://www.endeavorfg.com/taxonomy/term/24/feed","2026-06-19 18:37:02"
"https://www.endeavorfg.com/sites/endeavorfg0425.us1.advisor.ws/files/styles/max_325x325/public/images/the-essential-pre-retirement-financial-planning-checklist-483417.png.webp?itok=N9wLA5NL","image/webp","200","OK","Indexable","","","0","0","","0","0","","0","","0","","0","","0","","0","","","","","","","","","","7536","7536","7536","1.117","","0","","","","","0.000","5","7","","0","0","0","0.000","0","0","0","0","0","0","","","","","","1.038","Tue, 16 Jun 2026 18:14:01 GMT","","","","","1.1","","","","","","https://www.endeavorfg.com/sites/endeavorfg0425.us1.advisor.ws/files/styles/max_325x325/public/images/the-essential-pre-retirement-financial-planning-checklist-483417.png.webp?itok=N9wLA5NL","2026-06-19 18:37:01"
"https://www.endeavorfg.com/taxonomy/term/22/feed","application/rss+xml; charset=utf-8","200","OK","Indexable","","","0","0","","0","0","","0","","0","","0","","0","","0","","","","","","","","","","0","0","0","0.000","","0","","","","","0.000","5","3","","1","1","0","0.530","0","0","0","0","0","0","","","","","","0.584","","","","","","1.1","","","","","","https://www.endeavorfg.com/taxonomy/term/22/feed","2026-06-19 18:37:02"
"https://www.endeavorfg.com/sites/endeavorfg0425.us1.advisor.ws/files/styles/max_325x325/public/images/fiduciary-vs-non-fiduciary-whats-the-difference-232506.png.webp?itok=nqQvgz58","image/webp","200","OK","Indexable","","","0","0","","0","0","","0","","0","","0","","0","","0","","","","","","","","","","7952","7952","7952","1.178","","0","","","","","0.000","5","7","","0","0","0","0.000","0","0","0","0","0","0","","","","","","1.383","Fri, 19 Jun 2026 13:07:02 GMT","","","","","1.1","","","","","","https://www.endeavorfg.com/sites/endeavorfg0425.us1.advisor.ws/files/styles/max_325x325/public/images/fiduciary-vs-non-fiduciary-whats-the-difference-232506.png.webp?itok=nqQvgz58","2026-06-19 18:37:01"
"https://www.endeavorfg.com/sites/endeavorfg0425.us1.advisor.ws/files/styles/max_325x325/public/images/how-to-create-a-business-succession-plan-in-9-steps-344138.png.webp?itok=X_EFTViv","image/webp","200","OK","Indexable","","","0","0","","0","0","","0","","0","","0","","0","","0","","","","","","","","","","7120","7120","7120","1.055","","0","","","","","0.000","5","7","","0","0","0","0.000","0","0","0","0","0","0","","","","","","0.081","Tue, 16 Jun 2026 01:14:01 GMT","","","","","1.1","","","","","","https://www.endeavorfg.com/sites/endeavorfg0425.us1.advisor.ws/files/styles/max_325x325/public/images/how-to-create-a-business-succession-plan-in-9-steps-344138.png.webp?itok=X_EFTViv","2026-06-19 18:37:02"
"https://www.endeavorfg.com/sites/endeavorfg0425.us1.advisor.ws/files/styles/max_325x325/public/images/why-financial-wellness-is-a-must-have-employee-benefit-329907.png.webp?itok=9TzosS8j","image/webp","200","OK","Indexable","","","0","0","","0","0","","0","","0","","0","","0","","0","","","","","","","","","","7632","7632","7632","1.131","","0","","","","","0.000","5","7","","0","0","0","0.000","0","0","0","0","0","0","","","","","","1.085","Tue, 16 Jun 2026 19:15:24 GMT","","","","","1.1","","","","","","https://www.endeavorfg.com/sites/endeavorfg0425.us1.advisor.ws/files/styles/max_325x325/public/images/why-financial-wellness-is-a-must-have-employee-benefit-329907.png.webp?itok=9TzosS8j","2026-06-19 18:37:02"
"https://www.endeavorfg.com/taxonomy/term/26/feed","application/rss+xml; charset=utf-8","200","OK","Indexable","","","0","0","","0","0","","0","","0","","0","","0","","0","","","","","","","","","","0","0","0","0.000","","0","","","","","0.000","5","3","","1","1","0","0.530","0","0","0","0","0","0","","","","","","0.642","","","","","","1.1","","","","","","https://www.endeavorfg.com/taxonomy/term/26/feed","2026-06-19 18:37:02"
"https://www.endeavorfg.com/sites/endeavorfg0425.us1.advisor.ws/files/styles/max_325x325/public/images/is-a-fiduciary-financial-advisor-worth-it-for-you-984147.png.webp?itok=hzywM36M","image/webp","200","OK","Indexable","","","0","0","","0","0","","0","","0","","0","","0","","0","","","","","","","","","","9022","9022","9022","1.337","","0","","","","","0.000","5","7","","0","0","0","0.000","0","0","0","0","0","0","","","","","","1.058","Wed, 17 Jun 2026 08:31:05 GMT","","","","","1.1","","","","","","https://www.endeavorfg.com/sites/endeavorfg0425.us1.advisor.ws/files/styles/max_325x325/public/images/is-a-fiduciary-financial-advisor-worth-it-for-you-984147.png.webp?itok=hzywM36M","2026-06-19 18:37:02"
"https://www.endeavorfg.com/sites/endeavorfg0425.us1.advisor.ws/files/styles/max_325x325/public/images/8-employee-financial-wellness-programs-examples-that-work-298631.png.webp?itok=tZ6mVIno","image/webp","200","OK","Indexable","","","0","0","","0","0","","0","","0","","0","","0","","0","","","","","","","","","","9994","9994","9994","1.481","","0","","","","","0.000","5","7","","0","0","0","0.000","0","0","0","0","0","0","","","","","","1.080","Wed, 17 Jun 2026 10:06:17 GMT","","","","","1.1","","","","","","https://www.endeavorfg.com/sites/endeavorfg0425.us1.advisor.ws/files/styles/max_325x325/public/images/8-employee-financial-wellness-programs-examples-that-work-298631.png.webp?itok=tZ6mVIno","2026-06-19 18:37:02"
"https://www.endeavorfg.com/sites/endeavorfg0425.us1.advisor.ws/files/styles/max_325x325/public/images/small-business-financial-advisor-cost-a-full-guide-279184.png.webp?itok=LsmWhYmR","image/webp","200","OK","Indexable","","","0","0","","0","0","","0","","0","","0","","0","","0","","","","","","","","","","6412","6412","6412","0.950","","0","","","","","0.000","5","7","","0","0","0","0.000","0","0","0","0","0","0","","","","","","1.453","Fri, 19 Jun 2026 13:07:04 GMT","","","","","1.1","","","","","","https://www.endeavorfg.com/sites/endeavorfg0425.us1.advisor.ws/files/styles/max_325x325/public/images/small-business-financial-advisor-cost-a-full-guide-279184.png.webp?itok=LsmWhYmR","2026-06-19 18:37:02"
"https://www.endeavorfg.com/taxonomy/term/7/feed","application/rss+xml; charset=utf-8","200","OK","Indexable","","","0","0","","0","0","","0","","0","","0","","0","","0","","","","","","","","","","0","0","0","0.000","","0","","","","","0.000","5","3","","1","1","0","0.530","0","0","0","0","0","0","","","","","","0.559","","","","","","1.1","","","","","","https://www.endeavorfg.com/taxonomy/term/7/feed","2026-06-19 18:37:03"
"https://www.endeavorfg.com/sites/endeavorfg0425.us1.advisor.ws/files/styles/max_325x325/public/images/real-succession-planning-examples-to-guide-your-plan-387304.png.webp?itok=avFq6tT1","image/webp","200","OK","Indexable","","","0","0","","0","0","","0","","0","","0","","0","","0","","","","","","","","","","10218","10218","10218","1.514","","0","","","","","0.000","5","7","","0","0","0","0.000","0","0","0","0","0","0","","","","","","1.390","Fri, 19 Jun 2026 13:07:04 GMT","","","","","1.1","","","","","","https://www.endeavorfg.com/sites/endeavorfg0425.us1.advisor.ws/files/styles/max_325x325/public/images/real-succession-planning-examples-to-guide-your-plan-387304.png.webp?itok=avFq6tT1","2026-06-19 18:37:03"
"https://www.endeavorfg.com/sites/endeavorfg0425.us1.advisor.ws/files/styles/max_325x325/public/images/Blog_05012025.jpg.webp?itok=VXx6QjaO","image/webp","200","OK","Indexable","","","0","0","","0","0","","0","","0","","0","","0","","0","","","","","","","","","","1908","1908","1908","0.283","","0","","","","","0.000","5","7","","0","0","0","0.000","0","0","0","0","0","0","","","","","","0.089","Tue, 16 Jun 2026 01:15:03 GMT","","","","","1.1","","","","","","https://www.endeavorfg.com/sites/endeavorfg0425.us1.advisor.ws/files/styles/max_325x325/public/images/Blog_05012025.jpg.webp?itok=VXx6QjaO","2026-06-19 18:37:04"
"https://www.endeavorfg.com/sites/endeavorfg0425.us1.advisor.ws/files/styles/max_325x325/public/images/8-best-401k-plans-for-small-business-compared-880986.png.webp?itok=2czWp0Dl","image/webp","200","OK","Indexable","","","0","0","","0","0","","0","","0","","0","","0","","0","","","","","","","","","","9654","9654","9654","1.431","","0","","","","","0.000","5","7","","0","0","0","0.000","0","0","0","0","0","0","","","","","","0.110","Tue, 16 Jun 2026 01:14:32 GMT","","","","","1.1","","","","","","https://www.endeavorfg.com/sites/endeavorfg0425.us1.advisor.ws/files/styles/max_325x325/public/images/8-best-401k-plans-for-small-business-compared-880986.png.webp?itok=2czWp0Dl","2026-06-19 18:37:04"
"https://www.endeavorfg.com/sites/endeavorfg0425.us1.advisor.ws/files/styles/max_325x325/public/images/a-guide-to-succession-planning-for-a-family-business-227626.png.webp?itok=LQSTlR5H","image/webp","200","OK","Indexable","","","0","0","","0","0","","0","","0","","0","","0","","0","","","","","","","","","","10282","10282","10282","1.524","","0","","","","","0.000","5","7","","0","0","0","0.000","0","0","0","0","0","0","","","","","","1.518","Fri, 19 Jun 2026 13:07:04 GMT","","","","","1.1","","","","","","https://www.endeavorfg.com/sites/endeavorfg0425.us1.advisor.ws/files/styles/max_325x325/public/images/a-guide-to-succession-planning-for-a-family-business-227626.png.webp?itok=LQSTlR5H","2026-06-19 18:37:03"
"https://www.endeavorfg.com/sites/endeavorfg0425.us1.advisor.ws/files/styles/max_325x325/public/images/cheapest-401k-for-small-business-a-guide-to-fees-744175.png.webp?itok=jFvRKRdf","image/webp","200","OK","Indexable","","","0","0","","0","0","","0","","0","","0","","0","","0","","","","","","","","","","7924","7924","7924","1.174","","0","","","","","0.000","5","7","","0","0","0","0.000","0","0","0","0","0","0","","","","","","1.078","Wed, 17 Jun 2026 19:03:00 GMT","","","","","1.1","","","","","","https://www.endeavorfg.com/sites/endeavorfg0425.us1.advisor.ws/files/styles/max_325x325/public/images/cheapest-401k-for-small-business-a-guide-to-fees-744175.png.webp?itok=jFvRKRdf","2026-06-19 18:37:04"
"https://www.endeavorfg.com/sites/endeavorfg0425.us1.advisor.ws/files/styles/max_325x325/public/images/what-is-a-small-business-advisor-do-you-need-one-592006.png.webp?itok=dKUKX_u0","image/webp","200","OK","Indexable","","","0","0","","0","0","","0","","0","","0","","0","","0","","","","","","","","","","7846","7846","7846","1.163","","0","","","","","0.000","5","7","","0","0","0","0.000","0","0","0","0","0","0","","","","","","1.076","Wed, 17 Jun 2026 18:27:08 GMT","","","","","1.1","","","","","","https://www.endeavorfg.com/sites/endeavorfg0425.us1.advisor.ws/files/styles/max_325x325/public/images/what-is-a-small-business-advisor-do-you-need-one-592006.png.webp?itok=dKUKX_u0","2026-06-19 18:37:05"
"https://www.endeavorfg.com/sites/endeavorfg0425.us1.advisor.ws/files/styles/max_325x325/public/images/what-is-an-independent-wealth-management-firm-a-guide-390952.png.webp?itok=WlpzCR0p","image/webp","200","OK","Indexable","","","0","0","","0","0","","0","","0","","0","","0","","0","","","","","","","","","","8438","8438","8438","1.251","","0","","","","","0.000","5","7","","0","0","0","0.000","0","0","0","0","0","0","","","","","","0.365","Thu, 18 Jun 2026 05:10:32 GMT","","","","","1.1","","","","","","https://www.endeavorfg.com/sites/endeavorfg0425.us1.advisor.ws/files/styles/max_325x325/public/images/what-is-an-independent-wealth-management-firm-a-guide-390952.png.webp?itok=WlpzCR0p","2026-06-19 18:37:06"
"https://www.endeavorfg.com/sites/endeavorfg0425.us1.advisor.ws/files/styles/max_325x325/public/images/financial-advisor-fee-comparison-how-to-choose-407225.png.webp?itok=Kn8sQZyG","image/webp","200","OK","Indexable","","","0","0","","0","0","","0","","0","","0","","0","","0","","","","","","","","","","7530","7530","7530","1.116","","0","","","","","0.000","5","7","","0","0","0","0.000","0","0","0","0","0","0","","","","","","0.088","Tue, 16 Jun 2026 01:14:39 GMT","","","","","1.1","","","","","","https://www.endeavorfg.com/sites/endeavorfg0425.us1.advisor.ws/files/styles/max_325x325/public/images/financial-advisor-fee-comparison-how-to-choose-407225.png.webp?itok=Kn8sQZyG","2026-06-19 18:37:06"
"https://www.endeavorfg.com/sites/endeavorfg0425.us1.advisor.ws/files/styles/max_325x325/public/images/holistic-financial-planning-meaning-a-simple-guide-224228.png.webp?itok=oj_x8R5c","image/webp","200","OK","Indexable","","","0","0","","0","0","","0","","0","","0","","0","","0","","","","","","","","","","7192","7192","7192","1.066","","0","","","","","0.000","5","7","","0","0","0","0.000","0","0","0","0","0","0","","","","","","0.113","Tue, 16 Jun 2026 01:13:56 GMT","","","","","1.1","","","","","","https://www.endeavorfg.com/sites/endeavorfg0425.us1.advisor.ws/files/styles/max_325x325/public/images/holistic-financial-planning-meaning-a-simple-guide-224228.png.webp?itok=oj_x8R5c","2026-06-19 18:37:06"
"https://www.endeavorfg.com/sites/endeavorfg0425.us1.advisor.ws/files/styles/max_325x325/public/images/Blog_24_Business.jpg.webp?itok=SSekVBzx","image/webp","200","OK","Indexable","","","0","0","","0","0","","0","","0","","0","","0","","0","","","","","","","","","","9886","9886","9886","1.465","","0","","","","","0.000","5","7","","0","0","0","0.000","0","0","0","0","0","0","","","","","","0.343","Wed, 17 Jun 2026 11:14:35 GMT","","","","","1.1","","","","","","https://www.endeavorfg.com/sites/endeavorfg0425.us1.advisor.ws/files/styles/max_325x325/public/images/Blog_24_Business.jpg.webp?itok=SSekVBzx","2026-06-19 18:37:06"
"https://www.endeavorfg.com/sites/endeavorfg0425.us1.advisor.ws/files/styles/max_325x325/public/images/financial-wellness-employee-benefits-a-simple-guide-747065.png.webp?itok=3PQytAai","image/webp","200","OK","Indexable","","","0","0","","0","0","","0","","0","","0","","0","","0","","","","","","","","","","6628","6628","6628","0.982","","0","","","","","0.000","5","7","","0","0","0","0.000","0","0","0","0","0","0","","","","","","1.577","Fri, 19 Jun 2026 13:07:07 GMT","","","","","1.1","","","","","","https://www.endeavorfg.com/sites/endeavorfg0425.us1.advisor.ws/files/styles/max_325x325/public/images/financial-wellness-employee-benefits-a-simple-guide-747065.png.webp?itok=3PQytAai","2026-06-19 18:37:06"
"https://www.endeavorfg.com/sites/endeavorfg0425.us1.advisor.ws/files/styles/max_325x325/public/images/inflation_blogpost.jpg.webp?itok=6nTLHUaP","image/webp","200","OK","Indexable","","","0","0","","0","0","","0","","0","","0","","0","","0","","","","","","","","","","3122","3122","3122","0.463","","0","","","","","0.000","5","7","","0","0","0","0.000","0","0","0","0","0","0","","","","","","1.105","Thu, 18 Jun 2026 16:32:07 GMT","","","","","1.1","","","","","","https://www.endeavorfg.com/sites/endeavorfg0425.us1.advisor.ws/files/styles/max_325x325/public/images/inflation_blogpost.jpg.webp?itok=6nTLHUaP","2026-06-19 18:37:08"
"https://www.endeavorfg.com/sites/endeavorfg0425.us1.advisor.ws/files/styles/max_325x325/public/images/Blog_aw24_2025.jpg.webp?itok=ic5J-rOz","image/webp","200","OK","Indexable","","","0","0","","0","0","","0","","0","","0","","0","","0","","","","","","","","","","9894","9894","9894","1.466","","0","","","","","0.000","5","7","","0","0","0","0.000","0","0","0","0","0","0","","","","","","0.087","Tue, 16 Jun 2026 01:13:28 GMT","","","","","1.1","","","","","","https://www.endeavorfg.com/sites/endeavorfg0425.us1.advisor.ws/files/styles/max_325x325/public/images/Blog_aw24_2025.jpg.webp?itok=ic5J-rOz","2026-06-19 18:37:12"
"https://www.endeavorfg.com/sites/endeavorfg0425.us1.advisor.ws/files/styles/max_325x325/public/images/Blog_41725.jpg.webp?itok=DQ_VJg91","image/webp","200","OK","Indexable","","","0","0","","0","0","","0","","0","","0","","0","","0","","","","","","","","","","6846","6846","6846","1.015","","0","","","","","0.000","5","7","","0","0","0","0.000","0","0","0","0","0","0","","","","","","1.437","Fri, 19 Jun 2026 13:07:14 GMT","","","","","1.1","","","","","","https://www.endeavorfg.com/sites/endeavorfg0425.us1.advisor.ws/files/styles/max_325x325/public/images/Blog_41725.jpg.webp?itok=DQ_VJg91","2026-06-19 18:37:13"
"https://www.endeavorfg.com/sites/endeavorfg0425.us1.advisor.ws/files/styles/max_325x325/public/images/Blog_Beat_Investing_FOMO.jpg.webp?itok=E3D43G36","image/webp","200","OK","Indexable","","","0","0","","0","0","","0","","0","","0","","0","","0","","","","","","","","","","16248","16248","16248","2.408","","0","","","","","0.000","5","7","","0","0","0","0.000","0","0","0","0","0","0","","","","","","0.083","Tue, 16 Jun 2026 01:14:09 GMT","","","","","1.1","","","","","","https://www.endeavorfg.com/sites/endeavorfg0425.us1.advisor.ws/files/styles/max_325x325/public/images/Blog_Beat_Investing_FOMO.jpg.webp?itok=E3D43G36","2026-06-19 18:37:14"
"https://www.endeavorfg.com/sites/endeavorfg0425.us1.advisor.ws/files/styles/max_325x325/public/images/6-best-financial-advisors-for-retirees-in-2026-349374.png.webp?itok=Doczwuli","image/webp","200","OK","Indexable","","","0","0","","0","0","","0","","0","","0","","0","","0","","","","","","","","","","9454","9454","9454","1.401","","0","","","","","0.000","5","7","","0","0","0","0.000","0","0","0","0","0","0","","","","","","1.080","Wed, 17 Jun 2026 19:09:45 GMT","","","","","1.1","","","","","","https://www.endeavorfg.com/sites/endeavorfg0425.us1.advisor.ws/files/styles/max_325x325/public/images/6-best-financial-advisors-for-retirees-in-2026-349374.png.webp?itok=Doczwuli","2026-06-19 18:37:14"
"https://www.endeavorfg.com/sites/endeavorfg0425.us1.advisor.ws/files/styles/max_325x325/public/images/bias.jpeg.webp?itok=Qqxe-ybw","image/webp","200","OK","Indexable","","","0","0","","0","0","","0","","0","","0","","0","","0","","","","","","","","","","10284","10284","10284","1.524","","0","","","","","0.000","5","7","","0","0","0","0.000","0","0","0","0","0","0","","","","","","1.076","Thu, 18 Jun 2026 01:17:38 GMT","","","","","1.1","","","","","","https://www.endeavorfg.com/sites/endeavorfg0425.us1.advisor.ws/files/styles/max_325x325/public/images/bias.jpeg.webp?itok=Qqxe-ybw","2026-06-19 18:37:16"
"https://www.endeavorfg.com/sites/endeavorfg0425.us1.advisor.ws/files/styles/max_325x325/public/images/jeshoots-com-mSESwdMZr-A-unsplash%20(6).jpg.webp?itok=NZeVmew3","image/webp","200","OK","Indexable","","","0","0","","0","0","","0","","0","","0","","0","","0","","","","","","","","","","9692","9692","9692","1.436","","0","","","","","0.000","5","7","","0","0","0","0.000","0","0","0","0","0","0","","","","","","1.070","Wed, 17 Jun 2026 09:02:06 GMT","","","","","1.1","","","","","","https://www.endeavorfg.com/sites/endeavorfg0425.us1.advisor.ws/files/styles/max_325x325/public/images/jeshoots-com-mSESwdMZr-A-unsplash%20%286%29.jpg.webp?itok=NZeVmew3","2026-06-19 18:37:16"
"https://www.endeavorfg.com/sites/endeavorfg0425.us1.advisor.ws/files/styles/max_325x325/public/images/financial-advisor-estate-planning-a-complete-guide-451581.png.webp?itok=4uzXSOt9","image/webp","200","OK","Indexable","","","0","0","","0","0","","0","","0","","0","","0","","0","","","","","","","","","","10392","10392","10392","1.540","","0","","","","","0.000","5","7","","0","0","0","0.000","0","0","0","0","0","0","","","","","","1.081","Thu, 18 Jun 2026 01:27:00 GMT","","","","","1.1","","","","","","https://www.endeavorfg.com/sites/endeavorfg0425.us1.advisor.ws/files/styles/max_325x325/public/images/financial-advisor-estate-planning-a-complete-guide-451581.png.webp?itok=4uzXSOt9","2026-06-19 18:37:17"
"https://www.endeavorfg.com/sites/endeavorfg0425.us1.advisor.ws/files/styles/max_325x325/public/images/the-essential-guide-to-small-business-succession-planning-925170.png.webp?itok=YDJJ3_Nc","image/webp","200","OK","Indexable","","","0","0","","0","0","","0","","0","","0","","0","","0","","","","","","","","","","8288","8288","8288","1.228","","0","","","","","0.000","5","7","","0","0","0","0.000","0","0","0","0","0","0","","","","","","1.076","Wed, 17 Jun 2026 19:06:13 GMT","","","","","1.1","","","","","","https://www.endeavorfg.com/sites/endeavorfg0425.us1.advisor.ws/files/styles/max_325x325/public/images/the-essential-guide-to-small-business-succession-planning-925170.png.webp?itok=YDJJ3_Nc","2026-06-19 18:37:17"
"https://www.endeavorfg.com/sites/endeavorfg0425.us1.advisor.ws/files/styles/max_325x325/public/images/Blog_Longevity_in_Retirement.jpg.webp?itok=MhFCwwgH","image/webp","200","OK","Indexable","","","0","0","","0","0","","0","","0","","0","","0","","0","","","","","","","","","","5356","5356","5356","0.794","","0","","","","","0.000","5","7","","0","0","0","0.000","0","0","0","0","0","0","","","","","","1.100","Tue, 16 Jun 2026 19:54:45 GMT","","","","","1.1","","","","","","https://www.endeavorfg.com/sites/endeavorfg0425.us1.advisor.ws/files/styles/max_325x325/public/images/Blog_Longevity_in_Retirement.jpg.webp?itok=MhFCwwgH","2026-06-19 18:37:18"
"https://www.endeavorfg.com/sites/endeavorfg0425.us1.advisor.ws/files/styles/max_325x325/public/images/towfiqu-barbhuiya-0ITvgXAU5Oo-unsplash%20(1).jpg.webp?itok=thx2kyaA","image/webp","200","OK","Indexable","","","0","0","","0","0","","0","","0","","0","","0","","0","","","","","","","","","","5626","5626","5626","0.834","","0","","","","","0.000","5","7","","0","0","0","0.000","0","0","0","0","0","0","","","","","","1.075","Wed, 17 Jun 2026 17:56:21 GMT","","","","","1.1","","","","","","https://www.endeavorfg.com/sites/endeavorfg0425.us1.advisor.ws/files/styles/max_325x325/public/images/towfiqu-barbhuiya-0ITvgXAU5Oo-unsplash%20%281%29.jpg.webp?itok=thx2kyaA","2026-06-19 18:37:21"
"https://www.endeavorfg.com/sites/endeavorfg0425.us1.advisor.ws/files/styles/max_325x325/public/images/Blog_Bias_AW.jpg.webp?itok=PyZ2sz_q","image/webp","200","OK","Indexable","","","0","0","","0","0","","0","","0","","0","","0","","0","","","","","","","","","","5656","5656","5656","0.838","","0","","","","","0.000","5","7","","0","0","0","0.000","0","0","0","0","0","0","","","","","","0.365","Thu, 18 Jun 2026 07:57:44 GMT","","","","","1.1","","","","","","https://www.endeavorfg.com/sites/endeavorfg0425.us1.advisor.ws/files/styles/max_325x325/public/images/Blog_Bias_AW.jpg.webp?itok=PyZ2sz_q","2026-06-19 18:37:22"
"https://www.endeavorfg.com/sites/endeavorfg0425.us1.advisor.ws/files/styles/max_325x325/public/images/sailboat-sailing-on-lake-with-cloudy-weather-above.jpg.webp?itok=T3T96rtw","image/webp","200","OK","Indexable","","","0","0","","0","0","","0","","0","","0","","0","","0","","","","","","","","","","7908","7908","7908","1.172","","0","","","","","0.000","5","7","","0","0","0","0.000","0","0","0","0","0","0","","","","","","1.101","Wed, 17 Jun 2026 18:28:42 GMT","","","","","1.1","","","","","","https://www.endeavorfg.com/sites/endeavorfg0425.us1.advisor.ws/files/styles/max_325x325/public/images/sailboat-sailing-on-lake-with-cloudy-weather-above.jpg.webp?itok=T3T96rtw","2026-06-19 18:37:22"
"https://www.endeavorfg.com/sites/endeavorfg0425.us1.advisor.ws/files/styles/max_325x325/public/images/how-much-does-a-financial-advisor-cost-per-year-a-guide-357534.png.webp?itok=luDMQsgx","image/webp","200","OK","Indexable","","","0","0","","0","0","","0","","0","","0","","0","","0","","","","","","","","","","9222","9222","9222","1.367","","0","","","","","0.000","5","7","","0","0","0","0.000","0","0","0","0","0","0","","","","","","1.091","Wed, 17 Jun 2026 10:30:13 GMT","","","","","1.1","","","","","","https://www.endeavorfg.com/sites/endeavorfg0425.us1.advisor.ws/files/styles/max_325x325/public/images/how-much-does-a-financial-advisor-cost-per-year-a-guide-357534.png.webp?itok=luDMQsgx","2026-06-19 18:37:22"
"https://www.endeavorfg.com/sites/endeavorfg0425.us1.advisor.ws/files/styles/max_325x325/public/images/Blog_Debunk_Myths.jpg.webp?itok=pfp62j5B","image/webp","200","OK","Indexable","","","0","0","","0","0","","0","","0","","0","","0","","0","","","","","","","","","","3400","3400","3400","0.504","","0","","","","","0.000","5","7","","0","0","0","0.000","0","0","0","0","0","0","","","","","","0.110","Tue, 16 Jun 2026 01:14:28 GMT","","","","","1.1","","","","","","https://www.endeavorfg.com/sites/endeavorfg0425.us1.advisor.ws/files/styles/max_325x325/public/images/Blog_Debunk_Myths.jpg.webp?itok=pfp62j5B","2026-06-19 18:37:24"
"https://www.endeavorfg.com/sites/endeavorfg0425.us1.advisor.ws/files/styles/max_325x325/public/images/Blog_Multigen_WealthVIN.jpg.webp?itok=U80BXWRB","image/webp","200","OK","Indexable","","","0","0","","0","0","","0","","0","","0","","0","","0","","","","","","","","","","15256","15256","15256","2.261","","0","","","","","0.000","5","7","","0","0","0","0.000","0","0","0","0","0","0","","","","","","0.096","Tue, 16 Jun 2026 01:14:00 GMT","","","","","1.1","","","","","","https://www.endeavorfg.com/sites/endeavorfg0425.us1.advisor.ws/files/styles/max_325x325/public/images/Blog_Multigen_WealthVIN.jpg.webp?itok=U80BXWRB","2026-06-19 18:37:24"
"https://www.endeavorfg.com/sites/endeavorfg0425.us1.advisor.ws/files/styles/max_325x325/public/images/7-proven-investment-strategies-for-retirees-516946.png.webp?itok=PCIxHkVm","image/webp","200","OK","Indexable","","","0","0","","0","0","","0","","0","","0","","0","","0","","","","","","","","","","7978","7978","7978","1.182","","0","","","","","0.000","5","7","","0","0","0","0.000","0","0","0","0","0","0","","","","","","0.092","Tue, 16 Jun 2026 01:13:57 GMT","","","","","1.1","","","","","","https://www.endeavorfg.com/sites/endeavorfg0425.us1.advisor.ws/files/styles/max_325x325/public/images/7-proven-investment-strategies-for-retirees-516946.png.webp?itok=PCIxHkVm","2026-06-19 18:37:24"
"https://www.endeavorfg.com/sites/endeavorfg0425.us1.advisor.ws/files/styles/max_325x325/public/images/personal-financial-plan-example-pdf-a-simple-guide-349941.png.webp?itok=VgSFq0pn","image/webp","200","OK","Indexable","","","0","0","","0","0","","0","","0","","0","","0","","0","","","","","","","","","","8134","8134","8134","1.205","","0","","","","","0.000","5","7","","0","0","0","0.000","0","0","0","0","0","0","","","","","","0.103","Tue, 16 Jun 2026 01:13:58 GMT","","","","","1.1","","","","","","https://www.endeavorfg.com/sites/endeavorfg0425.us1.advisor.ws/files/styles/max_325x325/public/images/personal-financial-plan-example-pdf-a-simple-guide-349941.png.webp?itok=VgSFq0pn","2026-06-19 18:37:24"
"https://www.endeavorfg.com/sites/endeavorfg0425.us1.advisor.ws/files/styles/max_325x325/public/images/how_to_choose_the_best_financial_advisors_for_retirement.png.webp?itok=IoNAwVee","image/webp","200","OK","Indexable","","","0","0","","0","0","","0","","0","","0","","0","","0","","","","","","","","","","16172","16172","16172","2.397","","0","","","","","0.000","5","7","","0","0","0","0.000","0","0","0","0","0","0","","","","","","1.294","Thu, 18 Jun 2026 00:59:41 GMT","","","","","1.1","","","","","","https://www.endeavorfg.com/sites/endeavorfg0425.us1.advisor.ws/files/styles/max_325x325/public/images/how_to_choose_the_best_financial_advisors_for_retirement.png.webp?itok=IoNAwVee","2026-06-19 18:37:24"
